ye	2047
ba	934
bandir	671
Eye	617
wã	602
a	588
Tɛgashi	523
gahirã	490
awi	477
uYɛsu	402
bawi	397
Ye	393
Uyɛsu	393
ahuwã	382
abur	352
bandira	317
bahubɔ	301
wusũ	289
gatuwã	288
te	280
ubin	277
gaha	258
tɛ	252
undir	246
yɛwe	240
ginuwã	232
baha	227
atuwã	224
gici	214
tɔgɔ	211
wu	209
Abur	203
ebin	198
bɔ	198
ga	190
iwã	184
unyĩ	178
yɛ	171
mba	171
Awi	163
banjiba	158
batuwã	157
huwã	156
wutusu	149
kɔ	148
gakpay	142
undira	140
babĩ	140
agũ	136
dɔ	135
gadidu	134
ɔsɔbɔ	132
ijɛji	127
hibe	122
gawi	122
anjiba	122
iwi	121
baba	120
eye	117
bajĩ	113
bagũ	113
ahu	113
gĩ	111
aba	111
Wutusu	111
mi	107
ajĩyã	105
igbam	102
geshiye	102
ajĩ	102
Bandir	102
ko	98
bi	98
aha	98
bajĩbɔ	96
kini	95
Ushi	94
gakuci	93
gahuwã	92
bahuwã	92
gaya	88
tuwã	86
gaba	85
ɛnyĩ	80
sɛ	80
Tɛgahayi	80
uwi	79
uBunus	78
nu	78
bakpay	78
wubɔ	76
miwi	76
ahubɔ	76
shi	75
garishe	75
Tɛ	75
Te	75
ɛrɛ	74
wuzɛ	74
wiya	74
ima	74
gigbadara	74
gasira	74
Urusenima	74
itɔmi	73
banyĩ	73
bahu	73
ani	73
baya	72
ubingaya	71
ganyũ	71
baYahudawa	71
tɔg	70
dɔbɔ	70
huwa	69
basɔbɔ	68
ay	68
barakpũ	67
ahura	67
ɔbɔ	66
ni	66
imang	66
ihuwã	66
igba	66
bami	65
iwa	64
Ba	64
awiya	63
wuhubɔ	62
iku	62
hubɔ	61
gagũwã	61
babĩyã	61
asa	61
ucɛ	60
gazĩ	60
kub	59
gahu	59
yewã	58
geshi	58
ganasara	58
gahĩrã	58
hide	57
har	57
gɔrɔgɔ	57
Undir	57
wusɛb	56
gawaga	55
usũ	54
unyi	54
giciya	54
imɛy	53
wusɛbɛ	52
iniye	52
bakũ	52
ai	52
gira	51
gasami	51
gahubɔ	51
beri	51
ahuwa	51
gimgbɔg	50
gaziya	50
gatugo	50
gara	50
aya	50
Tɔ	50
Ahuwã	50
yebɔ	49
gɔdɔngɔ̃	49
eri	49
awiyasɛ	49
ata	49
agba	49
uhu	48
akpay	48
Unyĩ	48
Animasihu	48
uBiturus	47
sai	47
gɔhɔngɔ̃	47
gini	47
mar	46
iharĩ	46
gakpu	46
aniyã	46
ikurɔku	45
huma	45
gaguwã	45
arakpũ	45
Gahirã	45
ma	44
yɛwã	43
uYɔhɔnna	43
ruhirã	43
Bandira	43
ɛjɛn	42
yayu	42
wuhuwã	42
rɔgɔ	42
gahuwa	42
Miwi	42
ɔfɔ	41
wudam	41
ibɔ	41
ebineni	41
bagbadara	41
Wã	41
Uyɔhɔna	41
sami	40
giwi	40
gahukɔ	40
bazi	40
bawiya	40
bakpirigũ	40
badibadabɔ	40
akũ	40
ahawiya	40
Umusa	40
Hibe	40
ɔsɔ	39
wi	39
iwur	39
gatuwãbi	39
bini	39
ahũwã	39
ikpũ	38
ihiyɔ	38
hɛ	38
bɔsɔbɔ	38
anasara	38
ishi	37
eshi	37
cekere	37
bahibe	37
ahuma	37
Undira	37
ɔhɔngɔ̃	36
uMusa	36
gawiya	36
gata	36
batu	36
asug	36
he	35
Dɔ	35
yini	34
unɔm	34
unom	34
ugirã	34
uShi	34
uBituru	34
atũwã	34
anibarka	34
ahirã	34
Bawi	34
wuta	33
u	33
iti	33
gicicini	33
Ubituru	33
Isuhu	33
yiye	32
kɔsũ	32
gba	32
garashiya	32
bata	32
arashiya	32
Awiyasɛ	32
Ai	32
yɔ	31
wãnini	31
wunɔm	31
wa	31
utɛ	31
tɔ	31
sahã	31
gakũwã	31
gajĩyã	31
fa	31
bagba	31
azã	31
ahibe	31
Iwã	31
ɛjɛ̃	30
unyĩyã	30
banesɛ	30
bahura	30
atuwãbɔ	30
asir	30
Iku	30
wuhube	29
sɔbɔ	29
mɛtɛ	29
kpay	29
isɔbɔ	29
gihuwã	29
gi	29
gajĩrã	29
basir	29
bafiris	29
ɔtu	28
wushi	28
inyĩ	28
ihu	28
gawayu	28
gahuma	28
enesɛ	28
bari	28
zã	27
undirawũ	27
uhuwã	27
uTɛgashi	27
inom	27
ihuwa	27
ihubɔ	27
giniyã	27
gazĩyã	27
gamɛy	27
gaham	27
bɔfɔ	27
ahini	27
Iwa	27
uya	26
tu	26
idɔ	26
gɔhɔngɔ	26
gayiye	26
ganyʊ	26
gahawa	26
ahawi	26
adam	26
yi	25
wuhukɔ	25
ushi	25
undirani	25
uHiridus	25
gũ	25
gikpirigũ	25
bɔrɔbɔ	25
bɔkpɔ	25
bazã	25
atu	25
Tɛgaha	25
Im	25
uYakubu	24
tuwãbɔ	24
ruha	24
gasɔgɔ	24
gadɔngɔ̃	24
babiyã	24
anebi	24
ana	24
ahiyɔ	24
Umariya	24
wusɔbɔ	23
wuhu	23
ubina	23
sir	23
kɔnu	23
gashiya	23
gapura	23
ganjiba	23
dɔyɔ	23
bakũwã	23
anabawa	23
yemi	22
wãwi	22
wuhuwa	22
watɔ	22
urɛm	22
uYɔhɔna	22
iyɛ	22
gbica	22
bɔnu	22
basami	22
barashiya	22
ara	22
agansɛ	22
acicɛb	22
Yayi	22
Banjiba	22
wuyigbi	21
uGanini	21
uDawuda	21
ndira	21
izɔgɔ	21
irishiya	21
iniyewe	21
gatuwãbɔ	21
gasug	21
gafɔ	21
didayɔ	21
dardar	21
bahawi	21
Wãnini	21
A	21
utuwã	20
usɔbɔ	20
ucɔbɔ	20
uba	20
shin	20
sabur	20
mete	20
ita	20
iribiye	20
injɔ	20
hisa	20
hini	20
gajiba	20
bayiyesɛ	20
bacɛ	20
asami	20
arag	20
Gici	20
Bayahudawa	20
Anjiba	20
zi	19
wusũwã	19
wucin	19
ri	19
jĩ	19
imi	19
gatũwã	19
gahini	19
gahibe	19
bara	19
banyi	19
bahuwa	19
bahisa	19
bahazã	19
ashiya	19
Yɛ	19
Uhiridus	19
Inyĩ	19
Imɛy	19
Baha	19
Arakpũ	19
ɔbɔbɔ	18
ya	18
ujĩ	18
ujirji	18
ugbag	18
tɔba	18
o	18
mijiba	18
iɛrɛ	18
hirã	18
gihɛshi	18
gatazug	18
ganangã	18
gahangã	18
didabɔ	18
dai	18
bɛ	18
basa	18
barɔbɔ	18
baka	18
bahide	18
bahara	18
azi	18
Ubinatus	18
Ima	18
Bahubɔ	18
wurubĩyã	17
wudɔ	17
uduwo	17
uShawulu	17
ruza	17
mihi	17
kɔwũ	17
ishɛ	17
imo	17
i	17
guwi	17
gigũ	17
gazã	17
gasã	17
gahisa	17
gagba	17
bazisɛ	17
bacibɔ	17
baci	17
anibɔ	17
ahisa	17
aga	17
Ubin	17
Iniye	17
Ibirahi	17
Ga	17
Awishitu	17
Aha	17
ɛsɛb	16
yɔnu	16
yuwa	16
wusakpura	16
wure	16
wunom	16
wukpiri	16
wudimi	16
ukpay	16
ujiba	16
uYahuda	16
uFilibu	16
sɛi	16
shiya	16
kũ	16
kunu	16
ikpan	16
ihi	16
ihar	16
igbadara	16
hɔngɔ	16
hube	16
gatugɔ	16
ecĩ	16
baziya	16
banu	16
awini	16
atuwãwã	16
asã	16
arakpũwã	16
Uzakariya	16
Udawuda	16
Gatuwã	16
Banesɛ	16
ɛjɛng	15
ɔdɔngyɔ	15
ɔbɔgɔ	15
wutusuwo	15
wuhibe	15
uMasar	15
uBinatus	15
taba	15
ruhim	15
hiya	15
giwur	15
ging	15
gijĩ	15
gihubɔ	15
giciwu	15
giba	15
gagbishe	15
gafa	15
bɔrɔ	15
bɔcɔbɔ	15
ayaga	15
akpuwa	15
ahuga	15
ahica	15
Uya	15
Usɔ	15
Mɛtɛ	15
Iniya	15
Ibrahim	15
Anebi	15
ɛshiye	14
wãsɔ	14
wuyi	14
wubɔwɔ	14
utɔgɔ	14
ucɛwɛ	14
ucin	14
uSina	14
sɔgɔ	14
iribi	14
iri	14
inomo	14
gari	14
ganyũwã	14
fɔ	14
ebine	14
betɛ	14
batuwãwã	14
bakpugba	14
bagirã	14
bacibi	14
aziya	14
arasũ	14
anasɛ	14
amaya	14
akpai	14
Wutusuwo	14
Wusũ	14
Uyahuda	14
Uganini	14
Batuwã	14
Banyĩ	14
Bakpay	14
Anibarka	14
Ahawiya	14
Agba	14
ɛbishe	13
yɛmi	13
umoduro	13
uhubɔ	13
uhiya	13
uMariyamu	13
samiyã	13
rereni	13
minjiba	13
kpai	13
kinini	13
iwura	13
ina	13
ikpã	13
ijeji	13
ihuma	13
icɛ	13
hica	13
gɔtugo	13
gɛrisɛ	13
gihuwa	13
geri	13
gatip	13
ganyĩyã	13
gahũwã	13
gahim	13
gagban	13
gacĩye	13
biye	13
batũ	13
basica	13
bakpĩbɔ	13
bahuma	13
badabɔ	13
bacuga	13
baManzani	13
baFarisiyawa	13
azibɔ	13
akũwã	13
ahide	13
Unom	13
Kɔ	13
Iwi	13
Ihu	13
Gawi	13
Gaha	13
Atuwã	13
Afisa	13
ɔdɔngsɛ	12
Ɛbiye	12
yɛwa	12
yiri	12
yigbi	12
wukpan	12
wugirga	12
wuba	12
usɔ	12
uSiman	12
tuwãwã	12
tara	12
sisɛb	12
shĩ	12
rang	12
mɛi	12
inyi	12
imɛi	12
im	12
ijɔ	12
ihãrĩ	12
iha	12
hũwã	12
hɛshi	12
gu	12
gitu	12
gijĩda	12
gihang	12
gididu	12
gerishe	12
gazi	12
gavur	12
gatu	12
gatibe	12
gatazu	12
gahukpa	12
gahari	12
gagũ	12
gaduro	12
gadaga	12
becin	12
bazaga	12
basã	12
baji	12
bahuga	12
bahini	12
baharĩ	12
bahamti	12
baham	12
badĩ	12
bacĩbɔ	12
atar	12
Waci	12
Usũ	12
Usiman	12
Shi	12
Project	12
Mba	12
Iti	12
Ikpũ	12
I	12
Hide	12
Batu	12
Bajĩ	12
Bagũ	12
Anisebetu	12
Ɔsɔbɔ	11
yayi	11
wũ	11
wuhɛ	11
ushĩ	11
unyiyã	11
uhuwa	11
ugodo	11
tũwã	11
rishe	11
mbawa	11
kɔrsũ	11
isɛb	11
irisũ	11
ikũ	11
guhu	11
gizɔgɔ	11
gishɛ	11
gihɔy	11
gaziyawa	11
gamara	11
gagbica	11
gadɔ	11
gada	11
eyiyesɛ	11
ebishewe	11
cɛ̃	11
cuga	11
bɔsɔ	11
becɛ	11
batɛtɛ	11
bajĩfɔ	11
bahirã	11
badur	11
azisɛ	11
ahazã	11
abawa	11
Wunɔm	11
Wunom	11
Unesɛ	11
Undirani	11
Ko	11
Ikurɔku	11
Gicicini	11
Bafarisiyawa	11
Awiya	11
Asiya	11
Ɔdɔngsɛ	10
ɛ	10
wɛ̃	10
wãwũ	10
wutu	10
wuhude	10
wufug	10
ushin	10
uTimoti	10
tugo	10
shĩye	10
kɔrusũ	10
jiba	10
ivar	10
itar	10
isir	10
iniyẽ	10
ijĩ	10
ihibɔ	10
igbayɔ	10
ibawa	10
iba	10
gɔkuci	10
giwura	10
gikinini	10
gati	10
gatasa	10
gasɔbɔ	10
gaman	10
gakũ	10
gahura	10
gacuga	10
ecici	10
dari	10
bebishe	10
batangsɛ	10
bahɛrsɛ	10
bagansɛ	10
ayi	10
aniyɔ	10
akpinyã	10
akpa	10
Utɛ	10
Ugirã	10
Ganasara	10
Bɔromawa	10
Ajĩ	10
Ɛnyĩ	9
ɔfɔwɔ	9
zibɔ	9
wuzibba	9
wuram	9
urɛmɛ	9
unjiba	9
ujĩwa	9
ufɛk	9
uburodi	9
ubineni	9
ubine	9
ubinasɔbɔ	9
uHananiyã	9
rutiye	9
runyũ	9
mituwã	9
maya	9
mana	9
kpuwa	9
iyɔ	9
ituwã	9
isang	9
irikpũ	9
ikpana	9
igũ	9
ifɔyɔ	9
ididu	9
hukpa	9
hani	9
gɛjɛbɛ	9
gɛ	9
gizɛ	9
gituwã	9
ginom	9
gecĩyẽ	9
gaziyabi	9
gasari	9
gakpugba	9
gajĩ	9
gahɛrɛsɛ	9
gahisawa	9
gahica	9
gadɔgɔ̃	9
eyiye	9
beyiye	9
beshi	9
beji	9
bebishewe	9
bazibɔ	9
bangmi	9
bahisawa	9
bagũsɛ	9
bafa	9
bababɔ	9
baSirana	9
azaga	9
aniba	9
ahicha	9
ahaya	9
adaga	9
Unawi	9
Mi	9
Imma	9
Ijɛji	9
Ginuwã	9
Bazi	9
Basɔbɔ	9
Bahuwã	9
Ashe	9
Anasara	9
Ahawi	9
ɔrɔbɔ	8
ɛjɛyi	8
yɛhibe	8
yɛbɔ	8
yĩ	8
yewe	8
wẽ	8
wusuwã	8
we	8
ukũ	8
uhɛg	8
uYoffa	8
uKaisariya	8
titur	8
shiye	8
nɛsɛ	8
njiba	8
ndir	8
migũ	8
miba	8
mag	8
kũwã	8
kpuribɔ	8
kowũ	8
jĩyã	8
iya	8
isu	8
indag	8
imanga	8
ihura	8
ihibe	8
igbɛm	8
igbisayɔ	8
ibakɔ	8
gɔsɔgɔ	8
gɔsɔ	8
gɛshi	8
guba	8
giya	8
gita	8
gingmɔg	8
gihuma	8
geyigbi	8
gaziyabɔ	8
gatangã	8
gasɔgbi	8
gasuwo	8
gasa	8
ganyĩbɔ	8
gangyʊ	8
gajirã	8
gajini	8
gaca	8
erishe	8
dui	8
dar	8
botu	8
bishe	8
batar	8
bashi	8
basamisɛ	8
bapura	8
bamar	8
bakũbɔ	8
bahinisɛ	8
bahari	8
bagbica	8
bafɔbɔ	8
badidɔg	8
anikɔ	8
ama	8
akpĩyã	8
agũsɛ	8
ada	8
Uyakubu	8
Unɔm	8
Ukaisar	8
Istifanus	8
Isirena	8
Igbɛm	8
Idɔ	8
Gavur	8
Gakpu	8
Gaba	8
Dɔbɔ	8
Bafarisawa	8
Atɛ	8
Antakiya	8
Ahu	8
ɔsu	7
Ɛrɛ	7
ɛjɛi	7
yiyesɛ	7
wuzir	7
wuziba	7
wutuwã	7
wutasu	7
wusũbɔ	7
wurubiyã	7
wuhũwã	7
wuhuma	7
wufu	7
uzizag	7
uzimi	7
usaga	7
ujĩjina	7
ufɛg	7
ubinhuwã	7
uYohana	7
uTɛ	7
uSamariya	7
uKoneliyus	7
uBunu	7
tɛgaha	7
tũ	7
sɔmi	7
sũ	7
su	7
shitu	7
ruzĩ	7
ruru	7
ruka	7
ruhubɔ	7
ricɛ	7
ngmi	7
miri	7
mbatu	7
kãrã	7
kuci	7
kpuwawa	7
jĩrã	7
iwuru	7
iwurbɔ	7
itɔmiyã	7
isab	7
ikũbɔ	7
ijĩyãbɔ	7
ijɛb	7
idudu	7
hiyɔ	7
ha	7
gɔvur	7
gɔgur	7
gɛbiye	7
guwã	7
gisɛ	7
giri	7
ginuwa	7
gikũ	7
gihisɔ	7
gihibe	7
gihi	7
gidɔ	7
gaziyasɛ	7
gayuwo	7
gatib	7
ganyiyã	7
gakuciwu	7
gakpuwa	7
gakpan	7
gahinisɛ	7
gahide	7
gahara	7
gagana	7
da	7
cin	7
bɔkumi	7
bɛcɛ	7
beyiyesɛ	7
benesɛ	7
bazɔgɔ	7
bazibi	7
bayiye	7
bayaga	7
bawag	7
bashiya	7
barawi	7
baraha	7
bamiyã	7
bakpĩba	7
bakpan	7
bagũwã	7
babin	7
baMasar	7
azumi	7
aysɛ	7
atũ	7
ashi	7
asasɛ	7
ari	7
anzabun	7
ahũ	7
ahiyã	7
acuga	7
Uri	7
Unyĩyã	7
Unazarɛ	7
Umata	7
Ucɛ	7
Tɛgahawa	7
O	7
Nesɛ	7
Minjiba	7
Mihi	7
Istifanu	7
Ibɔ	7
Har	7
Gɔvur	7
Gikpirigũ	7
Gasa	7
Ebin	7
Becɛ	7
Baya	7
Bahura	7
Bahu	7
Awishi	7
Asug	7
Artemis	7
ɔvur	6
ɔtũ	6
ɛsɛm	6
ɔsɔgbi	6
ɛjɛ̃nɛ	6
ɔhɔgɔ̃	6
ɔdur	6
ɛcĩye	6
Íkpṹ	6
ziya	6
yebi	6
wuzib	6
wushĩ	6
wurushiya	6
wuru	6
wunyĩ	6
wukpã	6
wugũ	6
wugbɔg	6
wubɔgɔ	6
watar	6
wanyĩ	6
wanyi	6
usadaka	6
usa	6
urɛi	6
urushiya	6
uri	6
uma	6
ukɔb	6
ukpura	6
ujirjiye	6
uhuma	6
uhirã	6
uhi	6
udu	6
uYesu	6
uMatiyu	6
uKaisar	6
uFestus	6
tɔrã	6
tɛgahawa	6
sɔ	6
ruti	6
ruhĩrã	6
rucikpi	6
oyuo	6
nɔm	6
ngmgbɔg	6
nga	6
nesɛ	6
mikũ	6
kuhiya	6
kpugba	6
korusũkpũ	6
kaya	6
kakini	6
ishirã	6
irɛmbɔ	6
inɔm	6
inak	6
inag	6
imma	6
imangã	6
ihũwã	6
ihuga	6
ihari	6
hicha	6
hari	6
gɛyigbi	6
gɛrɛ	6
gɛjɛnbɔ	6
gɛhɛrɛ	6
gutuwã	6
guhubɔ	6
giyɛ	6
giti	6
gisami	6
gikpũ	6
gicimi	6
geyiye	6
geshiyewu	6
gayũ	6
gatuwãwã	6
garasũ	6
gamana	6
gakuwã	6
gakpĩyã	6
gakpũwã	6
gajĩyãwã	6
gajɛbɛ	6
gahũ	6
gadusa	6
gadira	6
f	6
erebi	6
ebishebɔ	6
dɔbi	6
bɔfɔri	6
bɔdɔngsɛ	6
beyigbi	6
berisɛ	6
batusɛ	6
batang	6
bana	6
bakuciye	6
bakpuribɔ	6
bahiniyã	6
bahang	6
bafiristoci	6
badasɛ	6
babini	6
baYahudiya	6
azimi	6
awishitu	6
awishi	6
arawi	6
arasa	6
amar	6
akũbɔ	6
akada	6
agan	6
Yɛwe	6
Uyahuwã	6
Usimeyõ	6
Unyi	6
Unjiba	6
Ukpay	6
Uba	6
Sahã	6
Ri	6
Miyiyesɛ	6
Mete	6
Ishaya	6
Ishaku	6
Irishiya	6
Inyi	6
Immawi	6
Ihi	6
Gaziya	6
Gahĩrã	6
Gahu	6
Gabishe	6
Benesɛ	6
Bayiyesɛ	6
Barakpũ	6
Bakũwã	6
Bakũ	6
Ay	6
Anabawa	6
Akpay	6
Ahũwã	6
Adam	6
ɛtɛ	5
ɔtusɛ	5
ɛrɛcɛ	5
ɛre	5
ɛmbɛɛ	5
ɔkuci	5
ɛjɛnbɔ	5
ɛjɛnbi	5
ɛcin	5
ɔbɔmi	5
ívɛ́	5
yewu	5
wuyiya	5
wuyabir	5
wutusuwɔ	5
wusami	5
wukpuri	5
wugbã	5
watuwã	5
uyiyesɛ	5
utu	5
urɔbɔbin	5
urubiye	5
upam	5
unyin	5
umastad	5
uhura	5
uhini	5
ugba	5
ufɔ	5
udɔrĩ	5
ucɛni	5
ubinhubɔ	5
ubinahũwã	5
ubinahuwa	5
ubanza	5
uShawunu	5
uDishmaku	5
uBetenehem	5
tɔr	5
tusu	5
tay	5
takɔ	5
oo	5
ngu	5
mita	5
mijĩ	5
kɔricɛ	5
kpĩyã	5
kpanaciya	5
kingĩ	5
izabi	5
iyawa	5
iridɔ	5
injiba	5
inabi	5
imag	5
ikɔm	5
ikɔi	5
ijɛjiye	5
ihide	5
iharin	5
igirã	5
igbisa	5
igab	5
ibayɔ	5
hĩrã	5
hẽ	5
hisawa	5
hima	5
hi	5
hanga	5
gũwã	5
gɛmɛy	5
gɛjɛnɛ	5
gɔfɔ	5
gɔdɔ	5
ginjiba	5
gin	5
gijiba	5
gihani	5
giham	5
geshiyewe	5
gbisa	5
gaziyã	5
gaziyami	5
gawiyasɛ	5
gatusa	5
gasɔgbisɛ	5
gashiyawa	5
gashi	5
garabi	5
gani	5
ganegɛsɛ	5
gamɛi	5
gakuciye	5
gakpuwawa	5
gajĩkɔ	5
gahãngã	5
gahiyã	5
gahiye	5
gahira	5
gahazã	5
gahami	5
gagbɛrɛ	5
gagasa	5
gadɔngsɛ	5
gacisa	5
gacikpi	5
eyigbi	5
eshiwu	5
erebiye	5
enyi	5
enedi	5
ejini	5
ecĩyẽ	5
dur	5
dira	5
dabam	5
cĩ	5
ciye	5
cicini	5
bɛnɛhɛ	5
bɛhɛb	5
bɔdɔng	5
bokuciye	5
berishe	5
bedɛy	5
becĩbɔ	5
becĩ	5
bayuwo	5
bawiyasɛ	5
bawini	5
bawayu	5
bawagbɔ	5
bawaga	5
bawa	5
batĩyã	5
basicha	5
basabɔ	5
barãsɛ	5
banjĩba	5
bakpayyɔ	5
bajĩrã	5
bajibɔ	5
bahũ	5
bahiyabɔ	5
bahiya	5
bahawiya	5
bafɔ	5
babusa	5
babi	5
awag	5
arashi	5
angmi	5
anawã	5
amawi	5
ahuyɔ	5
ahisabɔ	5
ahashiya	5
ahara	5
agbica	5
adamsɛ	5
adami	5
Wuta	5
Wu	5
Uzakka	5
Uyayirus	5
Uyakub	5
Utuwã	5
Unuka	5
Unazaru	5
Ufarisiyawa	5
U	5
Rereni	5
Ita	5
Isaya	5
Gu	5
Gijiba	5
Gi	5
Geshiye	5
Ganyũ	5
Bɔsɔ	5
Beri	5
Basirena	5
Basir	5
Bari	5
Bangmi	5
Atina	5
Akũ	5
Akina	5
Ajĩyã	5
Agan	5
ɔzɔr	4
ɔyuwo	4
ɔvuwo	4
ɔvuro	4
Ɔtu	4
ɔsɔyɔ	4
ɛnɛbɔ	4
ɛmɛi	4
ɛjɛnɛ	4
ɔdɔ̃ngyɔ	4
ɔbɔwɔ	4
Ɛbishe	4
íkpṹ	4
zizag	4
zawa	4
zabi	4
yɛwu	4
yɛma	4
yɛbi	4
yiyɛ	4
yeyɔ	4
yahudawa	4
wuya	4
wunyi	4
wujĩ	4
wugab	4
wubafɔ	4
wiyasɛ	4
uzi	4
uyahuwã	4
utɛhima	4
utenti	4
uta	4
usɔsɔgɔ	4
usu	4
urusũ	4
urukpũ	4
urudɔ	4
urubi	4
uru	4
unyĩyãni	4
unesɛ	4
undiranu	4
unabɔ	4
una	4
umbɛɛ	4
umamaci	4
ukɔmo	4
ujug	4
uhũwã	4
uhɛk	4
uhuwiya	4
uhube	4
uhiyawa	4
ugũ	4
ugirãni	4
ugbanu	4
udɔ	4
ucɛwũ	4
ucine	4
uburɔdi	4
uborodi	4
ubinahuwã	4
uYona	4
uYason	4
uSima	4
uKorinti	4
uKafarnahum	4
uFir	4
uBulu	4
uBiriya	4
uBiriskina	4
uBarabas	4
tuwãbi	4
sãhã	4
sira	4
sini	4
sani	4
samibɔ	4
saidai	4
rusũkpũ	4
rusɔbɔ	4
rusɔ	4
rusu	4
runyũbɔ	4
ruhuwã	4
ruhu	4
otu	4
nyĩ	4
nini	4
negɛsɛ	4
mɛte	4
miwiya	4
mihiwi	4
mbaya	4
maziyawu	4
kũhiya	4
kɔb	4
kuma	4
kum	4
kpuwabɔ	4
kpuru	4
kpura	4
kpa	4
kigĩ	4
kara	4
kami	4
izawa	4
ivɛ	4
ivuyɔ	4
isɛtar	4
ishɛtũ	4
ishɛtar	4
isa	4
irishi	4
inyɔ	4
inah	4
inaga	4
ijĩyãwã	4
iharĩyã	4
hiyawa	4
hinisɛ	4
hidɛ	4
hang	4
gɛyiyɛ	4
gɛyiye	4
gɔtugɔ	4
gɛsɛb	4
gɛshiye	4
gɛhɛrɛsɛ	4
gɛhim	4
gɔdɔngɔ	4
gɛcĩyɛ̃	4
gɛbishe	4
gãnini	4
guwini	4
gotugo	4
gizisɛ	4
ginyĩ	4
gimi	4
gikɔm	4
gijɔ	4
gijida	4
gihɛsɛ	4
gihɔi	4
gihu	4
gihibɔ	4
gihanga	4
gigũwã	4
gigbɔg	4
gifɔ	4
gicɛ	4
gehim	4
gegbishe	4
gebishe	4
gbicha	4
gbawa	4
gazira	4
gazige	4
gazibɔ	4
gazagazã	4
gayuo	4
gawagabi	4
gatũyõ	4
gatuyɔ̃	4
gatugowu	4
gasamisɛ	4
garebi	4
garabiye	4
ganyĩ	4
gananga	4
gajĩrãwã	4
gajine	4
gajaga	4
gahawiya	4
gahanga	4
gagbisɛ	4
gagbicha	4
gagbakɔ	4
gagari	4
gadɔ̃nggɔ̃	4
gadĩyã	4
gadami	4
gaciyẽ	4
gacin	4
fɔwɔ	4
eshibɔ	4
ereziye	4
dɔng	4
dɔkɔ	4
dumo	4
damsɛ	4
cicɛb	4
bɔzɔgɔ	4
bɔrɔdɔ	4
bɔrɔbi	4
bɛrɛ	4
bɔkuci	4
bɔfɔbɔ	4
bɔdur	4
bɔcɔbɔwɔ	4
bokuci	4
bin	4
bejini	4
bazihɛ	4
bayari	4
bayahudawa	4
bayabɔ	4
bawayuwa	4
batubi	4
batari	4
basɛmɛ	4
basɛm	4
basãsɛ	4
basira	4
basari	4
barɔ	4
barã	4
barasa	4
barakpũwã	4
bamɛy	4
bamaya	4
bakuwã	4
bahɛysɛ	4
bahɛy	4
bahica	4
bahani	4
bagũhẽ	4
bagaysɛ	4
bagasasɛ	4
baga	4
bafi	4
badɔrĩ	4
bachɔbɔ	4
baRoma	4
baMazani	4
baFiris	4
azurfa	4
azihɛ	4
azagazã	4
ayawa	4
atuwa	4
atubɔ	4
asu	4
asira	4
arak	4
araha	4
apam	4
anyʊba	4
aniwa	4
anikama	4
anedi	4
anabɔ	4
akaya	4
akama	4
ajiyã	4
ajirji	4
ahukpa	4
ahiya	4
ahinisɛ	4
ahicabɔ	4
ahashi	4
ahang	4
agu	4
agaysɛ	4
acisa	4
abũr	4
Wusɛb	4
Wushi	4
Wudam	4
Wubɔ	4
Wanyi	4
Uyɔna	4
Usir	4
Usidɔn	4
Unuhu	4
Umattatiya	4
Umattat	4
Umanki	4
Ukenan	4
Ukafanahum	4
Ujiba	4
Uhu	4
Ubiturus	4
UYɛsu	4
Tɛgahami	4
Tɔg	4
Sɛ	4
Obed	4
Nu	4
Mijiba	4
Kɔsũ	4
Iwur	4
Iskariyɔti	4
Isiyaku	4
Ishitu	4
Iniyas	4
Igba	4
Ginɔmɔnu	4
Gini	4
Gimgbɔg	4
Gigbadara	4
Gatuwãbɔ	4
Gasira	4
Gamara	4
Gagba	4
GAKUCI	4
Eniyakim	4
Bɔsɔbɔ	4
Bɛ	4
Bawini	4
Bara	4
Bajĩbɔ	4
Bahini	4
Bagbica	4
Bafiris	4
Bacuga	4
Baba	4
Atini	4
Ashiya	4
Aram	4
Akaya	4
Ahirã	4
Afonos	4
Aba	4
ɛzɛ	3
ɔyuwɔ	3
ɛyiye	3
ɔtũyɔ̃	3
ɔtũsɛ	3
Ɛtɛri	3
ɔtuyɔ̃	3
ɔtumi	3
ɔtugɔ	3
ɔtubɔ	3
ɔsɔgɔ	3
ɛsɛbɛ	3
Ɛsɛb	3
ɔkucibɔ	3
ɛkpiri	3
ɛjɛnu	3
ɛjɛnnu	3
ɛjɛh	3
ɛjin	3
ɛgbisɛ	3
Ɔfɔ	3
ɔdɔ̃ngsɛ	3
ɛdɛr	3
ɛciyẽ	3
ɛcinye	3
ɛbina	3
ƐRƐ	3
ítí	3
ãna	3
Ítí	3
ziyahɛ	3
zaga	3
yɛwɛ	3
yɛbɛ	3
yè	3
yã	3
yuo	3
yin	3
yeyi	3
yayini	3
yani	3
wɔ	3
wãtu	3
wãri	3
wãjĩyã	3
wãjĩ	3
wãba	3
wusu	3
wushiye	3
wushin	3
wushige	3
wusa	3
wurubĩ	3
wuni	3
wukãrã	3
wukpanu	3
wukpana	3
wujɛh	3
wuhɔm	3
wugban	3
wufɔ	3
wuduwo	3
wududu	3
wudu	3
wubɔwu	3
wuGanini	3
waga	3
uzã	3
uziya	3
uyisti	3
uwiya	3
uvuwo	3
utũwã	3
utɛhuwã	3
usã	3
usir	3
ushiri	3
usami	3
urɛme	3
urɔbɔ	3
uruzi	3
urucira	3
uremme	3
urei	3
unɛsɛ	3
unyĩmi	3
unyʊba	3
unyiyãni	3
unu	3
ungmi	3
umɛh	3
umɔduro	3
ukɔbɔ	3
ukub	3
uhɛgɛ	3
uhãrĩ	3
uhuga	3
uhang	3
ugɔb	3
ugun	3
ugirãwũ	3
ugbɛr	3
ugar	3
ucɔbɔwɔ	3
ucɔbɔmi	3
uchɔbɔ	3
ubɔrɔdi	3
ubaiko	3
uZabadi	3
uYɛsuwo	3
uYɔhonna	3
uYusufu	3
uYodan	3
uYahudiya	3
uTɛhuwã	3
uTaya	3
uSuriya	3
uSinas	3
uSidon	3
uRusenima	3
uMinetus	3
uManzo	3
uMakidɔniya	3
uMakidoniyã	3
uLidda	3
uHirudus	3
uHalfa	3
uGaniyo	3
uFilibus	3
uDimitiriyus	3
uDauda	3
uBitirus	3
uBabina	3
uBa	3
uBITURU	3
tũwãbi	3
tuwãwu	3
tubɔ	3
tar	3
suga	3
shinye	3
sari	3
rutĩ	3
ruman	3
ruhirãwã	3
ruhabɔ	3
rudirudatɔ	3
rucira	3
rimi	3
ransɛ	3
ra	3
pur	3
otũ	3
nɔmɔ	3
nɛhɛ	3
nɛ	3
nyuba	3
nyi	3
njɔ	3
ngani	3
ngahã	3
nasara	3
nama	3
nafiya	3
mɔduro	3
mu	3
miyiyesɛ	3
mitu	3
misir	3
mirisɛ	3
mirishe	3
mikpay	3
mijĩma	3
mihisa	3
miha	3
migbica	3
memi	3
me	3
mayasɛ	3
magũ	3
kɔkumo	3
kũhiyawa	3
kucimi	3
kpũwã	3
kpũ	3
kpuwayɔ	3
kpuriyɔ	3
kpiyã	3
kpaysɛ	3
kosũ	3
kaki	3
juwa	3
jiyã	3
jini	3
jin	3
jaksɛ	3
jack	3
izami	3
iwini	3
itɔr	3
itũ	3
itu	3
isɛ	3
ishɛna	3
injiri	3
iniyɛ̃	3
ini	3
inebi	3
indɛy	3
inday	3
indagga	3
inda	3
imɛ	3
ikɔ	3
ikuruku	3
ikpu	3
ijin	3
ihɛp	3
ihiyiye	3
ihiya	3
ihima	3
ihang	3
igui	3
igam	3
igadu	3
ifama	3
idɔwɔ	3
idĩ	3
icĩ	3
icã	3
iciyẽ	3
hukɔ	3
hukpami	3
huga	3
hisabɔ	3
harabi	3
gɔzɔr	3
gɛtibe	3
gɔsɔgbi	3
gɛshiyɛ	3
gɛri	3
gɛmbɛi	3
gɛjɛnmi	3
gɔdɔgɔ̃	3
gũbi	3
gɔ	3
guhukɔ	3
guha	3
goyuo	3
gokuci	3
gizi	3
giyiyesɛ	3
gisɔ	3
gisir	3
ginjɔ	3
giniyɛ	3
gingmgbɔg	3
gingmbɔg	3
gikũwã	3
gikpugba	3
gikpay	3
gikpai	3
gihɛn	3
gihãngã	3
gihima	3
gihide	3
giheshi	3
giharĩ	3
gigbam	3
gigba	3
gifi	3
gifa	3
gicuka	3
geziye	3
gebiye	3
gazɔr	3
gaziyi	3
gaziyawu	3
gaziyahɛ	3
gazisɛ	3
gayʊ̃	3
gayiyesɛ	3
gawayuwa	3
gatũwõ	3
gatũwãbɔ	3
gatũ	3
gatãrĩ	3
gatuwãwu	3
gatishe	3
gatari	3
gatanga	3
gasɛmɛ	3
gasɛb	3
gasugmi	3
gasir	3
garaziye	3
garaysɛ	3
garasiya	3
garaha	3
garagbi	3
garadir	3
gapurawa	3
gana	3
gamaya	3
gakpɔ	3
gakpũ	3
gakpa	3
gakara	3
gajɛ̃ne	3
gajɛnɛ	3
gajiyã	3
gajiri	3
gahɛy	3
gahiya	3
gahirãwã	3
gagbana	3
gagbam	3
gagay	3
gadɔ̃gɔ̃	3
gadɔnggɔ̃	3
gadumo	3
gadiduwo	3
gacisawa	3
gacinye	3
gacici	3
gabusa	3
gabishe	3
fɔbɔ	3
fr	3
erezi	3
ejinibɔ	3
dɔwɔ	3
damu	3
cɛnu	3
ciyɛ̃	3
cisa	3
cinyẽ	3
cici	3
ci	3
cana	3
bɛtɛ	3
bɛsɛm	3
bɛhɛrhɛ	3
bɔdɔ̃ngsɛ	3
bɔdɔrĩ	3
bɔduro	3
bɔcɔbɔmi	3
bɛbise	3
botugo	3
biyã	3
betiyewe	3
behe	3
becinbɔ	3
be	3
bazãbɔ	3
bayigbi	3
batũwõ	3
batũsɛ	3
batĩ	3
batugo	3
baticabɔ	3
basɔgbisɛ	3
basu	3
bashiye	3
barisɛ	3
baraysɛ	3
baradɔ	3
bamgmi	3
bakãrã	3
bakpã	3
bakpiriguwã	3
bakaya	3
bakarasɛ	3
bajĩyã	3
bajiba	3
bajag	3
bahɛrɛsɛ	3
bahicha	3
bahanu	3
bagbisabɔ	3
bagbangsɛ	3
bagasa	3
bagarihɛ	3
bagangsɛ	3
bafɔri	3
badɔbɔ	3
badir	3
bacisawa	3
bachɔbɔwɔ	3
babusasɛ	3
baSirena	3
baSadokiyawa	3
baMazɛni	3
baIsirana	3
baHenenawa	3
baGanini	3
baFiristɔci	3
baFiristoci	3
azib	3
awagbɔ	3
atay	3
asuga	3
ashe	3
arack	3
apur	3
animasihu	3
anediyeyɔ	3
anediye	3
anamar	3
anama	3
anabi	3
anab	3
ampani	3
akũsɛ	3
akpĩyãwã	3
akpugba	3
akpiyã	3
akpaywu	3
ajĩya	3
ajĩfɔ	3
ajirã	3
ahĩrã	3
agũwã	3
agana	3
adui	3
adawu	3
adasɛ	3
adabɔ	3
adabi	3
adab	3
acã	3
acisabɔ	3
YE	3
Wuyigbi	3
Wutusuwɔ	3
Wiya	3
Uyisti	3
Uyeriko	3
Uwi	3
Utaya	3
Usami	3
Usamariya	3
Unɛsɛ	3
Unyĩmi	3
Unot	3
Undirawũ	3
Ujĩwa	3
Ugũ	3
Ufinibu	3
Ucɔbɔ	3
Ubarabas	3
Tɛhuwa	3
Romawa	3
Ngani	3
Mbawi	3
Kɔrusũkpũ	3
Kɔrusũ	3
Jĩ	3
Iyɛ	3
Ituwã	3
Isɔbɔ	3
Ishɛ	3
Ishi	3
Iribi	3
Ipũ	3
Ikpan	3
Gɔsɔ	3
Gɔdɔngɔ̃	3
Ginomoni	3
Gawayu	3
Gawagga	3
Gawaga	3
Gatuwãwã	3
Gasami	3
Gara	3
Gakuci	3
Gakpugba	3
Gajĩ	3
Gahica	3
GAHIRÃ	3
Ehiye	3
Cicini	3
Bɔrɔbɔ	3
Bɛnɛhɛ	3
Bɔfɔ	3
Bɔdɔng	3
Bawinini	3
Batuwãwã	3
Batenemi	3
Bata	3
Bakpã	3
Bakpirigũ	3
Bakpang	3
Bagbadara	3
Babini	3
BANDIR	3
Azi	3
Ayaga	3
Atu	3
Arasũ	3
Arakpũwã	3
Ama	3
Akpaysɛ	3
Agũ	3
Abiya	3
ɔzɔgɔ	2
ɛyiyesɛ	2
Ɛyiyesɛ	2
ɛye	2
Ɛye	2
ɔvɔn	2
ɔvɔm	2
ɔvuwɔ	2
Ɛtɛ	2
ɔtugo	2
ɔtubi	2
ɛtib	2
ɛsɛp	2
ɔsɔng	2
ɔsɔmi	2
ɔsɔgbiya	2
ɔsɔciya	2
ɔsɔbɔnu	2
ɔsuwo	2
ɛsir	2
ɛshiyi	2
ɛshir	2
ɛshingbɔ	2
Ɔrɔbɔ	2
ɛrɛbi	2
ɛribi	2
ɛpɛpɛ	2
ɛnɛyi	2
ɛnɛbi	2
ɛnɛ	2
ɛnegɛ	2
Ɛndi	2
ɛmɛy	2
ɔkucɔ	2
ɔkuciye	2
ɔkucimi	2
ɔkai	2
ɛjɛ̃ng	2
ɛjɛngbɔ	2
ɛjĩng	2
ɛjɛbɛ	2
ɛjɛb	2
ɛjẽ	2
ɛjishe	2
ɔhɔ̃gɔ̃ng	2
ɔhɔ̃gɔ̃	2
ɛhɛrsɛ	2
ɛhɛdã	2
ɛhɛ	2
Ɛhɛ	2
ɛheyiye	2
ɔgui	2
ɔgu	2
ɔfɔri	2
ɔdɔngɔ	2
ɔdumo	2
ɛcĩyɔ	2
ɛcĩ	2
ɔcurɔwɔ	2
Ɔbɔbɔ	2
ɛbiye	2
ɛbisɛbɔ	2
ɛbise	2
ɛbingɔdɔngɔ̃	2
ɛTɛ	2
̃	2
ɔ	2
Ɔ	2
íná	2
zɔgɔ	2
zãwã	2
ziyasɛ	2
ziyami	2
zir	2
zihɛ	2
zige	2
zibi	2
yɛzawu	2
yɛyɛ	2
yɛyi	2
yɛtɛ	2
yɛshi	2
yẽni	2
yɛkpura	2
yɛbɛri	2
yuwo	2
yewa	2
yeba	2
yawa	2
yasɛ	2
yarisɛ	2
yari	2
yahuwã	2
xt	2
wãzi	2
wãtuwã	2
wãsu	2
wãni	2
wãgũ	2
wuzɔr	2
wuzã	2
wuzaga	2
wuwi	2
wuvɔm	2
wutɔgɔ	2
wutuwãbɔ	2
wutuswo	2
wutitirib	2
wutiritɔ	2
wutaba	2
wusã	2
wusuwu	2
wushiwu	2
wushice	2
wurusũ	2
wurukpũwã	2
wurukpũ	2
wurubin	2
wuri	2
wumɔ	2
wumi	2
wukɔb	2
wukpa	2
wukab	2
wujɛ	2
wuhɔng	2
wuhɛgɛ	2
wuhũ	2
wuhuko	2
wuhiyawa	2
wuhihawa	2
wuhi	2
wugirã	2
wugbaja	2
wugar	2
wudɔngkɔ	2
wudimĩ	2
wudama	2
wuda	2
wucĩ	2
wubɔfɔ	2
wubin	2
wub	2
wishi	2
wini	2
wayuwa	2
wayu	2
watũwã	2
wato	2
wakpai	2
wahihawa	2
wagbɔ	2
wag	2
vini	2
uɛrɛ	2
uƐRƐ	2
uzɔgɔ	2
uyuyoyi	2
uyi	2
uwiyayɔ	2
uwiyasɛ	2
uvuwɔ	2
utũ	2
utĩ	2
utusɛ	2
utubine	2
ushaida	2
usati	2
usar	2
urɛmɛwũ	2
urukpũwã	2
uruha	2
ursɛnima	2
ureni	2
urem	2
urang	2
urakumi	2
ura	2
unang	2
umɛy	2
umudu	2
umisali	2
umanzo	2
umadurɔ	2
ukã	2
ukumi	2
ukumari	2
ukufai	2
ukpugba	2
ukpayyɔ	2
ukpaymi	2
ukpaybɔ	2
ukpan	2
uhɛr	2
uhɛp	2
uhũ	2
uhiyã	2
uhicha	2
uhazã	2
uhara	2
uhadaya	2
ugũki	2
ugodoni	2
ugbɔdo	2
ugbĩ	2
ugbishe	2
ugbica	2
ugbawa	2
ugbagga	2
ugana	2
ufɔwa	2
ufɔgĩ	2
ufaru	2
udɔrĩyã	2
udɔngwa	2
udasɛ	2
udamsɛ	2
ucɛnu	2
ucĩ	2
uchɔbɔwɔ	2
ubishe	2
ubinsɔbɔ	2
ubinini	2
ubinhuwa	2
ubinba	2
ubinarabɔ	2
ubinahũwa	2
ubawa	2
uZɛbɛdi	2
uZerubbaben	2
uZadok	2
uYɔram	2
uYɔdan	2
uYutikus	2
uYustus	2
uYotam	2
uYosiya	2
uYist	2
uYesse	2
uYekoniya	2
uYehoshafat	2
uYayirus	2
uYakub	2
uTɛwɛ	2
uTɔruwas	2
uTɔma	2
uTɛhide	2
uTɛhibe	2
uToruwas	2
uTasanonika	2
uTarsus	2
uTaddiyus	2
uTabita	2
uSɛmon	2
uSonomɔn	2
uSonomon	2
uSodom	2
uShɛkɛm	2
uSafaratu	2
uRehobowam	2
uNistira	2
uNidiya	2
uNdira	2
uNazaret	2
uNashon	2
uNaftani	2
uMisiya	2
uMattan	2
uMataya	2
uMariya	2
uManasse	2
uMakidoniya	2
uMagadana	2
uLawi	2
uKayafa	2
uJɔda	2
uJirji	2
uHezron	2
uHezekiya	2
uHennas	2
uHarã	2
uHaraji	2
uGbawuna	2
uGayus	2
uFirist	2
uFinibus	2
uFerɛz	2
uDarbe	2
uBowaz	2
uBarnabas	2
uBanis	2
tɛwã	2
tɔurã	2
tɔrɔ	2
tɔkuna	2
tũhɛ̃	2
tɛhima	2
tɔgɔye	2
tɛgashi	2
tɛgahabɔ	2
tĩ	2
tye	2
tutur	2
tusɛ	2
tugɔ	2
tiyã	2
tica	2
tayɔ	2
tari	2
tangã	2
sɔsɔgɔ	2
sɛmɛ	2
sɔmɔ	2
suma	2
shɛrĩ	2
shɛ	2
shiyɔ	2
shibi	2
sel	2
seed	2
saya	2
sasira	2
sana	2
samisɛ	2
sam	2
saga	2
rɔgɔrɔgɔ	2
ruzĩyã	2
rutu	2
rusug	2
rusub	2
rushiya	2
ruruha	2
rurubiye	2
runyũwã	2
runum	2
ruhimbɔ	2
rubã	2
risɛ	2
risu	2
ririni	2
riri	2
riku	2
rigbaja	2
rerenini	2
raysɛ	2
ray	2
rasɛ	2
pura	2
otubɔ	2
okuci	2
odur	2
nɛmi	2
nɛgɛwɛ	2
nyɔ	2
nuwã	2
nonugo	2
ngãnini	2
ndɔrɔ	2
ndɔ	2
nanga	2
namawã	2
mizisɛ	2
mizibi	2
miwiyasɛ	2
miwini	2
mitũwã	2
mitũ	2
mituwãwã	2
mituwãwu	2
mitar	2
misɛ	2
misami	2
mirihi	2
mihura	2
mihiri	2
mihicha	2
mihazã	2
migũsɛ	2
migi	2
migba	2
mifɔ	2
mifa	2
metɛ	2
mbm	2
mbawiyasɛ	2
mbak	2
mbaha	2
mawiya	2
mawi	2
makpay	2
makpai	2
kɔshishi	2
kɔrusũkpũ	2
kɔnunu	2
kũbi	2
kuwã	2
kuna	2
kumi	2
kuciye	2
kpĩ	2
kpuwakɔ	2
kpuwaba	2
kpu	2
kpanaciyani	2
kpan	2
kohãni	2
ki	2
kawai	2
kamisɛ	2
kama	2
kakɔ	2
kafi	2
kadai	2
kaca	2
jugmi	2
jirji	2
jag	2
izɛ	2
izaga	2
izabɔ	2
iyĩ	2
iye	2
iyagi	2
iwiyasɛ	2
itɔrɔm	2
itɔk	2
ituwãbi	2
ituwu	2
itayɔ	2
isɔ	2
isitu	2
ishɛshin	2
ishin	2
iriziye	2
inɔmɔ	2
inyini	2
inomɔ	2
inniyẽ	2
injar	2
iniyɛ	2
indai	2
in	2
imonu	2
immi	2
immawi	2
immaha	2
immagba	2
immaba	2
imba	2
imari	2
ikɔmu	2
ikuwoyɔ	2
ikpũwã	2
ikpay	2
ikiyɔ	2
ijɛ̃rĩ	2
ijĩyɔ	2
ijĩne	2
ijɛbɛ	2
ijuɔ	2
ijing	2
ijine	2
ijiba	2
ihɛshi	2
ihũ	2
ihĩ	2
ihãri	2
ihãng	2
ihiwiya	2
ihicir	2
ihibɛ	2
ihiba	2
ihanrĩ	2
ihani	2
ihangã	2
igwadara	2
igbɔr	2
igbɔg	2
igbana	2
igansɛ	2
igang	2
ifɔ	2
idɛ̃rĩyã	2
idɔyɔ	2
idɛriyã	2
idɔbɔ	2
idɔbi	2
iduwo	2
idur	2
idumo	2
iduduwo	2
idin	2
iciye	2
icir	2
hɔrɔndɔr	2
hɛrhɛ	2
hɔgɔ̃	2
hĩ	2
hãrĩ	2
hura	2
humo	2
hitara	2
hisasɛ	2
hiru	2
hiniyã	2
hichabɔ	2
hicehɛ	2
hibɔ	2
heshi	2
hawiya	2
harabɔ	2
hara	2
hakuri	2
hahiyã	2
hadawu	2
gɔwɔrɔ	2
gũwãsɛ	2
gɔsɔbɔ	2
gɛrishe	2
gɛrim	2
gɛnyi	2
gɔndui	2
gɛmɛi	2
gɔkucimi	2
gɛkpɛrɛ	2
gɔkpɔ	2
gɛjɛ̃bɔ	2
gɛjɛne	2
gɛjisɛyɔ	2
gɔhɔy	2
gɔhɔgɔ̃	2
gɔhungɔ	2
gɔdɔngɔ̃sɛ	2
gɛcĩyẽ	2
gɛcĩye	2
gɔbɔbɔ	2
gɔbɔ	2
gɛbisewe	2
gãsɛ	2
gãrĩ	2
gã	2
guzi	2
guyigbi	2
gusũ	2
gujĩ	2
guhuwã	2
guhuwa	2
gufɔ	2
guduro	2
gokuciye	2
go	2
giziyi	2
giyiye	2
giwiya	2
gitɔmiyã	2
gitɔmi	2
gisã	2
gisom	2
gishiya	2
girusũ	2
girihangã	2
gipkirigu	2
ginɔm	2
ginyi	2
ginomo	2
giniyi	2
gimɛy	2
gimar	2
gimang	2
gikɔn	2
gikuci	2
giku	2
gikpɔ	2
gikpi	2
gikira	2
gijĩsɔ	2
gihũwã	2
gihɛshɛ	2
gihusɔ	2
gigbɛm	2
gigbɛgũ	2
gigbɛ	2
gigbi	2
gifɔsɔ	2
gidĩyã	2
gicibɔ	2
giKpirigũ	2
gezige	2
gevĩyẽ	2
gbɛr	2
gbisɛ	2
gbishe	2
gbichawa	2
gbichabi	2
gbicasɛ	2
gbicami	2
gberɛ	2
gbawu	2
gbangsɛ	2
gbam	2
gbakɔ	2
gazug	2
gazin	2
gazikpa	2
gazaga	2
gayuyo	2
gayiyã	2
gayigbi	2
gayi	2
gavi	2
gatũyɔ̃	2
gatɛrɛ	2
gatɛngyã	2
gatuwɔ̃sɛ	2
gatuwa	2
gatiye	2
gatica	2
gatazubɔ	2
gatarĩ	2
gatangãsɛ	2
gatang	2
gasɛm	2
gasɔgɔwɔ	2
gasɔgbiya	2
gasãsɛ	2
gasãkɔ	2
gasura	2
gasugga	2
gasib	2
gasatɔ	2
garɔgɔ	2
garĩ	2
garãsɛwã	2
garisɛ	2
garishewe	2
garise	2
garashi	2
gararɔgɔrɔgɔ	2
garakpũwã	2
garakpũ	2
garabãrĩ	2
gapur	2
ganɛgɛsɛ	2
ganjĩba	2
ganjiri	2
ganesɛ	2
ganang	2
gamɛybɔ	2
gamayasɛ	2
gamaga	2
gakũwãwã	2
gakũwãwu	2
gakuwa	2
gakucibi	2
gaku	2
gakpuwaba	2
gakamibɔ	2
gakami	2
gakaba	2
gajɛ̃nɛ	2
gajɛ̃nbɔ	2
gajɛ̃bi	2
gajĩya	2
gajĩsɔ	2
gajiwisɛ	2
gajinibɔ	2
gajibawu	2
gajibawa	2
gahɛrɛ	2
gahãsɛ	2
gahiyawa	2
gahiyasɛ	2
gahisami	2
gahisabɔ	2
gahirãbɔ	2
gahiniyã	2
gahiirã	2
gahichabɔ	2
gahicha	2
gahaya	2
gahawi	2
gahashi	2
gahangãwu	2
gahakɔ	2
gagũwãwã	2
gagũwãsɛ	2
gagũwãbɔ	2
gagãnasɛ	2
gagãna	2
gagasabɔ	2
gafɔwɔ	2
gafɔri	2
gafuwã	2
gadɔngɔ	2
gadĩ	2
gadur	2
gadiyã	2
gadidugo	2
gadari	2
gadamisɛ	2
gadama	2
gadam	2
gadagasɛ	2
gaciye	2
gacisabɔ	2
gacisabi	2
gacira	2
gacigbi	2
gaci	2
gachuga	2
gabusasɛ	2
gabishewe	2
gabawa	2
gabasa	2
fɔri	2
ft	2
for	2
etɛsirewe	2
eshibi	2
ejisheyɔ	2
ecĩye	2
eciciyɔ	2
dɔr	2
dɔngɔ	2
dɔngsɛwã	2
dãyĩ	2
durɔ	2
dung	2
dukpo	2
di	2
dan	2
dam	2
cɛyĩ	2
cɛhɛ	2
cugawa	2
bɛzige	2
bɔtɔg	2
bɔtuwɔ	2
bɔtugɔ	2
bɔtugu	2
bɔsu	2
bɛshɛwi	2
bɔrɔyi	2
bɛrimi	2
bɔkɔn	2
bɔkum	2
bɔkuhiya	2
bɛhɛrsɛbɔ	2
bɛhɛri	2
bɛhɛng	2
bɛhicɛhɛ	2
bɔgɔ	2
bɛgbɛr	2
bɔdɔrĩyã	2
bɔdɔngsɛwã	2
bɔdɔ	2
bɔdudu	2
bɛbisɛ	2
bɔba	2
béhé	2
bànyĩ	2
bishewu	2
bishebi	2
bise	2
benegɛsɛ	2
bejĩbɔ	2
beheyiye	2
beciyi	2
baɛrɛ	2
bazãyã	2
bayin	2
bayarisɛ	2
batũwã	2
batũsɛbi	2
batĩba	2
batuwãbɔ	2
batuwãbi	2
batuwa	2
batiyewe	2
batin	2
baticawa	2
batasabɔ	2
batangsɛwã	2
batai	2
basɔgbiya	2
basũ	2
basãsɛbɔ	2
basirena	2
bashiyãwã	2
bashir	2
bashibɔ	2
bashaida	2
basamiyã	2
barĩyã	2
barĩ	2
barãsɛbɔ	2
baroyi	2
barayya	2
barashi	2
baranonugo	2
barahawa	2
baragbi	2
banɛgɛ	2
banrĩ	2
banjĩbɔ	2
bani	2
bammi	2
bam	2
bakũsɛ	2
bakɔ	2
bakucobɔ	2
baku	2
bakpĩ	2
bakpirigũwã	2
bakpi	2
bakpayya	2
bakpaysɛ	2
bakpaybi	2
bakpangã	2
bakpang	2
bakab	2
bajũsɛyɔ	2
bajiwisɛ	2
bajinibɔ	2
bajagsɛ	2
bahũwã	2
bahɛrsɛwã	2
bahɛp	2
bahɔgsɛ	2
bahãrĩ	2
bahukpawa	2
bahiyawa	2
bahicabɔ	2
bahibɔ	2
bahayiye	2
bahaybɔ	2
bahaya	2
bahashi	2
bahar	2
bahanti	2
bahangbi	2
bahabɔ	2
bagãnsɛ	2
bagbĩng	2
bagbabɔ	2
bagarihe	2
bagaribɔ	2
bafuwã	2
baforibɔ	2
bafarisiyawa	2
badɔrinyã	2
badɔnrĩ	2
badɔngsɛ	2
badui	2
badidɔk	2
badidɔgɔ	2
bacɔbɔwu	2
bacɔbɔ	2
bacugasɛ	2
bacubɔwɔ	2
bacisa	2
bacinbɔ	2
babɔ	2
babusawa	2
babur	2
baYahuda	2
baSamariya	2
baSadukiyawa	2
baRɔmawa	2
baMakidoniya	2
baHelenaci	2
baFirijiya	2
azãzã	2
aziyasɛ	2
aziyahɛ	2
aziwu	2
ayɔ	2
aysa	2
aybɔ	2
aybi	2
ayasɛ	2
awiyayɔ	2
awiyawa	2
awayu	2
awa	2
avir	2
atũwãwã	2
atũwãbɔ	2
atuwãbi	2
atubi	2
aticawa	2
asãwã	2
asugga	2
asawa	2
asasira	2
asarisɛ	2
asabur	2
araysɛ	2
arawini	2
aratarĩyã	2
arara	2
arakpu	2
aradira	2
apuru	2
anyuba	2
anjiribɔ	2
anima	2
angry	2
andir	2
anasɛbɔ	2
anangã	2
anang	2
ambayasɛ	2
amaha	2
akũwu	2
akpĩyãmi	2
akpiyãwã	2
akpaymi	2
akara	2
akanyir	2
akami	2
ajĩsir	2
ajĩrã	2
ajĩfɔwɔ	2
ajirjiye	2
ajin	2
aji	2
ahisawa	2
ahirãbɔ	2
ahiniyã	2
ahinibɔ	2
ahatuwã	2
ahari	2
ahangã	2
ahanga	2
ahahanga	2
agbu	2
agbawa	2
agasasɛ	2
agasa	2
aganhɛ	2
afu	2
adoi	2
adariya	2
adaba	2
acugawu	2
acibɔ	2
abúr	2
abi	2
Yɔ	2
Yayu	2
Yawwa	2
Wushĩ	2
Wuru	2
Wure	2
Wunomonu	2
Wukpan	2
Wugab	2
Watɔ	2
Wani	2
Uziya	2
Uzi	2
Uzerubbaben	2
Uyɔwanan	2
Uyɔshuwa	2
Uyɔsek	2
Uyɔrim	2
Uyɔda	2
Uyowana	2
Uyonam	2
Uyoffa	2
Uyodan	2
Uyesu	2
Uyesse	2
Uyared	2
Uyahuwa	2
Uyahudiya	2
Utɛwɛ	2
Utɛhuwã	2
Utɛhuma	2
Utera	2
Usɔwa	2
Usɔdɔm	2
Usonomo	2
Usimon	2
Ushiyayi	2
Ushimeya	2
Usheyantiyen	2
Ushena	2
Ushem	2
Uset	2
Userug	2
Usayiru	2
Usanmon	2
Usaga	2
Urɛm	2
Ureyu	2
Uresa	2
Unyĩyãni	2
Unjĩwa	2
Uniri	2
Undiranu	2
Unatan	2
Unashon	2
Unamek	2
Unajaya	2
Unahum	2
Umoduro	2
Umetusana	2
Umenna	2
Umeneya	2
Umattata	2
Umahanane	2
Uma	2
Ukosama	2
Uhɛzron	2
Uhiyawa	2
Uhirã	2
Uhini	2
Uheni	2
Uhasni	2
Ugɛbɛrɛ	2
Ugodo	2
Ufiris	2
Uferez	2
Ufeneg	2
Ufarisi	2
Ucɛni	2
Ucuga	2
Ucin	2
Ubowaz	2
Ubingaya	2
Ubetsaida	2
Ubetani	2
Tũwãyi	2
Tɛhibe	2
Tɛhashi	2
Tɛgashiya	2
Tɔba	2
Toruwas	2
Tegashi	2
Tegahayi	2
Sɛi	2
Shiyɔ	2
Sabur	2
Rɔgɔ	2
Rɔfɔ	2
Rusɛnima	2
Runyũ	2
Oyuo	2
Oo	2
Nɛsɛ	2
Ndir	2
Mɛte	2
Mituwã	2
Mituwu	2
Misɛ	2
Mishi	2
Mirihi	2
Miri	2
Midam	2
Mat	2
Mar	2
Ma	2
Kub	2
Korusũ	2
Kafi	2
Juwa	2
Itɔmi	2
Itɔfiya	2
Ituwãbi	2
Itaniya	2
Irishi	2
Indiya	2
Indai	2
Inda	2
Imi	2
Imayĩ	2
Imawus	2
Imari	2
Imang	2
Ikɔruku	2
Ikuwoyɔnu	2
Ijɛjiye	2
Ijɔ	2
Ijin	2
Ihiyiye	2
Iharĩ	2
Igbam	2
IWI	2
Hɛshi	2
Hiya	2
Hideyĩ	2
Hawiya	2
Hani	2
Haba	2
Gɛmɛi	2
Gɔkuci	2
Gɔhɔngɔ	2
Gɔfɔ	2
Gutusu	2
Guhɛg	2
Giwi	2
Gisa	2
Gira	2
Ginom	2
Gimi	2
Gijɛji	2
Gidɔ	2
Geshi	2
Geri	2
Gehim	2
Gecĩ	2
Gazĩ	2
Gazaga	2
Gayuo	2
Gawiya	2
Gatazug	2
Gatasa	2
Gata	2
Gasɔgɔ	2
Gasug	2
Ganini	2
Gajĩrã	2
Gahuwã	2
Gahisa	2
Gahangã	2
Gadidu	2
Eyigbi	2
Eshibi	2
Eshi	2
Er	2
Enosh	2
Enok	2
Enmadama	2
Eniyud	2
Eniyeza	2
Eniyazar	2
Ebine	2
Eber	2
Dɔnhɛ	2
CO	2
Bɔzɔgɔ	2
Bɔkpɔ	2
Bɛcɛbɔ	2
Bɔ	2
Botu	2
Betiye	2
Berishe	2
Bazɔgɔ	2
Bazã	2
Baziya	2
Bazisɛ	2
Bayahudiya	2
Batũwã	2
Batũsɛ	2
Bashi	2
Basari	2
Basami	2
Basamariya	2
Barĩ	2
Barã	2
Baraysɛ	2
Banjĩba	2
Banineba	2
Banazarɛ	2
Bamazani	2
Bamanzani	2
Bakpangã	2
Bahɛysɛ	2
Bahazã	2
Baham	2
Bagirã	2
Bagarihɛwã	2
Bagari	2
Bagarasinawa	2
Baganini	2
Bafa	2
Badĩ	2
Badur	2
Bacĩbɔ	2
Baci	2
Babĩyã	2
Azor	2
Aya	2
Atɛgaha	2
Atinawa	2
Ata	2
Asɛ	2
Asus	2
Asuga	2
Ashi	2
Aristarkus	2
Arimatiya	2
Arfakshad	2
Arawi	2
Anikanama	2
Anikama	2
Aniheri	2
Angmi	2
Anekzanda	2
Andarawus	2
Amos	2
Amon	2
Amminadab	2
Aminadab	2
Amawi	2
Akim	2
Akaca	2
Ahisa	2
Ahica	2
Ahaz	2
Ahashiya	2
Agiriffa	2
Aga	2
Afisawa	2
Ademu	2
Addi	2
Abihud	2
ɛ́yiyesɛ	1
Ɛ́yiyesɛ	1
ɗɔ	1
ɔzɔgɔyi	1
ɛzi	1
ɔyʊ	1
ɔyɔ	1
Ɛyya	1
ɔyuyɔ	1
ɔyuyobɔ	1
ɔyuwomi	1
ɔyuwobi	1
ɔyuobɔ	1
ɛyiyehɛ	1
Ɛyiye	1
ɔvuwɔyɔ	1
ɔvuwoyɔ	1
ɔvom	1
ɛvinisɛ	1
Ɔtũyɔ̃	1
ɔtũyɔ	1
ɔtũsɛ̃	1
ɛtɛri	1
Ɛtɛr	1
ɔtɔkpɔ	1
ɔtũhẽ	1
ɔtɔ	1
ɔtuyɔ̃sɛ	1
ɔtuwɔ̃sɛ	1
ɔtuwu	1
ɔtusɛwã	1
ɔtusɛwu	1
ɔtusɛkɔ	1
ɔtusɛbɔ	1
ɔtusẽ	1
ɔtusu	1
ɔturo	1
ɔtuhẽ	1
ɛtiyewe	1
ɛtiyebɔ	1
Ɛtip	1
ɔsɔsɔgɔ	1
ɛsɛmɛ	1
Ɔsɔmi	1
ɔsɔgɔwɔ	1
Ɔsɔgbi	1
ɔsɔbɔyĩ	1
Ɛsɛ	1
ɔso	1
ɛsiwu	1
ɛsire	1
ɛshɛrɛyɔ	1
ɛshɛn	1
ɛshige	1
ɛrɛsɛrin	1
ɛrɛshɛrĩ	1
ɛrɛhĩrĩ	1
ɛrɛbɔ	1
ɛrɛbiye	1
ɛriziyɛ	1
ɛrisɛ	1
ɛribɔ	1
ɛri	1
ɛreziye	1
ɛnɛsɛbɔ	1
ɛnɛmi	1
ɛnɛhɛ	1
ɛnɛdiye	1
Ɛnɛdiye	1
ɛnyĩbɔ	1
ɛnyiye	1
ɛnyibi	1
ɛnjirẽ	1
ɔnib	1
ɔngmgbɔgtɔ	1
ɔngmgbɔg	1
ɛnesɛwã	1
ɛnediyɛ	1
ɛnebɔ	1
Ɛnamawa	1
Ɛmɛy	1
Ɛmɛtɛ	1
ɛmɛibɔ	1
ɛmɛ	1
ɔmudu	1
Ɛme	1
ɛmbɛibɔ	1
ɛm	1
ɔlɔkpɔ	1
ɔkũyɔ̃sɛ	1
ɔkɔru	1
ɔkɔnsɛ	1
ɔkɔfɔ	1
ɔkɔda	1
ɔkɔbɔ	1
ɔkũ	1
Ɔkuyɔ̃sɛ	1
ɔkumi	1
ɔkum	1
ɔkucɔbɔ	1
Ɔkucɔ	1
Ɔkucowo	1
ɔkuco	1
ɔkuciyeba	1
ɔkucisɛ	1
ɛkpɛnɛ	1
Ɛkpiri	1
ɔkobo	1
Ɔkay	1
ɛjɛ̃nɛ̃	1
ɛjɛ̃ne	1
ɛjɛ̃mi	1
ɛjɛ̃bɔ	1
ɛjɛ̃bo	1
ɛjɛ̃bi	1
ɛjɛsɛnu	1
ɛjɛnne	1
Ɛjɛnmi	1
ɛjɛngmi	1
ɛjɛngbi	1
ɛjɛne	1
Ɛjɛn	1
ɛjɛji	1
ɛjɛ	1
ɛjisɛyɔ	1
ɛjirjiye	1
ɛjeng	1
ɛjan	1
ɔhɔ̃nggɔ̃	1
ɛhɛysɛ	1
ɛhɛyiyɛwe	1
ɛhɛrɛ	1
ɛhɛrsɛwã	1
Ɛhɛrsɛ	1
Ɔhɔr	1
Ɔhɔngɔ̃	1
ɛhɛkpi	1
ɔhɔhumo	1
ɔhɔgsɛsɔ	1
ɛhɛdɛ	1
ɛhɛdahn	1
ɔhɔ	1
ĩhĩ	1
ɔhurɔ	1
ɔhongɔ̃	1
ɛhirɛsɛ	1
ɛhicɛhɛ	1
ɛhi	1
Ɔgɔstu	1
ɛgĩn	1
ɔgugub	1
ɛghi	1
ɛgevi	1
ɔgbɔgbɔ	1
ɛgbishe	1
ɔfɔyɔ	1
ɔfɔwo	1
ɔfugu	1
ɛfirsɛ	1
ɔdɔ̃gɔ̃	1
ɔdɔyɔ	1
ɛdẽrĩ	1
ɔdɔnyɔ̃	1
ɔdɔngɔ̃bi	1
ɔdɔngɔ̃	1
ɔdɔngsɛ̃wã	1
ɔdɔngsɛwã	1
ɔdɔnghẽ	1
ɔdɔnghɛ	1
ɔdɔng	1
ɔdɔn	1
ɔdɔ	1
Ɔdur	1
ɔdunggɔ̃	1
ɔdukpo	1
ɔdubu	1
ɛdimiye	1
ɛcĩyɛ̃	1
Ɔcɔrĩsɛ	1
Ɔcɔrĩ	1
ɛcɛciye	1
ɛciye	1
ɛcinyɛ̃	1
ɛcinyɛ	1
ɛci	1
ɔbɔyi	1
ɛbɛr	1
ɛbĩne	1
ɛbĩn	1
ɔbɔgɔnu	1
ɔbɔba	1
ɛbɛ	1
Ɔbɔ	1
ɔbo	1
ɛbiyewu	1
Ɛbiyewu	1
ɛbisɛ	1
Ɛbise	1
ɛbisbe	1
Ɛbinne	1
ɛbini	1
ɛbingɔtugo	1
Ɛbingɔdɔngɔ̃	1
ɛbinenu	1
ɛbinbɔ	1
ɛbinba	1
ɔDɔngsɛ	1
ɔDongsɛ	1
ĩ	1
úhu	1
ùhara	1
õõ	1
õ	1
ívɛcin	1
ísɔbɔ	1
íku	1
íkpṹwã	1
ígũ	1
ãyĩ	1
ãrĩ	1
ãniba	1
ãhĩrã	1
áwiya	1
átuwãwã	1
ásira	1
ába	1
Õ	1
Íkpṹwãyɔ	1
Áwiya	1
Ánangsɛ	1
Àha	1
zɔrzɔr	1
zãgɔ	1
ziyɛ	1
ziyawu	1
ziyawa	1
zirbi	1
zimi	1
zawu	1
zan	1
zabɔ	1
zaba	1
za	1
yɔ̃hɛ	1
yɛzawa	1
yɛyɛnyinu	1
yɛyɛha	1
yɛyɔ	1
yɔyɔ	1
yɔyewã	1
yẽwã	1
yɛwuwi	1
yɛwusakpura	1
yɔwa	1
yɛshɛ	1
yɛrutiye	1
yɔrutiye	1
yɛmĩ	1
yɛmã	1
yɛkɛ	1
yɛhɛbɛ	1
yẽhẽ	1
yɛhidɛ	1
yɛhayiyã	1
yɛgɔdɔ	1
yɛgiri	1
yɛgikpɔ	1
yɛga	1
yɛew	1
yɛe	1
yɛbɛtɛ	1
yɛbɛhɛr	1
yɛbiyɛ	1
yɛbehɛbɛnu	1
yɛbandiram	1
yɛbandira	1
yɛbahũ	1
yɛbahubɔ	1
yɛbaha	1
yɛba	1
yẽ	1
yé	1
yãNi	1
yuyobɔ	1
yuyo	1
yuwowu	1
yuowo	1
yuobɔ	1
yiyɛsɛ	1
yiyewe	1
yiyemi	1
yiyehɛ	1
yisɛ	1
yirinyi	1
yirihe	1
yimitũwãbi	1
yikpi	1
yigbifa	1
yigbiba	1
yezabɔ	1
yeza	1
yewũ	1
yewusũ	1
yeshiyẽwe	1
yeshinye	1
yeri	1
yema	1
yehide	1
yeginuwã	1
yegiji	1
yee	1
yebandir	1
yea	1
yayʊ	1
yawe	1
yam	1
yahɛ	1
yahuwa	1
yacɛwu	1
yabɔ	1
yaba	1
wɔ̃dɔngɔ	1
wɔtɔ	1
wɔsɛngi	1
wɔsɔng	1
wẽsire	1
wẽrĩ	1
wɔrɔ	1
wɛrisɛ	1
wɛrise	1
wɔbi	1
wɛ	1
wãzã	1
wãzisɛ	1
wãyuo	1
wãya	1
wãwini	1
wãtũyɔ̃	1
wãtuwãbɔ	1
wãt	1
wãsɔmi	1
wãsɔm	1
wãnɛhɛ	1
wãn	1
wãmba	1
wãkũbɔ	1
wãkucibɔ	1
wãkpĩyã	1
wãjin	1
wãhang	1
wãgbara	1
wãgba	1
wãgari	1
wãfɔwɔ	1
wãfuwã	1
wãdɛr	1
wãcin	1
wuzɛshĩ	1
wuzɛmi	1
wuzizag	1
wuzire	1
wuzihɛ	1
wuzi	1
wuze	1
wuyɛndɛ	1
wuyɔ	1
wuyist	1
wuyigbikini	1
wuyabɨr	1
wuwiya	1
wuwiniyɛ	1
wuvom	1
wutũ	1
wutĩ	1
wutuwɔ	1
wutuwo	1
wutusuba	1
wutusa	1
wutsu	1
wutay	1
wutananũ	1
wutaci	1
wutabakɔ	1
wusũujirji	1
wusɔsɔgɔ	1
wusɛp	1
wusũbi	1
wusɛbbɛ	1
wusɔ	1
wusĩ	1
wusubɔ	1
wushiri	1
wusati	1
wusang	1
wurɛm	1
wurɔm	1
wurɛ	1
wuruziye	1
wurutãrĩ	1
wurushɛrĩ	1
wurukpũwa	1
wurukpakpuawawũ	1
wurudungɔ̃	1
wurubĩysã	1
wurubu	1
wurubi	1
wurubarin	1
wuribiyã	1
wurem	1
wuraihɛbɔ	1
wuparadais	1
wunɔn	1
wunɔmɔnu	1
wunɔmonu	1
wunum	1
wungmu	1
wumɛ	1
wukɛ̃nɛ̃	1
wukɔ	1
wukũ	1
wukuwã	1
wukurã	1
wukub	1
wuku	1
wukpũrã	1
wukpũra	1
wukpuriye	1
wukpura	1
wukpukɔ	1
wukpang	1
wukp	1
wukama	1
wukafarnahum	1
wukafamahu	1
wukada	1
wujɛ̃rĩkɔ	1
wujɛyi	1
wujɛsɛnu	1
wujĩrujĩ	1
wujĩkɔ	1
wujiyẽ	1
wujirji	1
wujir	1
wujikɔ	1
wujijirib	1
wuji	1
wuhɛmba	1
wuhɛg	1
wuhɔg	1
wuhuri	1
wuhura	1
wuhuibe	1
wuhugɔ	1
wuhugi	1
wuhubɛ	1
wuhiyã	1
wuhiya	1
wuhirã	1
wuhihang	1
wuhide	1
wuhibɔ	1
wuhang	1
wuhahãngĩ	1
wuha	1
wugɛ	1
wugubo	1
wugubi	1
wugu	1
wugbang	1
wugba	1
wugasakɔ	1
wuganini	1
wugan	1
wugamusa	1
wugag	1
wugaba	1
wufɔk	1
wufɔg	1
wufa	1
wudufu	1
wudawu	1
wudami	1
wudaga	1
wudaba	1
wudab	1
wucĩn	1
wucinnenu	1
wucini	1
wuci	1
wubɔnyʊ	1
wubɔnyug	1
wubɔmi	1
wubɔhir	1
wubɔgu	1
wuburodi	1
wubawu	1
wubarĩ	1
wubarin	1
wubanki	1
wuGɛsɛmani	1
word	1
wonu	1
woduru	1
wobɔ	1
woba	1
wo	1
wiyin	1
wiyabɔ	1
wiwã	1
wigirga	1
whuwã	1
which	1
weba	1
waziyasɛ	1
waziya	1
wayĩ	1
wayuwã	1
wayumi	1
wayiye	1
wayi	1
wayayɔ	1
waya	1
wawu	1
wawiya	1
watɔba	1
watusu	1
watu	1
watangã	1
wata	1
wasɔng	1
washɛ	1
wasamiyã	1
warusũ	1
warisɛ	1
wanu	1
wani	1
wana	1
wakpiri	1
wakara	1
wajĩyã	1
waji	1
wai	1
wahũtar	1
wahitara	1
wahi	1
waha	1
wagami	1
wagabɔ	1
wagabi	1
wafa	1
waba	1
w	1
vuyɔ	1
vuwɔ	1
vuwo	1
vucosɛ	1
verse	1
uƐrɛni	1
uƐrɛ	1
uçɛ	1
uzɛbɛdi	1
uzãwã	1
uzuga	1
uzu	1
uzizak	1
uziyɔ	1
uzibɔ	1
uzagafɔ	1
uzaci	1
uzabura	1
uzabe	1
uyuwɔwɔ	1
uyuo	1
uyiye	1
uyis	1
uyiri	1
uyinya	1
uyin	1
uyigbi	1
uyayirus	1
uyahũwã	1
uyahudawa	1
uyaduna	1
uwuni	1
uwulankãci	1
uwom	1
uwinini	1
uwagmi	1
utɛtɛ	1
utɔtugɔwɔ	1
utũsɛ	1
utɛnu	1
utɛhubɔ	1
utɛci	1
utãni	1
utuwãhɛ̃	1
uturi	1
utubĩ	1
utip	1
utica	1
utetɛ	1
utawã	1
utatawa	1
utataba	1
utaniba	1
utanhɛ	1
utangsɛwẽ	1
utangsɛ	1
utaga	1
utaba	1
usãhẽ	1
uso	1
usisɛb	1
usira	1
usinkafa	1
usimon	1
ushĩyɛ̃nu	1
ushĩye	1
ushɛriya	1
ushiyawa	1
ushawulu	1
used	1
usawu	1
usaura	1
usarisɛwã	1
usari	1
usara	1
urɔri	1
urɛmmi	1
urɛmTɛgashi	1
urɛhi	1
urɔbɔnbin	1
urutiye	1
urutitu	1
urusirna	1
urusenima	1
uruhawa	1
urugbi	1
urucir	1
urubarin	1
urisɛ	1
urijiya	1
uricira	1
uriba	1
ureiya	1
urebi	1
urdu	1
uraysɛ	1
uransɛwẽ	1
uransuwa	1
urakũmi	1
unɔmo	1
unɔdurɔ	1
unãbariya	1
unyĩyewũ	1
unyĩya	1
unyĩshi	1
unyãwã	1
unyã	1
unyuwu	1
unyiyẽni	1
unyiyewũ	1
unyimi	1
unyibɔ	1
unjug	1
ungirãwũ	1
ungbmisɛ	1
undirni	1
undirbin	1
undirawũwunom	1
undirawu	1
undi	1
unanai	1
unamuje	1
unamaSabantɛni	1
unahadi	1
unabɔwu	1
unabɔmi	1
umɔdurɔ	1
umustard	1
umustad	1
umugũta	1
umugu	1
umotu	1
umodurowũ	1
ummugbica	1
ummu	1
umma	1
umisani	1
umisaliyayĩ	1
uminiyã	1
umbayasɛ	1
umaziyi	1
umasar	1
umanɛ	1
umanyʊba	1
umangyʊba	1
umak	1
umajanisa	1
umagũ	1
umagoro	1
umagbica	1
ulambu	1
ukũwuba	1
ukɔrba	1
ukɔm	1
ukũbɔ	1
ukãrãshi	1
ukãrã	1
ukuma	1
ukula	1
ukuciyi	1
ukucimi	1
ukucibɔ	1
ukuci	1
ukpĩwa	1
ukpuru	1
ukpayyi	1
ukpanu	1
ukpai	1
ukoneliyus	1
ukisa	1
ukayafa	1
ukan	1
ukama	1
ukaisariya	1
ujĩzã	1
ujĩyãni	1
ujĩyã	1
ujĩrã	1
ujɔga	1
ujuwa	1
ujuba	1
ujiwa	1
ujiri	1
ujibawa	1
ujahinci	1
uhɛy	1
uhɔksɛ	1
uhɔgsɛ	1
uhɔfɔ	1
uhɛb	1
uhĩ	1
uhuyiyemi	1
uhuyiye	1
uhuwi	1
uhushi	1
uhuru	1
uhukpay	1
uhukpawa	1
uhukpa	1
uhugɔ	1
uhugacuga	1
uhiye	1
uhiyawũ	1
uhisami	1
uhirãwã	1
uhiru	1
uhiriru	1
uhir	1
uhinisɛ	1
uhin	1
uhihawa	1
uhicima	1
uhibe	1
uharĩ	1
uharajiya	1
uharaji	1
uha	1
ugũta	1
ugɔngɔta	1
ugɔm	1
ugɔdɔ	1
ugãhɛ̃	1
ugurã	1
ugumakawũ	1
ugouna	1
ugirãwã	1
ugbisa	1
ugbawuna	1
ugbaggawũ	1
ugasasɛ	1
ugarihɛ	1
ugansɛ	1
ugang	1
ugamusami	1
ugagang	1
ugado	1
ufɛhuwã	1
ufirist	1
ufinawa	1
ufasiyawa	1
udɔ̃wa	1
udɔŋwa	1
udɔrĩmi	1
udɛrjĩ	1
udɔriya	1
udɔngsɛ	1
udɔne	1
udɔle	1
udur	1
udoi	1
udeti	1
udari	1
udanani	1
udana	1
udamuwã	1
udamimi	1
udamibɔ	1
ucɔbɔhuwã	1
ucɔbowu	1
ucẽ	1
ucɔ	1
ucisayi	1
ucisa	1
ucinwa	1
ucinhũwã	1
ucicɛb	1
uchɔbɔwu	1
uchɔbɔhuwa	1
uchuga	1
uchobɔwɔ	1
ucha	1
ubɔurɛ	1
ubɛsɛ	1
ubɔrodi	1
ubɔfɔ	1
ubɛbur	1
ubusa	1
ubur	1
uborodiye	1
ubitur	1
ubitu	1
ubisɛ	1
ubinɛnitɛ	1
ubiniwi	1
ubinhuma	1
ubinhude	1
ubinhube	1
ubinewũ	1
ubinenu	1
ubinebɔ	1
ubinci	1
ubinahuma	1
ubinahubɔ	1
ubinahibe	1
ubinah	1
ubegedi	1
ubaure	1
ubatisuma	1
ubagedi	1
ubagadi	1
ubafɔ	1
ubafirisiwa	1
ubaYahude	1
uazumi	1
uanɛbi	1
uanawã	1
uZizag	1
uZinariya	1
uZera	1
uZebunun	1
uZebedi	1
uZaitun	1
uZabɛdi	1
uZabura	1
uYɔwel	1
uYɛsuwũ	1
uYɛsus	1
uYɔshuwa	1
uYɔhanã	1
uYƆHƆNNA	1
uYusuf	1
uYuriya	1
uYAHUDA	1
uTɛwũ	1
uTɛnu	1
uTɛhɛdɛ	1
uTɛhuwa	1
uTɛhuma	1
uTɛhima	1
uTomas	1
uTiyɔfilus	1
uTiyatira	1
uTitiyus	1
uTiranus	1
uTimon	1
uTikikus	1
uTetɛ	1
uTehima	1
uTarofinus	1
uTamar	1
uSɛmɔn	1
uSɔdɔm	1
uSɔ	1
uSunɛimanu	1
uSufata	1
uSostanus	1
uSolomon	1
uSolomo	1
uSman	1
uSirɛna	1
uSinai	1
uSimon	1
uSila	1
uSikeba	1
uShiye	1
uSheyantiyan	1
uShenyntiyan	1
uSheba	1
uSharon	1
uSemɔ	1
uSayiri	1
uSayifurus	1
uSaraunyã	1
uSanmon	1
uSamutarkiya	1
uSamos	1
uSamon	1
uSamaina	1
uSakundus	1
uSairim	1
uSadaka	1
uSOLOMON	1
uRut	1
uRushɛri	1
uRsɛnima	1
uRoma	1
uRefan	1
uRama	1
uRahina	1
uRahab	1
uNiyafɔlis	1
uNineba	1
uNikola	1
uNikanor	1
uNibiya	1
uNdirawũ	1
uNazɛrɛt	1
uNazara	1
uMɛymi	1
uMusanu	1
uMolek	1
uModuro	1
uMitinin	1
uMesofotamiyã	1
uMeditereniyã	1
uMariyami	1
uMamako	1
uMajanisa	1
uMATAYA	1
uLidiya	1
uKɔneniyus	1
uKã	1
uKpuara	1
uKorasin	1
uKoneniyus	1
uKiyos	1
uKiristi	1
uKiribus	1
uKilikiya	1
uKankiriya	1
uKanaudiyus	1
uKaisɛriya	1
uKafinta	1
uJĩwa	1
uJɛrusɛlɛm	1
uJɛriko	1
uJɔrdãn	1
uJudas	1
uJona	1
uHu	1
uHikima	1
uHaruna	1
uHaniniyã	1
uHanana	1
uHamor	1
uGɔbna	1
uGomora	1
uGetsemani	1
uGaza	1
uGarasinawa	1
uGanatiya	1
uGadara	1
uFɛntikɔs	1
uFƐTAKƆS	1
uFontus	1
uFinibiyawa	1
uFinibi	1
uFinib	1
uFentikɔs	1
uFentikos	1
uFenis	1
uFarus	1
uDɔle	1
uDɔkas	1
uDole	1
uDiyonisiyus	1
uDir	1
uDimshku	1
uDimashku	1
uDamaris	1
uBɛtani	1
uBuwarnajis	1
uBurokora	1
uBuntus	1
uBulus	1
uBiyuru	1
uBiturs	1
uBitura	1
uBitiniya	1
uBetsida	1
uBatsheba	1
uBatinomi	1
uBartilomi	1
uBartalomi	1
uBarsaba	1
uBarnaba	1
uBarminas	1
uBanazaret	1
tɛyɛ̃sɛ	1
tĩyãba	1
tũyi	1
tũwɔ̃wɔ̃	1
tũwɔ̃	1
tũwõ	1
tũwãsɛ	1
tũwãbɔ	1
tɛwa	1
tɔurãni	1
tũtũni	1
tɛte	1
tũsɛwã	1
tũsɛ	1
tɛrisɛwẽ	1
tɛri	1
tɔnu	1
tɔmĩ	1
tɔmi	1
tũmi	1
tɔkunan	1
tũhẽ	1
tɛhuwãwũ	1
tɛhidɛ	1
tɛhide	1
tɔgiɔ	1
tɛginuwã	1
tɛgigũ	1
tɔgaɔ	1
tɛgahayi	1
tɛgahami	1
tɔbɔhɔ	1
tɛbɔ	1
tũbara	1
tɛbajibɔ	1
tũba	1
tuyɔ̃	1
tuyɔsɛ	1
tuwũ	1
tuwõ	1
tuwãyi	1
tuwãwa	1
tuwãhẽ	1
tuwu	1
tusuwokini	1
tusuwo	1
tuse	1
turi	1
tunyõ	1
tun	1
tumidari	1
tumi	1
tukpuru	1
tukpura	1
tui	1
tuhɛ	1
tugu	1
tugosɛsɔ	1
tuawbɔ	1
to	1
tiyosɛ	1
tiye	1
tiny	1
tini	1
tichabɔ	1
ticawu	1
ti	1
tebɔ	1
tazu	1
tawa	1
tatarabi	1
tatambara	1
tasɔ	1
tasawa	1
tasa	1
tarĩ	1
tariyã	1
taranu	1
tanghẽ	1
tanghɛ	1
taci	1
ta	1
sɛ̃wã	1
sɛ̃	1
sũũ	1
sɛwãwi	1
sɛwã	1
sɛwe	1
sɛwa	1
sɛshin	1
sɛrɛi	1
sɛrĩ	1
sɛmo	1
sɔmo	1
sɛma	1
sɛm	1
sɔhawu	1
sɔgirã	1
sɔgbiya	1
sɔgbi	1
sɔbɔba	1
sɛbɔ	1
sẽ	1
sãngã	1
swã	1
suwokɔ	1
susa	1
sup	1
sumi	1
sukuru	1
sukpũ	1
sub	1
sirwe	1
sirewe	1
sire	1
sirbɔ	1
siciba	1
sica	1
si	1
shĩyeni	1
shɛrɛhɛ	1
shɛrɛ	1
shɛri	1
shiyɛ	1
shiyo	1
shiyi	1
shiyawũ	1
shiyawa	1
shiwu	1
shini	1
shinebɔ	1
shimi	1
shigashiya	1
shibɔ	1
shibo	1
sheha	1
she	1
sewã	1
se	1
sayi	1
sariya	1
sarisɛ	1
sarihɛ	1
sarasɛ	1
sarab	1
sanu	1
samima	1
sake	1
sahan	1
saguwã	1
sad	1
sace	1
sa	1
rũgwi	1
rũdwi	1
rĩ	1
rãhɛ̃	1
rã	1
ruzin	1
ruzi	1
ruzam	1
ruwã	1
rutiyɛ	1
rusũ	1
rusup	1
rusukpũ	1
rusabɔ	1
rurɛmbɔ	1
ruruziye	1
rurusũ	1
rurukpũ	1
rurugbi	1
ruridɔ	1
ruri	1
runyʊbɔ	1
runyũbi	1
runyʊ	1
runyĩ	1
runumo	1
runudwisɔ	1
rundwisɔ	1
rukɛ̃rĩ	1
ruku	1
rukari	1
rujĩtɔ	1
ruhɛr	1
ruhutɔ	1
ruhuma	1
ruhayi	1
ruhahangã	1
rugur	1
rugbaja	1
rugba	1
rugatɔ	1
rudi	1
rudatɔ	1
rucicɛcici	1
rucicitɔ	1
ru	1
rogɔ	1
riyɔ	1
risũ	1
risugu	1
risiya	1
rishewe	1
risheba	1
rise	1
rirɛm	1
rikũ	1
rihĩrã	1
rihiwiya	1
rihitɔ	1
riha	1
right	1
ribi	1
riba	1
rerem	1
rere	1
rehirã	1
raysɛwɛ̃	1
rayabɔ	1
rawa	1
rasũ	1
raranu	1
rama	1
raiyɔ	1
rahakĩ	1
rahakuwɛ	1
puru	1
piyau	1
piau	1
pay	1
oɔtukpuru	1
ovuwo	1
otũwõ	1
otũmi	1
otuyɔsɛ	1
oturo	1
osu	1
orokubɔ	1
okucibɔ	1
okub	1
oiiiuu	1
ogu	1
ofɔ	1
odumo	1
odongse	1
oboruppko	1
nɛ̃yã	1
nɛ̃hɛ	1
nɛyi	1
nɔndugɔ	1
nɛi	1
nɛgiri	1
nɛbɛ	1
nɛbagun	1
nɔ	1
nyĩyeyĩ	1
nyĩn	1
nyĩmi	1
nyɛi	1
nyʊgu	1
nyʊ	1
nyã	1
nyiyã	1
nye	1
nuɔ	1
not	1
njɔri	1
njug	1
njibawa	1
nidra	1
nidira	1
ngãni	1
ngmĩyãsɛ	1
ngmɛjɛn	1
ngmiyã	1
ngmisɛwɛ̃	1
ngmisɛ	1
ngmihɛ̃	1
ngmgidan	1
ngmbogɔ	1
ngbmi	1
nese	1
negɛ	1
nebi	1
ndɛhi	1
ndirani	1
nang	1
namabɔ	1
nabɔ	1
na	1
mɛy	1
mɛsɛ	1
mɔrkɔ	1
mɛihɛ	1
mɔdɔnhɛwu	1
mɔ	1
míhi	1
mãyi	1
morɔ	1
moduro	1
mizɔgɔwu	1
mizi	1
mizagazã	1
miya	1
miwiyawã	1
miwiyawa	1
miwayuwa	1
mitũwãbi	1
mituwãbɔ	1
mituwu	1
mituwabi	1
mituhẽ	1
mitugɔ	1
miteshiyewu	1
mitaya	1
misɛm	1
misãsɛ	1
misur	1
misu	1
mise	1
misarisɛyɔ	1
mire	1
mirawi	1
mirahi	1
minɛsɛ	1
minyʊba	1
mini	1
mingmi	1
mikuciye	1
mikpai	1
mihẽ	1
mihukpabɔ	1
mihugɔdɔ̃	1
mihu	1
mihiy	1
mihiwiya	1
mihima	1
mihichabɔ	1
mihicabi	1
mihiba	1
mihaya	1
mihara	1
mihang	1
migbiwu	1
migbicawa	1
migbi	1
migay	1
midɔnma	1
midɔng	1
midonsɛbɔ	1
micĩ	1
micuga	1
micuce	1
mibusasɛ	1
mibur	1
mga	1
meƴ	1
meni	1
mejine	1
mbɛi	1
mbɛ	1
mbã	1
mbmi	1
mbmazã	1
mbma	1
mbesɛ̃	1
mbandir	1
mbaki	1
mbajĩ	1
mbagawa	1
maziyawa	1
maziyabi	1
mawisɛ	1
matũwã	1
matũhɛ̃yi	1
matawa	1
matar	1
masira	1
masami	1
mara	1
mapurawa	1
mangmĩyã	1
makpĩyãma	1
makpuwa	1
majĩyãma	1
mahinihɛ̃	1
mahini	1
mahicɛsɛwã	1
mahicabi	1
mahawi	1
mahangabi	1
maha	1
magu	1
magbɔ	1
magawa	1
maga	1
mafuwã	1
madɔng	1
madaga	1
little	1
kɔwɔ̃	1
kɔwũba	1
kũwũ	1
kũwãwã	1
kũwuba	1
kɔwai	1
kɔsur	1
kɔsi	1
kɔshi	1
kɔrũsũkpũ	1
kɔrɔkɔrɔ	1
kɔrsu	1
kɔra	1
kɔn	1
kɔmo	1
kɔkɔ	1
kɔkumɔ	1
kɔkpai	1
kɔhani	1
kɔdɔbɔ	1
kũbɛcɛ	1
kũbɔ	1
kɔbmi	1
kɔbin	1
kɔbatuwã	1
kɛ	1
kuyõ	1
kuwucĩ	1
kursũ	1
kunyi	1
kumĩba	1
kula	1
kucisɛ	1
kucibi	1
kuchowo	1
kubɔ	1
kubanu	1
ku	1
kpĩyãma	1
kpĩyãbɔ	1
kpũwayɔ	1
kpĩnbɔ	1
kpĩnba	1
kpĩn	1
kpãngã	1
kpãng	1
kpuwama	1
kpuribɔwusũ	1
kpuri	1
kpuiriyɔ	1
kpugbabɔ	1
kpuda	1
kpiŋ	1
kpiyãwã	1
kpiyawã	1
kpiwa	1
kpishir	1
kpirigũ	1
kpiri	1
kpinsɛ	1
kpinma	1
kpinba	1
kpayya	1
kpapuwa	1
kpang	1
kpakɔ	1
kpakpuwa	1
kpakpa	1
kpaikpaiba	1
kpaigihɔi	1
kpagãng	1
kosũkpũ	1
koshi	1
korusũ	1
koricɛ	1
kohani	1
kogihani	1
koda	1
kiyɔ	1
kiniba	1
kina	1
kimi	1
kemiye	1
kayasɛ	1
kanini	1
kan	1
kamimi	1
kamibɔ	1
kam	1
kakinini	1
kahibɔ	1
kada	1
kacawa	1
jĩyɔ	1
jĩyãma	1
jĩyãkɔ	1
jĩyãda	1
jĩtuhɛ	1
jĩtang	1
jũsɛwã	1
jĩrãwã	1
jĩni	1
jĩngnemi	1
jĩng	1
jĩma	1
jɛji	1
jĩbɔ	1
jũba	1
jũ	1
juwã	1
junsɛyɔ	1
jugujugu	1
juga	1
jug	1
juba	1
jiyawu	1
jiya	1
jiwihɛ	1
jiwa	1
jituwãwã	1
jisɛ	1
jishesɛ	1
jise	1
jirẽsɛ	1
jirã	1
jiribɔ	1
jinye	1
jinisɛ	1
jinihɛ̃	1
jine	1
jikɔ	1
jikin	1
jigaca	1
jibɔ	1
jibi	1
ji	1
jajara	1
jagsɛwẽ	1
jacksɛ	1
jaba	1
izɔgo	1
iziwu	1
izini	1
izibɔ	1
izayi	1
izakɔ	1
iza	1
iyɛuYesu	1
iyuo	1
iyiyɛsɛ	1
iyiyehɛ	1
iyib	1
iwʊra	1
iwãwiya	1
iwãni	1
iwwa	1
iwurmi	1
iwiyi	1
iwiyahɛ	1
iwisɛ	1
iwishe	1
iwayĩ	1
ivɛh	1
ivʊcin	1
ivʊ	1
ive	1
itũyõ	1
itɔmiyãni	1
itɔmiya	1
itɔ	1
ituyɔ̃	1
ituwãwũ	1
ituwãwu	1
ituwãmi	1
itushĩ	1
iturã	1
iturum	1
itugo	1
itomi	1
itisani	1
itawa	1
itara	1
itaba	1
isugaba	1
isubɔ	1
isisã	1
isirã	1
isima	1
isi	1
ishɛtɔurã	1
ishɛtɔr	1
ishĩrã	1
ishĩ	1
ishishib	1
ishena	1
isheha	1
isasãngã	1
isami	1
irɛm	1
irɛhi	1
irɛ	1
irãsɛbɔ	1
irãnsɛ	1
irisumo	1
irishisya	1
irimɔr	1
irimiyã	1
irikpũwã	1
irikpuwã	1
irikpurākpuri	1
irikisa	1
iricira	1
iribiyeyɔ	1
irembɔ	1
irembi	1
inĩyɛ̃	1
inɛyi	1
inɔmi	1
inɔgɔ	1
inɛbi	1
iná	1
inyɔmba	1
inyo	1
inuwã	1
inu	1
insaha	1
inomoba	1
injĩ	1
iniyɛwe	1
iniyewẽ	1
inityẽ	1
ininye	1
ingmgbɔg	1
ingmbɔg	1
inesɛbɔ	1
inegɛ	1
indɔgɔ	1
indɔgbɔ	1
indɔg	1
indayi	1
inawã	1
inawa	1
inang	1
inai	1
inack	1
inabiye	1
imɛyawũ	1
imɛya	1
imɔsɔbɔ	1
imɔ	1
imãg	1
immunjiba	1
immungmi	1
immukpuwa	1
immu	1
immiba	1
immayiyesɛ	1
immatuwã	1
immakpuwa	1
immabawa	1
immabahɛ	1
imiɛ	1
imgi	1
imbɛy	1
imberi	1
imbanyĩbi	1
imbanjiba	1
imbamara	1
imbakpay	1
imazi	1
imayĩ	1
imayã	1
imarã	1
imar	1
imangãyɔ	1
imangãnu	1
imajĩyãna	1
imaba	1
ila	1
ikũwã	1
ikɔruku	1
ikɔfama	1
ikũbi	1
ikɔb	1
ikuyɔ	1
ikuri	1
ikun	1
ikumi	1
ikucibɔ	1
ikpũã	1
ikpĩyãsɛ	1
ikpãngna	1
ikpuyɔ	1
ikpuriyɔ	1
ikpng	1
ikpim	1
ikpi	1
ikpayɔ	1
ikpaya	1
ikpanã	1
ikpam	1
ikom	1
iki	1
ikemi	1
ikara	1
ikar	1
ijĩyãyi	1
ijĩyãmi	1
ijĩyãbi	1
ijĩyã	1
ijĩnenu	1
ijĩma	1
ijɛjiyewe	1
ijɛjiba	1
ijuga	1
ijiwisɛ	1
ijirji	1
ijima	1
iji	1
ijejiye	1
ijaga	1
ijag	1
ihɔtɔ̃	1
ihɛrsɛ	1
ihɔgsɛ	1
ihʊbayahudawa	1
ihɛb	1
ihãrĩyã	1
ihãrĩgĩ	1
ihãrã	1
ihumani	1
ihugɛdɛrɛ	1
ihorɔnhɔ̃	1
ihiyehɛ	1
ihitũ	1
ihiri	1
ihiniyã	1
ihiganhɛ	1
ihidung	1
ihicawa	1
ihesi	1
iheshi	1
ihenyĩ	1
ihawiya	1
ihatũwɔ̃	1
iharĩn	1
ihara	1
ihakpai	1
ihagarĩyãni	1
igũwãni	1
igɔb	1
igãngyɔ	1
igãna	1
igã	1
igusẽ	1
igbɛmɛni	1
igbasayɔ	1
igbanu	1
igbamma	1
igbambɔ	1
igbama	1
igbadowa	1
igbadarabɔ	1
igbada	1
iganhɛ̃	1
igamgakamĩ	1
igabbiha	1
ifɔri	1
ifɔma	1
ifiye	1
ifi	1
ifa	1
idɔ̃sɛ	1
idĩyã	1
idĩya	1
idɛrĩ	1
idɛr	1
idɔngyɔ	1
idɔngsɛwu	1
idɔng	1
idɔiyɔ	1
idɛdɔbɔ	1
idɔbabĩyã	1
idã	1
iduy	1
iduro	1
idurbɔ	1
idu	1
idoɲ	1
idongyɔ	1
idiribi	1
idien	1
ididayɔ	1
idamiyã	1
icĩye	1
icuri	1
icuga	1
icinyɔ	1
icin	1
ibũ	1
ibo	1
ibini	1
ibgam	1
ibba	1
ibabɔ	1
ibabi	1
iSɛb	1
iSiyaku	1
iSirɛna	1
iJĩng	1
iHelenaci	1
iBirahi	1
hɛ̃	1
hɛyɔ	1
hɛysɛbɔ	1
hɛysɛ	1
hɛy	1
hɔvur	1
hɛshibɔ	1
hɛshiba	1
hɛrɛwɛ	1
hɛrɛsɛ	1
hɔrɔnor	1
hɔrɔnhɔ̃	1
hɛrɛhɛ	1
hɛrɛ	1
hɔrɔ	1
hɛrsɛwã	1
hɛrsɛbɔ	1
hɛrsɛ	1
hɛri	1
hɛrhɛma	1
hɛp	1
hɔngɔ̃	1
hũma	1
hɛkɔ	1
hɔksɛ	1
hɛhiya	1
hɔgɔngɔ	1
hɔgsɛbɔ	1
hɛg	1
hɔg	1
hɛbɛ	1
hɛbsɛ	1
hũ	1
hãyɔ	1
hãsɛ	1
huwãyɔ	1
humani	1
hukpowo	1
hukpaymi	1
hukpawa	1
hukpabɔ	1
hugɔyɔ	1
hugaziyawu	1
hugasami	1
hugakpiyã	1
hugaba	1
hude	1
hudawa	1
hubɔyĩ	1
hubɔni	1
hoda	1
hiyã	1
hiyiye	1
hiyeniba	1
hiyasɛ	1
hiyabɔ	1
hiwã	1
hise	1
hisami	1
hirĩ	1
hirãwã	1
hirãsɛ	1
hirãbi	1
hira	1
hir	1
hionisɛ	1
hinuwã	1
hiha	1
hideyĩ	1
hicɛsɛ	1
hicɛhɛ	1
hichayi	1
hichasɛ	1
hichabi	1
hice	1
hicawa	1
hicamĩ	1
hibɛ	1
herusũ	1
hehiya	1
hazã	1
hay	1
hawima	1
hawi	1
hashi	1
hasami	1
hariya	1
harisɛ	1
hangsɛ	1
hangbɔ	1
hangawũ	1
hangawu	1
ham	1
hakpay	1
hahãgãng	1
haharayɔ	1
haha	1
hagũwũ	1
hagbica	1
hada	1
gɔ̃dɔ̃gɔ̃	1
gɔzɔgɔ	1
gɛzɛ	1
gɛzige	1
gɔyuwɔ	1
gɔyuo	1
gɛyiyɛsɛ	1
gɛyi	1
gũwãwã	1
gɔwongɔ̃sɛwã	1
gũwi	1
gɔvuro	1
gɔvurbɔ	1
gɛviyɛ̃	1
gɛvi	1
gɔtũyõ	1
gɔtũwɔ̃	1
gɔtũwɔ	1
gɔtũwõ	1
gɛtɛrɛwɛ	1
gɛtɛri	1
gɔtɔnɔsɔ	1
gɔtũhẽ	1
gɔtɔgɔ	1
gɔtɔgo	1
gɔtuyõ	1
gɔtuwɔwu	1
gɔtuwɔsẽ	1
gɔtuwɔhẽ	1
gɔtuwɔ	1
gɛtiyewe	1
gɛtiriye	1
gɛsɛmɛ	1
gɛsɛm	1
gɔsɔgɔbɔ	1
gɛsɛbɛ	1
gũsɛ	1
gɔsuwɔ	1
gɔsuwo	1
gɔsugɔ	1
gɔsubɔ	1
gɔsubo	1
gɔsub	1
gɛsiyɛ	1
gɛsi	1
gɛshɛwi	1
gɛshiyɛwɛ	1
gɛshiyɛwe	1
gɛshiyi	1
gɛshibɔ	1
gɛrɛhãrĩ	1
gɔrɔgɔwɔ	1
gɔrɔgɔrɔ	1
gɔrɔgɔgĩ	1
gɛrɛbi	1
gɛrisɛhɛ	1
gɛreziye	1
gɛnɛybɔ	1
gɛnɛhɛ	1
gɛnɛgɛ	1
gɛnyĩ	1
gɔngbɔgɔ	1
gĩng	1
gĩn	1
gũmi	1
gɛmbɛɛ	1
gɛmbɛy	1
gɔkũyɔ̃	1
gɔkumi	1
gɔkuciyɛ	1
gɛjɛ̃	1
gɛjɛnu	1
gɛjɛnbi	1
gɛjɛn	1
gɛjɛjinu	1
gɛjɛbɛwɛ	1
gɛjɛbɛgĩ	1
gĩjĩ	1
gɔhɔ̃gɔ̃	1
gɔhɔwo	1
gɛhɛrɛhɛ	1
gɔhɔru	1
gɛhɛnge	1
gɨhɔgɔ	1
gɔhɔgsɛ	1
gɛhɛbɛsɛ	1
gɛhɛ	1
gɛhiɛ	1
gɛhimɛ	1
gɛhime	1
gɛhicɛ	1
gɛhi	1
gɔguru	1
gɔguro	1
gɔgui	1
gɛgbɛrɛ	1
gɔgbɔg	1
gũgaham	1
gũgaca	1
gɔfɔwɔ	1
gɔfɔri	1
gɔfɔkɔnu	1
gɔfɔkɔ	1
gɔdɔ̃ngɔ̃bɔ	1
gɔdɔ̃gɔ̃	1
gɔdɔngɔ̃bɔ	1
gɔdɔngɔwɔ̃	1
gɔdɔkɔ	1
gɔdɔhɔ̃rɔm	1
gɔdurɔmi	1
gɔdurɔ	1
gɔduro	1
gɔdungɔwɔ̃	1
gɔdumɔ	1
gɔdui	1
gɛcĩyɛ	1
gɛcɛra	1
gɛciyẽ	1
gɛciye	1
gɛcinye	1
gɛcicibi	1
gɛcici	1
gɔbɔggɔ	1
gɔbɔbi	1
gɔbomoyɔ	1
gɛbiyɛ	1
gɛbisɛwe	1
gɛbisɛ	1
gɛbin	1
gɔb	1
gə	1
gítí	1
gíti	1
gínjɔ	1
gígũ	1
gìha	1
gãnsɛ	1
gãhi	1
gãhanga	1
gwai	1
guzɛshĩ	1
guzɛ	1
guzã	1
guziya	1
guzin	1
guzibba	1
guze	1
guyuosɛyɔ	1
guyuo	1
guyma	1
guya	1
guwãsɛ	1
guwuni	1
guwiya	1
guwinini	1
guwayumi	1
guvukɔ	1
gutũwã	1
gutuwãwã	1
gutusu	1
gutay	1
gusɛbɛ	1
gusɛb	1
gusami	1
gusakpura	1
gurãsɛ	1
gure	1
gunɔm	1
gunyi	1
gunesɛ	1
gunang	1
gumɛy	1
gumar	1
gukũ	1
gukpĩwa	1
gukam	1
gujĩkɔ	1
guhũwã	1
guhɔksɛ	1
guhuwi	1
guhuhɔngɔ̃	1
guhibe	1
gugiriga	1
gugirgah	1
gugiga	1
gugbɛr	1
gugbica	1
gufɔri	1
guduy	1
gudumo	1
gudam	1
gucĩwa	1
gubɔmihɛ̃	1
gubɔgɔ	1
gubazi	1
gubara	1
gubafɔ	1
gskpugba	1
goyuyo	1
goyuobi	1
gowongõ	1
govur	1
gotũwõ	1
gotũbɔ	1
gotugoyi	1
gotugobɔ	1
gotu	1
gohurɔ̃	1
godɔba	1
goduy	1
godurowo	1
goduro	1
godumo	1
godugbo	1
gna	1
gizã	1
giziya	1
giziwu	1
gizigewe	1
gizige	1
giza	1
giyĩbɔ	1
giyibanu	1
giwurmi	1
giwurbɔ	1
giwurbi	1
giwunini	1
giwisɛ	1
giwininiyẽ	1
giwini	1
gitɔyɔ̃	1
gitũyɔ̃	1
gitũsɛwã	1
gitũsɛ	1
gitusɛ	1
gitui	1
gituhɛ	1
gitugo	1
gitisayɔnu	1
gitari	1
gitang	1
gisɔmɔ	1
gisɛm	1
gisɔcida	1
gisu	1
gishiye	1
gishir	1
gishe	1
gisem	1
gisake	1
girãsɛwɛ̃	1
giriziye	1
girisɛ	1
girishiya	1
girihi	1
giribiye	1
girga	1
gipur	1
ginɛsɛ	1
ginɔmɔnu	1
ginɔmu	1
ginɛgɛ	1
ginyʊba	1
ginyɛ	1
ginyiyã	1
ginwã	1
ginuwãba	1
ginuawã	1
ginu	1
ginomu	1
ginomoni	1
giniyãwã	1
giniyewe	1
giniye	1
giniwũ	1
ginimi	1
gingmbɔgɔ	1
ginesɛ	1
gindurba	1
gimbɔg	1
gimbag	1
gimayasɛ	1
gimaya	1
gikui	1
gikuciye	1
gikpo	1
gikpisa	1
gikpirugũ	1
gikpirigũwãwũ	1
gikpirigu	1
gikpim	1
gikpaysɛ	1
giko	1
gikini	1
gijĩzãsɔ	1
gijĩyã	1
gijũsɛbɔ	1
gijɔni	1
gijĩn	1
gijĩma	1
gijiri	1
gijinibɔ	1
gijin	1
giji	1
gihɛshiyi	1
gihĩrã	1
gihɛrsɛwã	1
gihɔck	1
gihɛ	1
gihɔ	1
gihãgãng	1
gihukpay	1
gihui	1
gihiyiye	1
gihiyi	1
gihiya	1
gihisawa	1
gihirãbi	1
gihirã	1
gihiniyã	1
gihikũ	1
gihihang	1
gihigaya	1
gihicɛhɛ	1
gihicehɛ	1
gihazã	1
gihaysɔ	1
gihatata	1
gihari	1
gihamasɔnu	1
giha	1
gigũwãyɔ	1
gigũsɛ	1
giguwã	1
gigui	1
gigmog	1
gigmbɔg	1
gigbɛr	1
gigbɔng	1
gigbeng	1
gigasasɛ	1
gigansɛ	1
gigangsɛ	1
gifɔda	1
gidɔng	1
gidɔbabĩyã	1
giduro	1
gidur	1
gidudu	1
gidir	1
gidayi	1
gida	1
gicĩyɛ	1
gicĩda	1
gicĩ	1
giciyi	1
gicisũ	1
gicini	1
giciciniyãsini	1
giciciniyã	1
gichãnwã	1
gica	1
gibusasɛwã	1
gibafɔ	1
gibada	1
gibabi	1
ghɛ	1
gha	1
getiye	1
getishe	1
getibe	1
gesɛb	1
geshĩnge	1
geshiyɛ	1
geshiyemi	1
geshiwu	1
geshingẽ	1
gesenejenki	1
gerisheyi	1
gerise	1
gerebiye	1
gerebi	1
genyĩ	1
genye	1
genegɛsɛ	1
gejinibɔ	1
gei	1
gehɛrɛ	1
gehicewe	1
gefirisɛ	1
gecĩyẽyɔ	1
gecĩ	1
gecinye	1
gecici	1
gci	1
gbĩsɛ	1
gbɔgbɔhɛ	1
gbɛgbishe	1
gbĩ	1
gburmasɛ	1
gbodo	1
gbiwu	1
gbisɛwã	1
gbisɛbɔ	1
gbisu	1
gbisshewe	1
gbishewe	1
gbingsɛ	1
gbimi	1
gbihɛ̃	1
gbichawu	1
gbicawa	1
gbibɔ	1
gbibi	1
gbi	1
gbanyɔ	1
gbakum	1
gbagacegɛ	1
gbabeji	1
gazĩya	1
gazɔgɔwu	1
gazĩba	1
gazuwu	1
gazuga	1
gazu	1
gaziyayi	1
gaziy	1
gazinyã	1
gazii	1
gazihɛwã	1
gazigeyɔ	1
gazibi	1
gazhiyi	1
gazabɔ	1
gaza	1
gayĩyã	1
gayuwɔ	1
gayuwa	1
gayuobɔ	1
gayubɔ	1
gayu	1
gaysɛ	1
gayisɛ	1
gayawu	1
gayarisɛ	1
gayari	1
gayara	1
gayakpai	1
gay	1
gawɔrɔ	1
gawongõ	1
gawira	1
gawikɔ	1
gawayubi	1
gawagawu	1
gawagabɔ	1
gawa	1
gavuwo	1
gavuro	1
gaviye	1
gaviriyɔ	1
gavinisɛ	1
gavinikɔ	1
gatɛ̃y	1
gatɛyɛ̃sɛ	1
gatũyõsɛ	1
gatũyõbɔ	1
gatĩyã	1
gatũwɔ̃sɛ	1
gatũwũsɛwɛ̃	1
gatũwõsɛ	1
gatũwãwũ	1
gatũwãmi	1
gatũwãbi	1
gatũwohɛ̃	1
gatũsɛ	1
gatũrĩ	1
gatũbɔ	1
gatãrĩshi	1
gatãgã	1
gatuyɔ	1
gatuyõ	1
gatuwõ	1
gatuwãyã	1
gatuwãyi	1
gatuwãsɛ	1
gatuwu	1
gatuwo	1
gatusɛ	1
gatusawa	1
gaturi	1
gatugoyi	1
gatugowo	1
gatugobɔ	1
gatugobi	1
gatubɔ	1
gatrishe	1
gatisa	1
gatipbe	1
gaticha	1
gatibewe	1
gatazuwa	1
gataysɔ	1
gatay	1
gatawa	1
gatasabɔ	1
gatakɔ	1
gatagang	1
gat	1
gasɛriya	1
gasɛrisɛ	1
gasɛmɛsɛ	1
gasɔmi	1
gasɔgɔbɔ	1
gasɛ	1
gasãwu	1
gasãsɛwã	1
gasãsɛmi	1
gasãngã	1
gasur	1
gasuga	1
gasu	1
gasirkɔ	1
gashĩyãwã	1
gashɛwiye	1
gashɛrɛ	1
gashuyɔ̃	1
gashiyɛ	1
gashiyã	1
gashiyewe	1
gashiyakɔ	1
gashiyabɔ	1
gashiyabi	1
gashio	1
gashimi	1
gashewiye	1
gashewibɔ	1
gasasɛ	1
gasasangã	1
gasarisɛyɔ	1
gasarakpura	1
gasara	1
gasanhɛ	1
gasana	1
gasamisɛyɔ	1
gasamin	1
gasamibin	1
gasamibi	1
gasamia	1
gasake	1
gasak	1
gasagã	1
gasace	1
gasabɔ	1
gasaba	1
garɛ	1
garãsɛwɛ̃	1
garãsɛ	1
garishewu	1
garishebi	1
garihɛ	1
gare	1
garayɛ	1
garaykɔ	1
garay	1
garashiba	1
garami	1
garamawã	1
garama	1
garagbisakɔ	1
garadɔ	1
garabɔrɔ	1
garab	1
gar	1
gapurakɔ	1
gapkan	1
ganɛsɛ	1
ganɛrɛ	1
ganɛgɛwɛ	1
ganyʊ̃	1
ganyĩyɔ̃	1
ganyĩya	1
ganyĩwũ	1
ganyʊwã	1
ganyũwa	1
ganyũmi	1
ganyĩmi	1
ganyã	1
ganyibɔ	1
gansɛ	1
ganjiriya	1
ganjibayɔ	1
ganjibawa	1
ganjibami	1
ganisɛ	1
ganihĩ	1
ganhɛ̃	1
gangʊ	1
gangmĩsɛ	1
gangmiyã	1
gangmiya	1
ganerɛ	1
ganegɛbɔ	1
ganasɛ	1
ganasar	1
ganara	1
ganangãyi	1
ganangãwã	1
ganangãba	1
ganangawã	1
ganama	1
ganagã	1
gan	1
gamĩyãyɔ	1
gamɛysɛ	1
gamusa	1
gamisa	1
gambɛy	1
gamarawu	1
gamar	1
gamananu	1
gamagawa	1
gakũwãyi	1
gakũwãmi	1
gakũwãbɔ	1
gakũwãbi	1
gakũwawu	1
gakũsɛ	1
gakɔkumo	1
gakũbɔ	1
gakũbi	1
gakõ	1
gakuye	1
gakuri	1
gakumi	1
gakui	1
gakucimi	1
gakucibɔ	1
gakpĩyãwã	1
gakpĩyãwa	1
gakpĩyãsɛ	1
gakpĩyãma	1
gakpĩyãbɔ	1
gakpĩyãba	1
gakpĩnyã	1
gakpãngã	1
gakpã	1
gakpuwasɔ	1
gakpuwada	1
gakpuribɔ	1
gakpugbabi	1
gakpugaba	1
gakpuga	1
gakpiyãbɔ	1
gakpiyã	1
gakpiya	1
gakpisa	1
gakpirigũ	1
gakpgãng	1
gakpayya	1
gakpaywu	1
gakpaysɛ	1
gakpayshi	1
gakpanmba	1
gakpangã	1
gakpam	1
gakpagã	1
gakayawa	1
gakapy	1
gakapay	1
gakap	1
gakanjira	1
gakanjir	1
gakamiyã	1
gakamihɛ̃	1
gakamibi	1
gakacasɛ	1
gak	1
gajɛ̃nu	1
gajĩyãwa	1
gajĩyãma	1
gajɛy	1
gajũwãsɛ	1
gajĩwã	1
gajɛrĩsɛwã	1
gajɛnu	1
gajɛng	1
gajɛne	1
gajĩne	1
gajĩnbi	1
gajĩkɔhɛ	1
gajĩfɔ	1
gajɛbɛwɛ	1
gajũba	1
gajãni	1
gajiyãkɔ	1
gajiya	1
gajishesɛ	1
gajishekɔ	1
gajisesɛ	1
gajirãwã	1
gajiriyi	1
gajiriya	1
gajia	1
gajakga	1
gajagawa	1
gajabawa	1
gaiba	1
gahɔ̃gɔ̃	1
gahɛysɛ	1
gahɛrɛwɛ	1
gahɛrɛsɛwã	1
gahɛrɛsɛwu	1
gahɛrsɛ	1
gahɛkpɛ	1
gahɔggɔ	1
gahɛbɛ	1
gahĩ	1
gahãwã	1
gahãhã	1
gahã	1
gahuwãki	1
gahumo	1
gahukpawa	1
gahiyãbɔ	1
gahisawu	1
gahiranu	1
gahiniwu	1
gahine	1
gahime	1
gahima	1
gahihawa	1
gahidɛ	1
gahichawa	1
gahichabi	1
gahicemi	1
gahicabɔ	1
gaherɛ	1
gahazãsɔ	1
gahaysɛ	1
gahayiye	1
gahayasɛ	1
gahawu	1
gahasir	1
gahashiya	1
gahariya	1
gaharaba	1
gahambajĩbɔ	1
gahakpay	1
gahagũ	1
gahafa	1
gahabɔ	1
gahabi	1
gahaba	1
gah	1
gagũwãn	1
gagũwa	1
gagãyãbɔ	1
gagã	1
gaguwãsɛ	1
gagbɔgɔ	1
gagbĩ	1
gagbãnani	1
gagbã	1
gagbishewe	1
gagbishesɛ	1
gagbisesɛ	1
gagbicami	1
gagbicah	1
gagbagã	1
gagbaba	1
gagaysɛ	1
gagawiya	1
gagawibɔ	1
gagasasɛ	1
gagarisɛbɔ	1
gagarisɛ	1
gaganawã	1
gagan	1
gagaca	1
gaga	1
gafɔribɔ	1
gafɔkɔ	1
gafɔbɔ	1
gafuwa	1
gafica	1
gafi	1
gafazu	1
gafasa	1
gafama	1
gafagba	1
gafabĩyã	1
gadɔ̃ngɔ̃	1
gadɔ̃gɔ̃ng	1
gadɔ̃gɔwɔ̃	1
gadĩyãwã	1
gadɔngɔ̃wɔ̃	1
gadɔngɔ̃sɛ	1
gadɔngsɛwu	1
gadɔngsɛbɔ	1
gadɔkɔ	1
gadɔgɔngɔ̃wɔ̃	1
gaduybi	1
gaduy	1
gadurɔ	1
gadurowu	1
gadung	1
gadukpowo	1
gadui	1
gadonggɔ̃	1
gadirkɔ	1
gadigadirakɔ	1
gadiduwɔ	1
gadidugɔ	1
gadi	1
gadayi	1
gadasɛ	1
gadara	1
gadana	1
gadamimi	1
gadamasɛ	1
gadamahɛ̃	1
gadagasɛyɔ	1
gacĩyẽbɔ	1
gacĩyẽ	1
gacɔrinyã	1
gacɛgɛwɛ	1
gacã	1
gacugbi	1
gaciyɛ̃	1
gaciyẽbɔ	1
gacire	1
gacir	1
gacicisɛwã	1
gacha	1
gacay	1
gabɔwɔ	1
gabɔmisɛ	1
gabɔgɔ	1
gabɔ	1
gabã	1
gabusasɛwẽ	1
gabusasɛwã	1
gabursɛ	1
gabomosɛwẽ	1
gabomosɛ	1
gabisheyi	1
gabishebi	1
gabini	1
gabineni	1
gabin	1
gabigiya	1
gabigi	1
gabigabiyakɔ	1
gabi	1
gabayɔ	1
gabakɔ	1
gabafɔ	1
gababɔ	1
gaKpɔgɔ	1
fɔwo	1
fɔrikɔ	1
fɔkɔ	1
fɔdɔn	1
furi	1
funhɛbɔ	1
fu	1
fowa	1
firis	1
firi	1
fama	1
fagba	1
eyiyɛ	1
eshiye	1
epepe	1
enyĩye	1
enyibɔ	1
eheri	1
ebishewu	1
ebishe	1
ebini	1
ebinenu	1
ebina	1
e	1
dɔƴɔ	1
dɔ̃ngsɛ	1
dɔ̃ngmi	1
dɔ̃gɔnsɛ	1
dɛ̃dɛ̃rĩgã	1
dĩyã	1
dɔyi	1
dɔsɔ	1
dɔrinmi	1
dɔnyɔ	1
dɔngɔ̃wɔ̃	1
dɔngɔ̃wõ	1
dɔngɔ̃bɔ	1
dɔngɔwa	1
dɔngsɛ	1
dɔnghɛwã	1
dɔmi	1
dɛhɛ	1
dɔgɔ̃sɛ	1
dɔgɔ̃	1
dɔdobi	1
dãrĩyã	1
dãnyĩ	1
dãnyi	1
duy	1
duwo	1
dusa	1
durmi	1
durbɔ	1
dukpayi	1
dufu	1
dudu	1
du	1
donwa	1
dongõ	1
dongsɛbɔ	1
dongsɛ	1
doisɛ	1
dobɔ	1
dirbɔ	1
dirba	1
dirawã	1
dirawu	1
dinga	1
didirakɔ	1
didayɔba	1
dibadayɔ	1
diabɔ	1
denu	1
dariya	1
damsĩ	1
damiyã	1
damhẽ	1
dama	1
dahn	1
daga	1
daba	1
cɛ̃ĩ	1
cɛrɛrɛ	1
cɔrĩ	1
cɛnyi	1
cɔbɔ	1
cɛ	1
curiyɔ	1
curiya	1
curima	1
curibɔ	1
cugayi	1
cugasɛ	1
ciwɛ̃	1
cirsɛ	1
cirkɔ	1
cira	1
cir	1
cinye	1
cini	1
cing	1
cinda	1
cika	1
cihɛ	1
cigaba	1
cicikɔ	1
chɔrin	1
chɛkɛrɛ	1
chɛk	1
chɔbɔwɔ	1
chɔbɔ	1
chuga	1
chobɔ	1
chiryɔ	1
cha	1
can	1
cabi	1
c	1
bĩyã	1
bɛtɛtɛ	1
bɔtũsɛ	1
bɛtɛr	1
bɔtɔgɔ	1
bɛtɛgaha	1
bɛtɛbi	1
bɔtɔ	1
bɔtuwu	1
bɔtuwa	1
bɔtusɛbi	1
bɔtuhɛ	1
bɔtubi	1
bɔsɔmi	1
bɔsɔja	1
bɔsɔgbihɛ	1
bɔsɔgbi	1
bɛsɛ	1
bɛsicibɔ	1
bɛsiciba	1
bɔshũ	1
bɛshirihɛ	1
bɛrɛziyeni	1
bɛrɛbiye	1
bɔro	1
bɛrisũ	1
bɛricɛ	1
bɛribɛ	1
bɛribɔ	1
bɛriba	1
bɛpkiŋ	1
bɛnɛmi	1
bɛnɛgɛ	1
bɔnɔbɔ	1
bɛnyɛi	1
bɛnyi	1
bɛny	1
bɔnjɔk	1
bɛngmɛjɛn	1
bɛnebi	1
bɛmɛywu	1
bɛmɛi	1
bɛmigɛ	1
bɔkɔm	1
bɔkɔdɔ	1
bɔkɔb	1
bɔkucimi	1
bɔkucibɔ	1
bɔkpɔgɔ	1
bɛkpiŋ	1
bɛkpirigu	1
bɔkp	1
bɛjɛbwu	1
bɛjiri	1
bɛjin	1
bɛhɛysɛbɔ	1
bɛhɛrɛsɛ	1
bɛhɛrsɛwẽ	1
bɛhɛrisɛ	1
bɛhɛrhɛwã	1
bɛhɛp	1
bɔhɔdur	1
bɛhɛcĩyẽ	1
bɛhɛ	1
bɔhurɔ	1
bɔhur	1
bɛhirɛ	1
bɛhire	1
bɔgbɔ̃g	1
bɔgbɔggɔ	1
bɛgbihɛ	1
bɔfɔribɔ	1
bɔfɔgɔ	1
bɔfɔba	1
bɛfiris	1
bɔdɔ̃rĩbi	1
bɔdɔrĩwũ	1
bɔdɔrĩmi	1
bɔdɔrĩbɔ	1
bɔdɔrinyã	1
bɔdɔrinmi	1
bɔdɔrin	1
bɔdɔngɔ	1
bɔdɔngbɔ	1
bɔdurɔwɔ	1
bɔdungmi	1
bɔdumɔ	1
bɔdugbo	1
bɛcĩyẽ	1
bɔcɔbɔwu	1
bɔcɔbɔbi	1
bɛcĩba	1
bɔcubɔ	1
bɛcinye	1
bɛcibɔ	1
bɛci	1
bɛbɛsɛbɔ	1
bɛbɛrbɔ	1
bɛbɛr	1
bɛbɛba	1
bɛbɛ	1
bɛbisɛmi	1
bɛbisewe	1
bɛbi	1
bɔbawiya	1
bõdɔngbɔ	1
bãyir	1
bãrãhɛ̃	1
bànyĩyã	1
bwai	1
busasɛwã	1
busahɛ	1
busabɔ	1
busa	1
bura	1
bur	1
bunu	1
buhu	1
botusɛ	1
botubɔ	1
boshuyõsɛ	1
bogbodo	1
bodurɔ	1
biyeyi	1
bisɛhɛwu	1
bisɛ	1
bisheyi	1
bishewe	1
bishemi	1
bishebɔ	1
bisebɔ	1
bisawu	1
bisa	1
binahuwã	1
bigĩ	1
bigi	1
bibini	1
beyiyehɛ	1
betiye	1
betip	1
berisewe	1
berimi	1
bepkirigũ	1
bepkirigu	1
benɛgɛsɛ	1
benegɛ	1
benebɔ	1
bejin	1
behɛrsɛbɔ	1
begbisɛ	1
becir	1
becinye	1
beciciye	1
bebiye	1
bazɔgɔsɛ	1
bazãzã	1
bazãni	1
bazãba	1
baziyi	1
baziyayi	1
baziyami	1
baziyahɛ	1
baziyabɔ	1
baziyabi	1
baziwu	1
bazisɛwã	1
bazisɛbi	1
bazirbɔ	1
bazir	1
bazini	1
bazimi	1
bazihɛwã	1
bazigbasɛyɔ	1
bazazã	1
bazagaZã	1
baza	1
bayĩyesɛ	1
bayɛwã	1
bayʊri	1
bayɔ	1
bayĩ	1
bayuyo	1
bayuwowo	1
bayuobɔ	1
bayuo	1
bayiyewe	1
bayisɛ	1
bayasɛ	1
bawiniyẽ	1
bawininiye	1
bawiga	1
bawayũ	1
bawagmi	1
bawaghɛ	1
bawagga	1
bawagabi	1
bawack	1
bavur	1
baviyesɛ	1
baviye	1
batũyɔ̃sɛ	1
batũyõbɔ	1
batũyõ	1
batũyi	1
batũwɔ̃	1
batũwũ	1
batũsɛ̃wã	1
batũbɔ	1
batũbi	1
batãngsɛ	1
batuyõsɛ	1
batuyõ	1
batuye	1
batuwãsɛkɔ	1
batuwãmi	1
batuuwã	1
batusɛwã	1
batusɛbɔ	1
batusabi	1
batusa	1
baturi	1
batumi	1
batugɔ	1
batucɛ̃	1
batiyã	1
batiyebɔ	1
batiye	1
baticha	1
baticawu	1
batica	1
batibe	1
batib	1
batay	1
batatiyãbɔ	1
bataranu	1
batarani	1
batara	1
batangã	1
batanghɛ̃wurubĩyã	1
batain	1
batahɛ	1
batagũhẽ	1
batacugasɛ	1
basĩya	1
basɔ	1
basurcɛ̃	1
basug	1
basiye	1
basisa	1
basircɛ̃	1
basirbɔ	1
basirba	1
basiraba	1
basiir	1
basicani	1
bashɛrɛsɛ	1
bashiyã	1
bashiyasɛ	1
bashiriye	1
bashimi	1
bashewiye	1
basasira	1
basariwu	1
basarisɛ	1
basaribi	1
basarasɛ	1
basahɛ̃	1
barɔgɔ	1
barãwã	1
barãhẽ	1
bariyɔ	1
barishe	1
barimi	1
barebɔ	1
baraziye	1
barayasɛ	1
baray	1
barawa	1
barasiya	1
barashiyaba	1
baransɛ	1
barakũ	1
barakpũbɔ	1
barakpaĩ	1
barai	1
baracira	1
baracana	1
barabɔ	1
barabiye	1
barabi	1
bapuryi	1
bapurbɔ	1
banɛbɔ	1
banũ	1
banã	1
banyʊ̃	1
banyĩyã	1
banyĩbi	1
banyʊba	1
banyʊ	1
banyãwã	1
banyuba	1
banyiyi	1
banyiwu	1
banyin	1
banuwã	1
banidr	1
banibɔ	1
bangmiyã	1
bane	1
bandirabɔ	1
banang	1
banamawã	1
banagã	1
banabɔ	1
banabi	1
banNazɛrɛt	1
bamĩ	1
bamãya	1
bamisami	1
bamikɔnu	1
bambaya	1
bamawiya	1
bamaryi	1
bamarbɔ	1
bamarbi	1
bamara	1
bamanzani	1
bamakgawu	1
bamag	1
bakũwãyi	1
bakõ	1
bakãrĩ	1
bakuwũ	1
bakuwãbɔ	1
bakucɔwɔ	1
bakuco	1
bakucimi	1
bakucibɔ	1
bakuci	1
bakuchiye	1
bakubo	1
bakpɔ	1
bakpãngã	1
bakpãn	1
bakpãgã	1
bakpuriba	1
bakpiyãwã	1
bakpiyã	1
bakpirugu	1
bakpirigũwãwũ	1
bakpirigu	1
bakpiri	1
bakpinba	1
bakpin	1
bakpimbɔ	1
bakpangãwã	1
bakpaihɛ	1
bakpa	1
bakiyã	1
bakira	1
bakha	1
bakarasɛwã	1
bakara	1
bakar	1
bakan	1
bakamti	1
bakamihɛ	1
bajĩzi	1
bajĩyãbɔ	1
bajĩsɛ̃	1
bajĩrãbɔ	1
bajũnsɛ	1
bajũhɛ̃yɔ	1
bajũba	1
bajĩba	1
bajiya	1
bajitusa	1
bajise	1
bajirã	1
bajinsɛ	1
bajiniye	1
bajinfɔ	1
bajin	1
bajibawa	1
bajba	1
bajagsɛwɛ̃	1
bahɛybɔ	1
bahɛwɛ	1
bahũwa	1
bahɛrrɛ	1
bahɛrikũ	1
bahɛr	1
bahɛpbɛ	1
bahɛmg	1
bahɛisɛ	1
bahɛi	1
bahɔg	1
bahɛ	1
bahĩ	1
bahukpabɔ	1
bahuibɔ	1
bahugɛrisɛ	1
bahugɔ	1
bahugaba	1
bahuba	1
bahiyãsɛ	1
bahiyã	1
bahiyasɛbi	1
bahiyasɛ	1
bahisawu	1
bahisami	1
bahisabɔ	1
bahirãsɛ	1
bahirisɛ	1
bahinisɛwã	1
bahinisɛbɔ	1
bahinihẽ	1
bahigbe	1
bahicɛhɛ	1
bahice	1
bahicawa	1
bahayasɛ	1
bahawa	1
bahasami	1
baharjĩ	1
bahariyɔ	1
baharibɔ	1
bahariba	1
baharazã	1
baharawi	1
baharagũ	1
bahangã	1
bahangwu	1
bahangbɔ	1
bahai	1
bahahini	1
bahagbica	1
bahagani	1
bahada	1
bahacir	1
bahacimi	1
bagũmi	1
bagũhe	1
bagũbɔ	1
bagũbi	1
bagãngsɛ	1
baguwã	1
bagu	1
bagtari	1
bagirãnu	1
bagha	1
bagbɔgbi	1
bagbĩ	1
bagbisu	1
bagbishe	1
bagbisa	1
bagbin	1
bagbicha	1
bagbicabɔ	1
bagbicabi	1
bagberɛ	1
bagbansɛ	1
bagbangsɛbɔ	1
bagbaba	1
bagayhɛ	1
bagay	1
bagasahɛ	1
bagasabɔ	1
bagarihɛwã	1
bagarigɛwã	1
bagari	1
bagapura	1
baganhɛ̃	1
bagan	1
bagahaba	1
bafĩ	1
bafirwu	1
bafiritɔci	1
bafirisiwa	1
bafirisawa	1
badɔ̃sɛbɔ	1
badɔ̃gɔ̃sɛ	1
badĩyã	1
badɛy	1
badɔrĩbɔ	1
badɔrin	1
badɔngɔ̃	1
badɔngɔ	1
baduy	1
badurwu	1
badurbɔ	1
badungɔ̃	1
badorĩ	1
badorinyã	1
badirbɔ	1
badirabini	1
badidɔggɔ	1
badidu	1
badi	1
badamsɛwã	1
badamsɛ	1
badami	1
badamahɛ̃wã	1
badama	1
badam	1
badagsɛ	1
badag	1
bacĩyẽ	1
bacĩn	1
bacĩ	1
bacã	1
bacurin	1
bacuka	1
bacugayi	1
bacugawa	1
bacugabɔ	1
bacubɔwu	1
bacobɔwu	1
baciyɛ̃	1
baciyabɔ	1
bacisabi	1
bacinye	1
bacinhɛ	1
bacin	1
baciga	1
baciciyi	1
bacicibɔ	1
bacici	1
bachãwã	1
bachuga	1
babĩyãni	1
babɔnu	1
babĩn	1
babusasɛbɔ	1
babusahɛ	1
babubɔ	1
babiye	1
babisɛ	1
babishebɔ	1
babishebi	1
babigi	1
babaĩyã	1
babatuwã	1
babara	1
babagũ	1
babafɔ	1
babacin	1
baYudawa	1
baYahude	1
baYahudawaba	1
baUrusɛnima	1
baTasanonikawa	1
baTasanonika	1
baSuriya	1
baSodakiyawa	1
baSitokiyawa	1
baSinai	1
baSikeba	1
baSadokiwaya	1
baNazarat	1
baNawi	1
baNarabawa	1
baMidiyana	1
baMesofotamiya	1
baMediyawa	1
baMasr	1
baMagadana	1
baKɔrintiyawa	1
baKiritawa	1
baKaldiyawa	1
baKafadokiya	1
baIsra	1
baHɛnɛnɛ	1
baGaninawa	1
baGanatiya	1
baFirjiya	1
baFiritɔci	1
baFiritoci	1
baFirist	1
baFirisiyawa	1
baFartiyawa	1
baFarisiywa	1
baFarisiwaya	1
baFarisawa	1
baFantus	1
baFamfiniya	1
baFaeisiyawa	1
baDimashku	1
baBanazɛrɛ	1
baBabina	1
baBabila	1
baAnabawa	1
azãwã	1
azuwu	1
azur	1
azizag	1
aziyawa	1
aziyabɔ	1
aziyabi	1
azisɛwã	1
azir	1
azihɛbɔ	1
azibba	1
azazã	1
azagĩ	1
ayĩyã	1
aywa	1
aysabi	1
aymi	1
aykɔ	1
ayiya	1
ayin	1
ayayɔ	1
ayari	1
ayaba	1
awuni	1
awubawa	1
awsiya	1
awiyɛri	1
awiyɔ	1
awiyashɛ	1
awiwã	1
awiwubɛtani	1
awiubin	1
awira	1
awiniyɛ	1
awigihãrĩ	1
awibawa	1
awiba	1
awatar	1
avinisɛ	1
atĩyã	1
atɛgashi	1
atɛ	1
atĩ	1
atuw̃bɔ	1
atuwãyi	1
atuwãwu	1
atuwabɔ	1
atusa	1
atugɔ	1
atiyesɛbɔ	1
atiti	1
atini	1
atin	1
aticha	1
aticawu	1
aticasɛwã	1
aticabi	1
atica	1
ater	1
atawiya	1
atawa	1
atataba	1
atanghẽ	1
atam	1
atakpuwawa	1
atai	1
atahiya	1
atacuriya	1
asɔmi	1
asusu	1
asura	1
asugmi	1
asugbi	1
asircɛ̃nyi	1
ashiyawa	1
ashiwu	1
asawi	1
asasɛ̃	1
asarihɛ	1
asari	1
asara	1
asamiyi	1
asamisɛ	1
asahawiya	1
asabi	1
asabar	1
arĩ	1
arãsẽ	1
arãsɛ	1
arãhẽ	1
aricɛ	1
arezi	1
araziye	1
arayu	1
arawutitirib	1
arasiya	1
aransɛbɔ	1
aranonugo	1
aranonogo	1
araniyẽ	1
arang	1
arananuwã	1
arakpũgingmbɔg	1
arakpuwãnu	1
arajiba	1
arajajara	1
aragũ	1
aragba	1
arafɔ	1
aradɔ	1
aracira	1
arabiye	1
apurũ	1
apura	1
anã	1
anyĩmi	1
anyiya	1
ansɛ	1
ansara	1
anniyarmu	1
anniya	1
annabi	1
anjĩ	1
anjiri	1
anjibawa	1
anitɔ	1
animajiri	1
anikawari	1
anikawani	1
anikamaba	1
anihi	1
aniheriye	1
aniheri	1
anida	1
anibawa	1
angmu	1
andehiyã	1
anasɛwẽ	1
anasɛwã	1
anasɛkɔ	1
anasɛbi	1
anangãyi	1
anangsɛ	1
anamiyã	1
anami	1
anamabɔ	1
anah	1
anabiyeni	1
anabiye	1
anabasta	1
amɛsɛ	1
amĩ	1
amí	1
amr	1
ampaniyã	1
ammɔtu	1
ammagbawu	1
amiyewu	1
amisaliye	1
amiginuwã	1
ami	1
amgmiyã	1
amfani	1
amayasɛ	1
amayahɛ	1
amawiwa	1
amasɛ	1
amarru	1
amara	1
amagũ	1
amaggabi	1
amag	1
alzubu	1
alzabu	1
alama	1
akũyi	1
akũwũ	1
akũwãbi	1
akwanu	1
akuciyɔ	1
akuciye	1
aku	1
akpĩsɛ	1
akpuyɔ	1
akpiri	1
akpaysɛ	1
akpawa	1
akinomita	1
akeni	1
akayasɛ	1
akanjĩra	1
akam	1
akakuma	1
akaca	1
ajʊ̃	1
ajĩyɔ̃	1
ajĩyãwã	1
ajĩyãm	1
ajĩwi	1
ajĩsã	1
ajĩshũyõ	1
ajĩsami	1
ajĩriyɔ	1
ajĩri	1
ajĩkũ	1
ajĩhura	1
ajĩgũ	1
ajĩdui	1
ajĩcĩ	1
ajĩba	1
ajũ	1
ajunyɔ	1
ajiĩyã	1
ajiyɔ	1
ajiya	1
ajiribɔ	1
ajiri	1
ajiran	1
ajinyã	1
ajinibɔ	1
ajiduro	1
ajibɔ	1
ajiba	1
ainawã	1
ainabɔ	1
aigayʊ̃	1
aiganyu	1
aigangyʊ̃	1
aiga	1
aibaka	1
ahũrã	1
ahĩra	1
ahĩni	1
ahũma	1
ahĩ	1
ahurã	1
ahuro	1
ahukpawa	1
ahugɛ	1
ahugaba	1
ahudɔ	1
ahubɔyi	1
ahiyasir	1
ahiyabɔ	1
ahisawu	1
ahisami	1
ahiryã	1
ahiniyi	1
ahin	1
ahimi	1
ahihawa	1
ahicami	1
ahicahɛ	1
ahi	1
ahereci	1
ahazan	1
ahayasɛ	1
ahawiyarim	1
ahawiwã	1
ahawimi	1
aharisɛyɔ	1
aharawiya	1
aharawi	1
ahangsɛ	1
ahanang	1
ahajĩ	1
ahahicesɛ	1
ahaha	1
ahagũ	1
ahagbica	1
ahaga	1
ahaba	1
ahaa	1
agũhɛ̃	1
agũbi	1
agãnsɛ	1
agã	1
agbĩ	1
agbã	1
agbuwa	1
agbuga	1
agbiyãwu	1
agbisayɔ	1
agbicha	1
agbayi	1
agbabi	1
agansɛwɛ̃	1
agansɛwu	1
agansɛmi	1
agangsɛ	1
agang	1
afuwã	1
afinawanu	1
afaka	1
afa	1
adɔrĩmi	1
aduyi	1
aduduwo	1
adudu	1
adu	1
adarisɛ	1
adari	1
adan	1
adamimi	1
adambɔ	1
adama	1
adalciye	1
acugawa	1
acugasɛwã	1
acugabɔ	1
aciyɛ̃	1
acire	1
acira	1
acin	1
acikawa	1
acicheb	1
aci	1
abɔtuwɔ	1
abɔroyi	1
abĩn	1
abɔ	1
abusasɛwɛ̃	1
abusasɛ	1
abursɛ	1
abjĩbɔ	1
abiur	1
abisɛwɛ	1
abishewe	1
abishe	1
abini	1
abigiyɔ	1
abigiwu	1
abgica	1
abazã	1
abayɛwã	1
abatu	1
abatay	1
abasu	1
abari	1
abara	1
abanɛsɛ	1
abacɔbɔmi	1
abaca	1
ababusasɛ	1
aTɛhide	1
aTɛ	1
aSabar	1
aNabawa	1
Yɛsu	1
Yɛgatib	1
Yigbi	1
Yewe	1
Yayini	1
Yauwa	1
Yakubu	1
Yagaha	1
Yae	1
YUe	1
Wɔsɔng	1
Wẽ	1
Wãwi	1
Wãsɔ	1
Wãjĩ	1
WÃNINI	1
WÃ	1
Wuyi	1
Wuyahudiya	1
Wuvɔm	1
Wutus	1
Wutiti	1
Wusɛbɛ	1
Wusɔbɔ	1
Wusubɔ	1
Wushĩyɛ̃	1
Wushiyɛkɔnu	1
Wushiri	1
Wushinyenu	1
Wunɔmonu	1
Wunɔmoni	1
Wunomo	1
Wukpiri	1
Wujɛyi	1
Wujɛ	1
Wuhiyawa	1
Wuhang	1
Wuganini	1
Wudɔ	1
Wudimi	1
Wudab	1
Wubɔwɔ	1
Wtusu	1
Wayigbi	1
Watɔba	1
Wanini	1
Wakpĩyãwa	1
Wa	1
WUNOM	1
WUGIRGA	1
WUGAB	1
Uɛrɛ	1
Uzɛrefat	1
Uziyi	1
Uzimi	1
Uzebedi	1
Uzagazã	1
Uzabura	1
Uyĩshi	1
Uyuoyi	1
Uyiyesɛ	1
Uyigbi	1
Uyedasɛ	1
Uyanna	1
Uyana	1
Uyagahami	1
Uwiyasɛ	1
Uwiyahɛ	1
Uwiya	1
Uwayu	1
Utũsɛ	1
Utɔma	1
Utɛhide	1
Utɛhibe	1
Utuyi	1
Utuwãyi	1
Utuwãwã	1
Utuwãmi	1
Utumi	1
Utiyɔfinɔ	1
Utenti	1
Utarakunitas	1
Utabariya	1
Uta	1
Usɔsɔgɔ	1
Usɔnɔmɔ	1
Usuzana	1
Usuriya	1
Usinuwam	1
Ushɛba	1
Ushing	1
Usayirin	1
Usayiri	1
Usamariyawa	1
Usadaka	1
Uruti	1
Urusɛnima	1
Urushiya	1
Uruha	1
Urugbi	1
Unɔmɔ	1
Unyĩyãwũ	1
Unyuba	1
Unuɔbɔ	1
Unm	1
Unisaniyas	1
Unidirawũ	1
Ungmi	1
Ungmbɔg	1
Undirayĩ	1
Undimba	1
Unayĩ	1
Unamami	1
Unama	1
Unahɔ	1
Unahor	1
Una	1
Umɛyyi	1
Umɔ	1
Ummuwi	1
Umisani	1
Umbɛɛ	1
Umatiyu	1
Umastad	1
Umarkus	1
Umarimi	1
Umagũ	1
Umagbica	1
Umagadana	1
Umaduro	1
Ukũmi	1
Ukɔbɔni	1
Ukũ	1
Ukuza	1
Ukucimi	1
Ukpan	1
Ukorasin	1
Ukiriniyus	1
Ukiniyobas	1
Ukayafa	1
Ukama	1
Ukaisariya	1
Ujĩjina	1
Ujĩ	1
Ujudas	1
Ujanisara	1
Uhũwã	1
Uhuwã	1
Uhura	1
Uhugũ	1
Uhugeyiye	1
Uhugasara	1
Uhiridiya	1
Uhica	1
Uhawiya	1
Uharĩyawũ	1
Uharuna	1
Uhari	1
Uhanatu	1
Uhanana	1
Uhabina	1
Ugirãwũ	1
Ugirãwã	1
Ugirãnu	1
Ugirãni	1
Ugbɔdɔ	1
Ugbɔdo	1
Ugbiyi	1
Ugbicha	1
Ugbica	1
Ugbag	1
Ugba	1
Ugamusawu	1
Ufɔwa	1
Ufirist	1
Ufinikiya	1
Ufarisiye	1
Ufarisinu	1
Ufanuwen	1
Udɔngsɛ	1
Udɔne	1
Udɔ	1
Udamsɛ	1
Ucɛwũ	1
Ucɛwu	1
Ucɛnu	1
Ucugayi	1
Ucicɛb	1
Uburɔdi	1
Ubuntus	1
Ubunatus	1
Ubinenu	1
Ubineni	1
Ubetafaji	1
Ubaure	1
Ubatanomi	1
Ubarnaba	1
Ubanazarɛ	1
Ubafarisiye	1
Ubafarisi	1
Uakpay	1
USHI	1
UNdir	1
UKpay	1
UGanini	1
Tɛwã	1
Tɛrzã	1
Tɛhubɔ	1
Tɔgɔ	1
Tɛagshi	1
TƐGASHI	1
Tuhɛ	1
Tubi	1
Tir	1
Tetɛ	1
Tentiyenu	1
Tasanonika	1
Tang	1
Talita	1
Tagaha	1
Tabita	1
Sɔwa	1
Sɔmi	1
Sisɛb	1
Shiyekɔ	1
Shiya	1
Saura	1
Sai	1
Rusũkpũ	1
Ruka	1
Ruha	1
Riyi	1
RUHIRÃ	1
ROM	1
Parab	1
PSA	1
Otũmi	1
Otũbɔ	1
Otu	1
Nɛsɛyɔ	1
Nũgũnũ	1
Nɛbɔ	1
Nɛ	1
Nuk	1
Ngmbɔg	1
Nda	1
Nang	1
Nanay	1
Mɔgusɔ	1
Musa	1
Mmiwi	1
Mizibi	1
Miyiye	1
Miwiyasɛ	1
Misami	1
Misahã	1
Mirajiba	1
Mikũ	1
Mihura	1
Mihiyiye	1
Mihiri	1
Mihiba	1
Mihazã	1
Migũsɛ	1
Migbica	1
Micĩ	1
Memi	1
Mbaha	1
Mazã	1
Maziyi	1
Maziyawu	1
Matũwã	1
Matugo	1
Masɔgɔ	1
Masaranu	1
Makpay	1
Mahica	1
Mada	1
MRK	1
MAT	1
MAL	1
Lidda	1
LUK	1
Kɔwarusũ	1
Kɔrsũ	1
Kɔricɛ	1
Kũba	1
Kusu	1
Kucimĩ	1
Kuci	1
Kpũ	1
Kpuwawa	1
Kpuwakɔ	1
Kpay	1
Kpakpuwa	1
Kpai	1
Kpa	1
Koshishi	1
Korusũkpũ	1
Kakɔ	1
Kai	1
KO	1
Jũwa	1
Juda	1
JHN	1
Izɔgɔ	1
Iyiyehɛ	1
Iwuru	1
Iwurr	1
Iwise	1
Iwagbi	1
Ivɔ	1
Ivug	1
Ituwa	1
Ituriya	1
Itugo	1
Itiyofiya	1
Isɛya	1
Isɛrena	1
Isugatuwã	1
Iskariyoti	1
Isitu	1
Isirɛna	1
Isirã	1
Isifu	1
Ishɛtũ	1
Ishɛna	1
Ishiya	1
Ish	1
Irimiyã	1
Irimaya	1
Irikpũwã	1
Irikpũ	1
Inyĩni	1
Inyʊba	1
Insɔtũ	1
Inomo	1
Injɔ	1
Injar	1
Iniyã	1
Iniyewe	1
Indɛy	1
Inag	1
In	1
Imɛi	1
Imo	1
Immuwi	1
Immukpĩwa	1
Immuhisa	1
Immituwã	1
Immi	1
Immba	1
Immazã	1
Immawiyasɛ	1
Immanuwen	1
Immahawiya	1
Immahawi	1
Imm	1
Imbasa	1
Imbanjiba	1
Imbaha	1
Ikũwã	1
Ikɔniya	1
Ikpã	1
Ikpi	1
Ikaika	1
Ijɛdi	1
Ijɛb	1
Ijiba	1
Ihɛnɛgɛhɛ	1
Ihuwã	1
Ihugɔ	1
Ihuga	1
Ihiyɔ	1
Ihitara	1
Ihicɛhɛ	1
Ihar	1
Ihani	1
Ihai	1
Iha	1
Igũ	1
Igwang	1
Igbɛmɛni	1
Igbisu	1
Igbawu	1
Idĩyãni	1
Idɔngsɛ	1
Idɔbɔ	1
Idumɛã	1
Icɛ	1
Icin	1
Iba	1
ISHI	1
INYĨ	1
IKURƆKU	1
IHU	1
Hɛ	1
Hãgi	1
Huwã	1
Hini	1
Hibɛ	1
Harabɔ	1
Hangmi	1
HIRÃ	1
HI	1
Gɔvor	1
Gɔtugɔ	1
Gɔsɔgɔ	1
Gɛsɛb	1
Gɛshiye	1
Gɛrɛzi	1
Gɔrɔgɔ	1
Gɛri	1
Gɛmɛy	1
Gɛkpɛrɛ	1
Gɛjɛbɛ	1
Gɔhɔ̃gɔ̃	1
Gɛhɛrɛsɛ	1
Gɛhɛrɛ	1
Gɔhɔngɔ̃	1
Gɔhɔksɛ	1
Gɛhim	1
Gɔgur	1
Gɔdɔ	1
Gɔdurɔ	1
Gɔbɔwu	1
Gɔbɔmɔsɛ	1
Gɔbɔmosɛ	1
Gɛbiye	1
Gɛbisɛ	1
Gɛbishe	1
Gũ	1
Gãrãhɛ̃	1
Guwi	1
Gutussu	1
Gugbica	1
Gokuci	1
Giwayu	1
Gisami	1
Girihang	1
Girahi	1
Ginɔmɔ	1
Ginɔmonu	1
Ginɔm	1
Ginɛhɛ	1
Ginuwa	1
Ginomo	1
Ginjiba	1
Gikũ	1
Giku	1
Gikpo	1
Gikinini	1
Gikini	1
Gijĩ	1
Gijida	1
Gihɔy	1
Gihɛkpɛbi	1
Gihɛkpɛ	1
Gihɔi	1
Gihi	1
Giharibi	1
Gihara	1
Gihakpai	1
Gigũwã	1
Gigũ	1
Gigbisa	1
Gigbam	1
Gidĩ	1
Gididu	1
Giciya	1
Giciwu	1
Gejini	1
Gbica	1
Gaziyasɛ	1
Gazi	1
Gayiye	1
Gaya	1
Gatũwã	1
Gatuwãyi	1
Gatui	1
Gatu	1
Gaticha	1
Gatazu	1
Gatangã	1
Gasɔgbi	1
Gasã	1
Gasuga	1
Gasake	1
Garishe	1
Gari	1
Garawi	1
Ganyĩ	1
Ganyuba	1
Ganjiba	1
Ganesɛ	1
Gamɛyyi	1
Gamaya	1
Gaman	1
Gakɔkumo	1
Gakũ	1
Gakuwã	1
Gakucɔ	1
Gakpĩyãwã	1
Gakpĩyã	1
Gakpũwã	1
Gakpuwada	1
Gakpay	1
Gakpau	1
Gajũsɛ	1
Gajĩfɔ	1
Gajiri	1
Gajinibɔ	1
Gajini	1
Gajiba	1
Gajakga	1
Gajaga	1
Gahãngã	1
Gahura	1
Gahirãni	1
Gahira	1
Gahiniyã	1
Gahicha	1
Gahicabɔ	1
Gahari	1
Gaham	1
Gahagã	1
Gagũwã	1
Gagbɛrɛ	1
Gagbica	1
Gagban	1
Gagasa	1
Gagagũ	1
Gafɔwɔ	1
Gafa	1
Gadɔngsɛ	1
Gadɔ	1
Gaduy	1
Gadusa	1
Gadana	1
Gaciye	1
Gacin	1
Gabusa	1
GAWI	1
GASIRA	1
GAL	1
GAGUWÃ	1
GADA	1
GABA	1
Farisiyawa	1
Eshiwu	1
Eri	1
Erastus	1
Enisha	1
Ecĩ	1
Ebiye	1
Ebishebɔ	1
Ebineni	1
EPH	1
Dɔngɔ	1
Dɔle	1
Do	1
Dama	1
Da	1
Cɔbɔmi	1
Cici	1
Bɛtɛr	1
Bɔtugɔ	1
Bɔsɔmi	1
Bɛsɛm	1
Bɛngmɛjɛn	1
Bɔhɔgsɛ	1
Bɛhɛ	1
Bɛgɛ̃yɛ̃	1
Bɔgbɔdo	1
Bɔfɔbɔ	1
Bɔdɔ̃ngsɛ	1
Bɔduro	1
Bɔdur	1
Bɔdukpɔ	1
Bɔcɔbɔwɔ	1
Bɔcɔbɔ	1
Bɔcɔ	1
Bɛbisemi	1
Bɛbise	1
Botũ	1
Botugo	1
Bokuciye	1
Bokuci	1
Beyigbi	1
Betiyewe	1
Beshi	1
Benebi	1
Bejĩ	1
Beji	1
Behe	1
Bedɛy	1
Becĩ	1
Becin	1
Bebishewe	1
Bebishe	1
Baziyi	1
Baziyasɛ	1
Bazaga	1
Bayuyo	1
Bayiye	1
Bayin	1
Bayigbi	1
Bawiya	1
Bawininiye	1
Bawayu	1
Bawag	1
Batĩyã	1
Batɛtɛ	1
Batɛng	1
Batũhẽ	1
Batũ	1
Batuyɔ̃	1
Batuyi	1
Batusɛwã	1
Batun	1
Batubi	1
Batay	1
Batasa	1
Batang	1
Basɔgbi	1
Basũ	1
Basuriyawa	1
Basuriya	1
Bashibɔ	1
Basayĩ	1
Basarisɛyɔ	1
Basadukiyawa	1
Barɔbɔ	1
Baromawa	1
Baroma	1
Barakpũwã	1
Baradɔ	1
Barabiye	1
Banyi	1
Bangmisɛ	1
Banezɛrɛt	1
Bandirabɔ	1
Bande	1
Banazɛrɛt	1
Banazere	1
Banazaret	1
Banamawã	1
Bamɛya	1
Bamɛcĩ	1
Bamiyã	1
Bami	1
Bamaya	1
Bamar	1
Bamagadana	1
Bama	1
Bakũmi	1
Bakpĩyãmi	1
Bakpĩnbɔ	1
Bakpɔgɔ	1
Bakpĩbɔ	1
Bakpya	1
Bakpugba	1
Bakpuba	1
Bakpaybɔ	1
Bajĩba	1
Bajaksɛbɔ	1
Bahɔrɔ	1
Bahɛnɛnɛ	1
Bahisa	1
Bahiri	1
Bahinisɛ	1
Bahidĩ	1
Bahenenawa	1
Bahaya	1
Bahari	1
Bagũwã	1
Bagun	1
Bagbi	1
Bagbab	1
Bagba	1
Bagasasɛ	1
Baganiniyawa	1
Baganinawa	1
Baga	1
Bafiristoci	1
Badɔrĩ	1
Badurin	1
Badidɔg	1
Badibadabɔ	1
Badasɛ	1
Badamsɛ	1
Badamisɛ	1
Badabɔ	1
Bacinye	1
Babɔ	1
Babusasɛ	1
Babiyã	1
Babinini	1
Babin	1
Babasãsɛ	1
Bababɔ	1
BaFarisiyawa	1
BNDIR	1
BAYAHUDAWA	1
BATŨ	1
BASHI	1
BA	1
Azurfa	1
Azumi	1
Azotus	1
Azizag	1
Azib	1
Azaga	1
Awubawa	1
Awiyɔ	1
Awisũ	1
Awisitu	1
Awini	1
Awayu	1
Awag	1
Avirsɛ	1
Atũwãbɔ	1
Atũwã	1
Atuwãbɔ	1
Atubi	1
Atayʊwa	1
Atay	1
Atawiya	1
Atakpuwawa	1
Asã	1
Asir	1
Asher	1
Asami	1
Asa	1
Arkinayus	1
Arawa	1
Arashiya	1
Arasa	1
Aramaya	1
Arag	1
Ara	1
Apam	1
Anyĩ	1
Anyi	1
Anniya	1
Animajiri	1
Anikawari	1
Anifa	1
Anibɔ	1
Angmiyãsɛsɔ	1
Anfiyus	1
Anekzandiriya	1
Anebiye	1
Anduru	1
Andur	1
Andrawu	1
Andirawus	1
Andir	1
Andarawu	1
Anawa	1
Ananghẽ	1
Anamar	1
Anag	1
Anabci	1
Amoduro	1
Ammawiya	1
Ammashiwu	1
Ammagbawu	1
Amfibinis	1
Amagũwũ	1
Am	1
Alekzandiriya	1
Akũyi	1
Akpa	1
Akaldama	1
Akabila	1
Ajin	1
Aishi	1
Ahɛrisɛ	1
Ahãsɛ	1
Ahwi	1
Ahuma	1
Ahukpa	1
Ahubɔ	1
Ahiyɔ	1
Ahirisɛ	1
Ahini	1
Ahihawa	1
Ahichami	1
Ahicawa	1
Ahibe	1
Ahi	1
Ahaya	1
Ahawaya	1
Ahara	1
Ahaba	1
Agbica	1
Agarwa	1
Afononiya	1
Acisa	1
Acicɛb	1
Aci	1
Achɔbɔmi	1
Abɔroyi	1
Abɔchɔbɔmi	1
Abiyatar	1
Abinene	1
Abikuriyawa	1
Abaroyi	1
Abarakpũ	1
Abacɔbɔ	1
AWI	1
ASa	1
ANASARA	1
AJĩri	1
AHIRÃ	1
AHINI	1
ACT	1
