aka	5829
ru	5124
unga	4695
umbɔ	3877
nu	3424
ri	2870
ra	2727
umbi	2724
umum	2632
ha	2334
agɛ	2192
iki	2188
Uyesu	1941
Unum	1872
nggu	1864
awu	1833
na	1686
asi	1460
agɔr	1455
umɛn	1448
abi	1423
abika	1355
hã	1340
Num	1315
ungo	1200
awuri	1125
kishoo	1099
ugɛ	1036
aba	976
ngge	949
uwuku	907
anera	881
iyiki	880
Umum	880
uku	877
Bɔr	848
arherhe	815
bɔr	813
Unga	794
use	791
uner	765
ikɛi	720
iwe	695
uwu	685
Uteijee	681
Ukiristo	681
awe	668
itser	647
isi	614
iwu	601
itsu	596
ubinkutsu	589
unera	586
iyi	583
adzowe	578
ubinkpi	572
Mɔcɛ	549
aki	548
atsu	542
ubɛn	538
nyaka	524
ubin	501
imangmang	495
Umbɔ	495
abin	485
Uyahuda	474
Umbi	469
anyã	466
azĩ	458
adɔsa	458
abĩ	457
Arherhu	425
abee	424
rimi	407
ni	406
idzidzɛrhe	400
akɛrɛ	400
adɛ̃ɛ̃	400
Awu	395
agũ	393
ake	390
iwuri	389
akpe	389
Uburhu	388
Nggee	377
ubok	371
itsi	370
angwɛ̃	357
Umɛn	348
Aka	345
abirabɛ	342
anang	340
afã	332
akũ	330
ijee	326
Ipfu	325
arhim	315
Àka	303
iba	303
abɔɔ	303
unying	297
ibewe	297
ivang	296
ungwɛ̃	290
idzowe	286
umɔ	285
ivangyɛ	283
amɛ̃	282
uvau	281
uwuruwi	277
akarhãrhã	274
idɛ̃ɛ̃	272
utsu	270
iwea	270
Ivangyɛ	269
asei	268
abinkɛ	268
igɔr	267
arhɛrhɛ	267
Ubinkutsu	267
ikorhe	262
amɛn	262
upfung	261
Ungo	257
Ikpem	257
urhɛ	251
akorhe	251
Ungwɛ̃	249
Ubitru	247
atsĩ	241
ubvur	240
asu	240
unum	236
niba	236
idɛm	235
itsú	233
uwɔɔ	231
nyaku	230
Uyohana	224
ukpuku	219
izĩ	219
arhusa	219
inyã	218
ikpũ	216
imesanga	214
itsinga	210
igũ	208
ifɛn	208
f	208
anu	208
ĩba	207
iwei	205
ufang	203
Ngge	201
iya	200
uwurɛ	197
uba	196
Ru	196
aweri	194
ihwɛng	192
Ubɛn	190
Irh	188
Umat	187
icɛrɛ	186
imesa	185
usi	183
abvui	182
Isarhe	182
uzĩ	181
isei	181
ipfu	180
uwe	179
Iyiki	178
Urusharhima	177
ikũ	176
abina	176
ípfu	175
fig	174
iyor	173
igɔng	173
aner	172
ugbagbaa	171
nggaa	171
inbee	171
ayɛi	171
ukpu	170
ukpekũ	170
igɛ	169
adzek	168
itsɛng	167
Umar	165
irherhe	164
azĩã	164
A	164
Ri	163
iyɛrɛ	162
inggbaashia	162
ahwɛng	161
Uner	161
ibvui	160
angwĩ	160
Utɛ	159
utsɛku	158
Ubvur	157
ukpɔ	156
amaa	156
Iya	156
iwha	154
atsɛng	154
Nu	153
Asi	153
anangkɛ	152
azĩmbɔ	151
Ize	151
isaka	150
adzeka	150
Akɛrɛ	149
amesuwe	147
akpo	146
ayisa	145
Abi	144
adɛyiwe	142
adzaa	142
iwengge	141
ikpo	140
adene	140
Niba	140
ama	139
xt	138
utɔɔva	134
iyɛrhe	133
uteu	132
angwɛ̃mɛn	132
Unera	132
Umusa	132
ubingha	129
ikikɔng	129
igha	129
atsen	129
adɔka	129
isarhe	128
Uisrairha	127
ayetnum	126
ize	125
ft	122
Isarsatangge	122
asɔm	121
utsa	120
urha	119
Anera	119
irhirhang	117
Ikɛi	117
ukhukhɔɔ	115
iyisa	115
idɛyiwa	115
anggbaashi	114
John	114
uver	113
utsindĩ	113
ukau	113
ananga	113
uwuri	112
utsɛrh	112
awea	112
akɔɔ	112
akika	112
upfunga	111
Ivang	111
umgbɔ	110
avaa	110
anapumɛn	110
atorho	109
amɛnmbi	109
Ufarisi	109
itsok	108
anggɔm	107
àka	106
utsur	106
aze	106
adzipa	106
Uibrahim	106
nying	104
imor	104
fr	104
udzowe	103
iyɔɔ	103
itsĩ	103
ukugɔng	100
iyiriyɛ	99
ikpem	99
idzeu	98
aneke	98
agha	98
Uwuku	98
uvaa	96
arhum	96
unerwi	95
ukunjiir	95
ukpirɛ	95
ashia	95
amar	95
ideka	94
abema	94
ivaa	93
atsuke	93
Rimi	93
ikpikpoi	92
ikorha	92
ishingge	91
irhɛm	91
idzeka	91
arherha	91
anasi	91
Matthew	91
ugborzĩ	90
ubã	90
adɔsu	90
adzɛu	90
abɛrɛ	90
ukpɔɔ	89
ucucii	89
indɛyiwa	89
ififɔrh	89
asɛng	89
abok	89
Ner	89
atsimbɔ	88
azɛ̃rhã	87
Abika	87
ugarh	86
idɛyiwe	86
usɔm	85
isɔkka	85
atorh	85
Icɛrɛ	85
uumbi	84
ivanga	84
aso	84
arhi	84
akorha	83
Corinthians	83
uyɛrhe	82
ugba	82
imang	82
igbɛrangwĩ	82
Kishoo	82
ubɔtisima	81
iker	81
akɔng	81
akpɔm	81
akaifɛrhkɔ	81
ihwa	80
Ugarhirhi	80
Uba	80
utsak	79
ugɛɛ	79
itsoi	79
ashimbɔ	79
Romans	79
Awuri	79
neke	78
ididɔɔr	78
ibibema	78
col	78
awɛkaci	78
amɛnnga	78
amɛnmbɔ	78
uwɛɛ	76
uborodi	76
mɔcɛ	76
isha	76
urhɛm	75
irhɛirhɛ	75
ijuɛ	75
avɔm	75
usɔkka	74
ugɔr	74
uMusa	74
Iyɛrhe	74
ibibemuwe	73
anakka	73
ahwɛngmbi	73
unuma	72
ighong	72
atsimbi	72
abĩã	72
uze	71
itaar	71
inggimi	71
ana	71
Usiman	71
ahwa	70
utepa	69
idzɛu	69
ida	69
atarh	69
adzirh	69
Translation	69
Project	69
Angwɛ̃	69
Abɔɔ	69
iwemum	68
igburh	68
awiya	68
auna	68
ato	68
atar	68
adzeku	68
Ubirhatu	68
uhwɛk	67
irherha	67
inuma	67
akpurha	67
agɔnga	67
Udauda	67
Kanying	67
Duya	67
usorhe	66
ugãrhã	66
udzur	66
idzeku	66
akũna	66
afafã	66
Uwuruwi	66
Uteijeemɛn	66
Acts	66
jpg	65
iweri	65
irhowa	65
ima	65
ahwɛnga	65
afɛre	65
Umaryamu	65
usɔkdũmɛn	64
ungamɔ	64
uMasar	64
arhika	64
anyanga	64
akakũ	64
nukpɔ	63
nggee	63
iwemɛn	63
irhi	63
ihwɛngmɛn	63
ihwihwɛng	63
akpoi	63
Ra	63
uwosha	62
izunga	62
iyɛi	62
itɔ̃itser	62
Peter	62
itsimum	61
inebi	61
atɔ̃itser	61
adzeidzeu	61
uFir	60
itsernga	60
indɛ̃ɛ̃	60
ihwɛngmbɔ	60
ifɛre	60
asunga	60
akerhuwe	60
agbisha	60
Uyoh	60
Luke	60
isaki	59
imɛ̃ngge	59
imaa	59
ihwɛngmbi	59
idɔsu	59
dak	59
aker	59
afɛn	59
Uhiridu	59
Hebrews	59
ĩ	58
itoma	58
imesuwe	58
akwɛr	58
akatsɛrh	58
agũmbi	58
agãrhã	58
Uroma	58
utarh	57
uko	57
iyanga	57
imɛka	57
imimasha	57
ikpũrhã	57
ikpe	57
ikeramɛn	57
idorh	57
atoma	57
akirakɛ	57
agɔm	57
utɛ	56
itsũwã	56
itsingo	56
icang	56
awembi	56
anyangu	56
anaa	56
aghwe	56
Utɛmum	56
unumkpi	55
unggbaashi	55
ufɔm	55
irhirhika	55
igba	55
ifɛr	55
idũ	55
atsũwe	55
asumbɔ	55
agba	55
ungwɛ̃mbɔ	54
ukutsɛrh	54
imar	54
atɔ̃	54
Uyaku	54
Uyahudiya	54
Utimoti	54
uzɛ̃rhã	53
utsar	53
ukam	53
niyɔ	53
itsũwe	53
idzin	53
atirhi	53
asok	53
akpea	53
agbaashia	53
adzur	53
Ĩ	52
uteiya	52
uneke	52
undzumu	52
ufai	52
ikorhu	52
idene	52
atsa	52
akagɔng	52
utsĩ	51
uki	51
nyaki	51
ifa	51
atsĩã	51
Thessalonians	51
Idzidzɛrhe	51
unang	50
ufa	50
uboknga	50
ibee	50
ataar	50
ani	50
adɛyiwa	50
abewe	50
Undenggũ	50
Timothy	50
udɛ̃ɛ̃	49
irhusa	49
ifosa	49
Utsutson	49
untaar	48
idɔsa	48
atsim	48
abanga	48
Uyusuf	48
Agɔr	48
urhika	47
kanying	47
ikpɔm	47
ifɛrhkɔ	47
awuru	47
uning	46
ukpui	46
ukorhe	46
iyornga	46
inum	46
ahwɛngmbɔ	46
Ubin	46
Ephesians	46
Colossians	46
umarhem	45
ugha	45
udzepurhe	45
itsuifɛr	45
itar	45
ineke	45
imimuta	45
ikirbi	45
ibɛm	45
atsarhi	45
Jesus	45
uzinarhi	44
irhãrhã	44
inying	44
igãrhãmau	44
atsar	44
adzin	44
of	43
inera	43
ikon	43
aweru	43
akpɛ̃ɛ̃	43
akpɛ̃mbɔ	43
afa	43
adɔkambɔ	43
Use	43
Ukugɔng	43
Udzowe	43
Ubarnaba	43
Abinkɛ	43
una	42
ubee	42
ubang	42
ifɛrhɛ	42
atsɛnge	42
Umɔ	42
Irhowa	42
Ĩĩ	41
ubina	41
uazurhfa	41
irherɛ	41
irham	41
imangmangmbi	41
abow	41
Ufirhibu	41
Na	41
uumɛn	40
itsoka	40
inyãwã	40
inai	40
idzipa	40
ibvuta	40
ibema	40
amɛnmum	40
akorhuwe	40
aguse	40
Ushawurhu	40
Ubinkpi	40
U	40
Itsɛng	40
Itsurhi	40
Ikpũ	40
Idorh	40
ugũ	39
udiku	39
nibikanga	39
kpengkpeng	39
imerh	39
ikɔng	39
idɔsi	39
ashɔ̃rhã	39
ashike	39
akhapa	39
adɔrha	39
abɛrh	39
abã	39
Ubɔtisima	39
Galatians	39
ĩgɔr	38
ivum	38
itsuke	38
ishɔ̃rhã	38
ayike	38
atsuka	38
atsei	38
arhusu	38
agburh	38
abvur	38
abemuwe	38
Ushaitan	38
Uneke	38
Idɛm	38
ĩbeemum	37
utsɛ̃nga	37
urhɔnga	37
urhɔ	37
udzeka	37
isung	37
ikpoa	37
ighwe	37
idzek	37
azɛ̃	37
atĩ	37
atsũwã	37
arherhanga	37
and	37
amɛnmɛn	37
aghong	37
Umasar	37
Revelation	37
nuwɔ	36
isok	36
ishaa	36
inaa	36
igbong	36
ifɛna	36
aya	36
atɔ̃ɔ̃	36
amuna	36
akpeto	36
agbena	36
adaknga	36
adak	36
abɔre	36
abɛk	36
Uyakubu	36
Unyaka	36
urherhe	35
uguse	35
the	35
iwembɔ	35
itseryɛ	35
itang	35
inyãmbɔ	35
ikpombɔ	35
ikpoi	35
ikikɔnga	35
ider	35
ibanga	35
atsĩmbɔ	35
arherhamum	35
angwɛ̃dzɛn	35
Unazarat	35
Ukaisar	35
unyɛ̃ɛ̃	34
ugau	34
uHaruna	34
iwɔk	34
itapa	34
ikũna	34
ibiba	34
Uyɛrhe	34
Utɔng	34
Uafisa	34
Iwe	34
Igar	34
God	34
utsuu	33
umesuwe	33
ugomna	33
iyike	33
iteu	33
ikikorhe	33
igũa	33
igbɛr	33
ayɛrhe	33
asoyiwe	33
anyapuwe	33
akatsak	33
agberhe	33
agau	33
afɛr	33
afũ	33
Umakidoniya	33
Mark	33
utɛnga	32
unyã	32
udɛyiwe	32
nggɔɔ	32
kata	32
itɔng	32
igũibɛn	32
ayisu	32
atokamɛn	32
atare	32
akpɛ̃	32
akorhu	32
adzowuka	32
aciu	32
Ungamɔ	32
Iwerimi	32
Isi	32
uyanga	31
uwi	31
ungwɛ̃rhũ	31
itsɛnga	31
ikwɛr	31
ikponi	31
idzaa	31
idiki	31
asɔme	31
agbɛra	31
afĩrhã	31
Uko	31
Nggu	31
Bass	31
ukũ	30
udena	30
nukpi	30
iwembi	30
itɔ̃	30
ini	30
imesu	30
ikũwã	30
ateu	30
angwɛ̃mbɔ	30
adena	30
abimma	30
Usamariya	30
Ungwɛ̃nga	30
Louise	30
Itser	30
Igũ	30
Awe	30
Abirabɛ	30
ĩgɛ	29
ĩdzaa	29
uyɛi	29
uyisa	29
uyirh	29
ungwɛ̃nga	29
ubewe	29
to	29
iyongge	29
iweke	29
itɔ̃ɔ̃	29
itsimbi	29
isɔm	29
irhaknga	29
igãrhã	29
ifĩrhã	29
ifuw	29
ayita	29
awembɔ	29
asarkasar	29
amɛnngo	29
Usirha	29
Ungaa	29
Ukorinti	29
Uishaku	29
Uirhiya	29
Ivanga	29
urhɛnga	28
unyaka	28
ungwɛ̃mɛn	28
undzing	28
uma	28
ukom	28
udzeku	28
udzak	28
izĩmɛn	28
isɔma	28
ibɛk	28
atsĩndĩ	28
atsũ	28
atsi	28
asorhuwe	28
agben	28
Uzĩ	28
Urhiazaru	28
Philippians	28
ídɔi	27
urhɛrhɛ	27
ungwɛ̃mum	27
ungaa	27
udĩ	27
itsoknga	27
itsermbɔ	27
ishimum	27
irhika	27
imangmangmbɔ	27
ikpona	27
ikorhi	27
igbigba	27
ifai	27
idɔrhi	27
ibibɛk	27
atenum	27
atang	27
abɔr	27
abera	27
a	27
Uantakiya	27
utɔ̃ĩ	26
itsuka	26
itsokmum	26
isɛng	26
irhak	26
inangngge	26
ikiyikanga	26
ibɛn	26
atɔk	26
atãi	26
ashimbi	26
anernga	26
amɛk	26
agbopa	26
adoi	26
We	26
Utitu	26
Uteiya	26
Urhawi	26
Aner	26
usarkasar	25
uhwɛngo	25
udzaa	25
ubĩĩ	25
lb	25
ikpea	25
idɔi	25
ibibemu	25
atɔng	25
asasar	25
arhɛm	25
anyãmbɔ	25
abemu	25
Utsa	25
Uishaya	25
Atsu	25
Abvur	25
ĩbamum	24
uvorhvo	24
urhɛɛ	24
undzumunga	24
uhwɛng	24
iyɛ	24
itsermum	24
ishĩ	24
irhɛ	24
irheng	24
ipfuna	24
inyãmbi	24
inangge	24
imesi	24
ike	24
ifɛrha	24
idarh	24
awera	24
atsimɛn	24
anangmbɔ	24
akorhuwa	24
akorhumbi	24
afituwe	24
Unyã	24
Arherhe	24
Adzowe	24
utɔrɔk	23
unapumbɔ	23
ukpɛwa	23
ukpurukpi	23
ukpukpeta	23
ukpee	23
ufɔrh	23
ubeu	23
izɛɛ	23
iweru	23
itosa	23
isisar	23
irhakmbɔ	23
ikɛn	23
igũmbɔ	23
ififita	23
idɔngamɛn	23
idze	23
ici	23
ibɛi	23
fqa	23
azea	23
awura	23
asoka	23
ashupa	23
arhimmbɔ	23
angwɛ̃mbi	23
amɛɛ	23
akau	23
agũibɛn	23
afɔr	23
adaka	23
Uherhini	23
The	23
Nggaa	23
James	23
Anggbaashi	23
AIY	23
utirhi	22
usei	22
nekuka	22
iyora	22
ishaanum	22
inggɛ	22
inasi	22
imaangge	22
ikaifɛrhkɔ	22
avɛu	22
atorhanga	22
aseisa	22
amɛ̃ɛ̃	22
akara	22
agũã	22
afɔrh	22
ader	22
aboknga	22
Uwɔɔ	22
Uwɛrɛ	22
Utɛmbi	22
Utsɛrh	22
Urhɛm	22
Knowles	22
Horace	22
Íkpem	21
uweri	21
utsɛng	21
utsindĩã	21
ukutsak	21
ukupɛ̃ɛ̃	21
ugbor	21
ugar	21
udɔsa	21
itare	21
isoka	21
iso	21
iseng	21
inggbaashi	21
inang	21
imimutu	21
ikivarhambɔ	21
ihwɛnga	21
ighigha	21
idzur	21
icipuwa	21
awayiwe	21
atãrhã	21
ateiya	21
arhɛrha	21
arhimmɛn	21
angwɛ̃nga	21
angwĩnga	21
agbeyi	21
acucii	21
Utsak	21
Uistifanu	21
Inuma	21
Awuse	21
Akũ	21
with	20
uweɔ	20
utsɛ̃rhãpfu	20
usar	20
ugãrhũ	20
uIsrairha	20
tif	20
rimɔ̃ɔ̃	20
like	20
izɛ̃rhã	20
itsikamnga	20
isisok	20
inũ	20
inyãmɛn	20
ikorhuwa	20
ihwɛngnga	20
ifɔrh	20
ibangge	20
asorh	20
asheri	20
arhurhika	20
akpenga	20
afɛna	20
abokmbɔ	20
Uasiya	20
Neke	20
Imimasha	20
Abin	20
ízunga	19
utsɛrha	19
ukpi	19
ugwɛɛ	19
udan	19
ubokmum	19
nú	19
iyormum	19
itãrhã	19
itsim	19
irhang	19
inna	19
inggayɛ	19
imɛ̃ɛ̃	19
ikpurhi	19
igũmum	19
igwar	19
idikunga	19
ididɔsa	19
iciu	19
ibeenga	19
ayanga	19
aweke	19
avarha	19
atsak	19
arhena	19
anyãmbi	19
anunu	19
andzing	19
anangke	19
akorhunga	19
agãrhãnga	19
agbɛr	19
afai	19
Azɛ̃	19
Atorhmbi	19
Akpe	19
Agɛ	19
uzhika	18
uwɛrɛ	18
uwɛkuci	18
utsĩndĩ	18
utsen	18
utsaknga	18
utai	18
umɛ̃ɛ̃	18
ukpo	18
ukorhu	18
ukhapa	18
ugɔng	18
udzɛu	18
uci	18
this	18
nuwi	18
iyepa	18
iwɛrhɛ	18
itɛ̃rhã	18
itĩ	18
inanga	18
ikpɛ̃ɛ̃	18
ikpomum	18
ikpengge	18
ikorhuwe	18
ikerketangge	18
ijeenga	18
igoi	18
ibibimma	18
ibarɔ	18
ibar	18
ayika	18
atsĩwã	18
atsom	18
atirha	18
ashe	18
asare	18
amesuwa	18
akpukpe	18
akpombɔ	18
agar	18
afɛ̃ɛ̃	18
adɔsi	18
acipa	18
Uzakariya	18
Utasorhonika	18
Umarta	18
Umarku	18
Ukaisariya	18
Imimuta	18
Imesa	18
Ikpikpoi	18
Iki	18
uwukusong	17
uwirɛ	17
uvɛrh	17
utɔɔrha	17
utɔɔ	17
urhurhika	17
unɔrkang	17
ugɔnga	17
ugãrhãnga	17
uga	17
udĩkpi	17
ubom	17
riminɛ	17
iyika	17
iwuru	17
ivɛu	17
itsũ	17
itirhi	17
ishimɛn	17
irherhuwe	17
inyãmum	17
inu	17
inak	17
in	17
imɛ̃	17
ikɔ	17
ikpomɛn	17
ikorhunga	17
iguse	17
ifetem	17
idzowuka	17
azharhuwe	17
awɛ	17
avira	17
atsã	17
aterha	17
arhenu	17
arhede	17
anangnga	17
amesa	17
agɔrke	17
agũmbɔ	17
agoi	17
agasha	17
adarh	17
abinnga	17
Yesu	17
Utɛmɛn	17
Usorhomon	17
Unummɛn	17
Unerwi	17
Nggayɛ	17
Imɛ̃ngge	17
Imangmang	17
Anangkɛ	17
ítsu	16
uwɔrɔ	16
uwekpɔ	16
usu	16
ushiɔ	16
unu	16
unakka	16
ugɔ̃	16
ugugge	16
ughanga	16
ugbɛra	16
ugbɛr	16
udã	16
udzaka	16
ubvui	16
ubandzin	16
k	16
izea	16
itsɛnge	16
isorhu	16
indzowe	16
ina	16
imimutanga	16
imesamum	16
igigau	16
ighabin	16
igbaashia	16
igamtsak	16
ifur	16
idɛyiwamum	16
idzowukumbɔ	16
ide	16
ayirh	16
awɛrhu	16
atsɛ̃rhãpfu	16
atombɔ	16
asumbi	16
asar	16
arhimmbi	16
arherhi	16
arherhango	16
arhang	16
apfunu	16
apfuna	16
anyĩ	16
anangmbi	16
amɛka	16
akorhi	16
akase	16
adzise	16
adzake	16
adakuwe	16
abimɛn	16
Uwu	16
Utoma	16
Umarhkizadak	16
Ukafanahum	16
Ufestu	16
Udimashku	16
Titus	16
Ishingge	16
Iba	16
Aze	16
Akatsɛrh	16
íjuɛ	15
uzirhzĩ	15
uweru	15
uvɛu	15
uteiyanga	15
ungwɛ̃mbi	15
ughãwã	15
udika	15
nibikambi	15
iyɛimbɔ	15
iwiwosha	15
iweɔ	15
iwerimi	15
is	15
imimaa	15
ikponum	15
ighwɛr	15
iganga	15
idzɛɛr	15
idzam	15
idoi	15
ibemunga	15
ayɛisa	15
awɛrhamum	15
ashɔ̃rhũ	15
arhu	15
angwɛ̃we	15
akpembɔ	15
agbiite	15
adɛ	15
adzeki	15
acipuwa	15
aci	15
abemuwa	15
Usaduki	15
Urdun	15
Unummum	15
Ufɔrh	15
Udzur	15
Ubetani	15
Irhuka	15
Irhirhang	15
Anang	15
íkpem	14
utsurha	14
ushikpɔ	14
urhirhiki	14
urherha	14
untsuuka	14
umpfũwã	14
ukwɛr	14
ukpɔrɔ	14
ughwee	14
ufeta	14
ucipuwa	14
izĩngge	14
izĩmum	14
izengge	14
itsɛrh	14
itsĩngge	14
irhãrhĩ	14
inyanga	14
ingbim	14
imimuna	14
imaatak	14
ikpeto	14
ikhapa	14
igosha	14
ighongamɛn	14
idũwã	14
idɔsumbɔ	14
idũa	14
idzengge	14
idzaanga	14
ididɔk	14
icangnga	14
iberi	14
ibemu	14
by	14
ayormbi	14
ayor	14
atɛ̃rhã	14
atsũwũka	14
asungo	14
asheru	14
aseng	14
amunu	14
akɛki	14
akarha	14
agugge	14
agashuwe	14
adzui	14
abɔruka	14
aboka	14
aberi	14
abemunga	14
Wade	14
Usisok	14
Urhɛɛ	14
Uarhisabatu	14
Irhɛm	14
Graham	14
Atsɛng	14
ĩbema	13
íshaa	13
Ípfu	13
uzurhu	13
uvi	13
usaka	13
uni	13
ukutata	13
uhwɛka	13
ugũɔ	13
ufɛr	13
ubokngo	13
nibikami	13
izizusa	13
iyɛimbi	13
iwura	13
itɔ̃we	13
itsokngo	13
ito	13
isoyiwe	13
isong	13
isara	13
irhena	13
inggang	13
imesuwa	13
imani	13
imangmango	13
imaataka	13
ikpombi	13
ikpikpoinga	13
ikinanake	13
igbisha	13
igbe	13
igasha	13
idzidzipa	13
idekamum	13
ibibemambi	13
ibewa	13
ibeembɔ	13
gt	13
c	13
ayormbɔ	13
ayetnumkɛ	13
awɛrhɛ	13
awɔk	13
atsɛrha	13
atsuafɛr	13
atsimme	13
atirhunga	13
asumum	13
ashupu	13
are	13
anyã	13
anii	13
amei	13
amaake	13
akɔ̃	13
akpĩĩwe	13
akpɛ̃mbi	13
akowe	13
akaa	13
agoshe	13
agbe	13
afũã	13
afɛne	13
adzipu	13
adzak	13
adeyiwe	13
aden	13
adakmum	13
ada	13
abɔrɔ	13
abemumbi	13
abeenga	13
Uzaitun	13
Uyunana	13
Unying	13
Umagadarha	13
Uhananiya	13
Uandarawu	13
Uagiripa	13
Uadamu	13
Thompson	13
Isisok	13
Ijee	13
Icɛ	13
Gordon	13
Christ	13
Atsuke	13
Atorh	13
ídzɛɛr	12
utɔ̃itser	12
urhɛmnga	12
urhi	12
urhena	12
unakku	12
ukuka	12
ukpɔm	12
ukang	12
udɛyiwa	12
ucia	12
people	12
mɔnɔ	12
iyorngo	12
iyimbi	12
itɛ̃rhĩ	12
itsũwũkumbɔ	12
itsĩmɛn	12
itsĩmbɔ	12
itsia	12
ishaisha	12
ishai	12
irherhumum	12
inyangu	12
imɛr	12
imesango	12
ikorhumum	12
ikaa	12
igɔ̃kpee	12
ighadak	12
igber	12
ifɛrhkɔmbɔ	12
ifefetem	12
idɛɛ	12
idzui	12
idzeyiwa	12
ibimma	12
ibiborh	12
hk	12
avarhe	12
atsɛyinga	12
ateumbɔ	12
asumɛn	12
asoyi	12
arherhu	12
arherhakɛ	12
angwɛ̃rhã	12
amɛnkɛ	12
akũwã	12
adɔkambi	12
adzowukumbɔ	12
adziira	12
acipuwe	12
abemi	12
abangu	12
Uzabadi	12
Uyisa	12
Utaya	12
Usidon	12
Ukonerhiyu	12
Uiskariyoti	12
Ugba	12
Ufirhimon	12
Ufirhibi	12
Ude	12
Ubaraba	12
Ubabirha	12
Uakaya	12
Ni	12
Irherɛ	12
Ayetnum	12
Arherha	12
Anyapuwe	12
Amɛn	12
Ake	12
Agben	12
Acucii	12
íjui	11
íbvui	11
uzɛ̃rhãnga	11
uzĩɔ	11
uzaitun	11
utɛmɛn	11
utsuke	11
utesa	11
usisok	11
ushe	11
unɔr	11
ukukũ	11
ukpe	11
ukoma	11
ughwɔɔw	11
ufɛ̃	11
ufã	11
ufituwe	11
udzek	11
ubvun	11
kutsu	11
izungu	11
izungayɛ	11
iyita	11
iyikisong	11
iyambɔ	11
iwiwɔk	11
iwiwengge	11
iwera	11
itãi	11
itsimme	11
itarwɛɛ	11
isorhuwe	11
isarasu	11
irhɛrhi	11
irherhi	11
inyãã	11
inyãngu	11
inya	11
imangmangnga	11
ikɛrɛ	11
ikpui	11
ikorhumbɔ	11
ikikerhe	11
igũmɛn	11
igwir	11
igbiir	11
igambi	11
ififɔn	11
idzeukɛ	11
idzeki	11
idena	11
icicang	11
icaica	11
ibɛkka	11
ibemumbɔ	11
cn	11
azɔu	11
ayɔm	11
ayɛimbɔ	11
ayoka	11
ayerhe	11
avur	11
atsɛrhu	11
atsĩme	11
atsĩke	11
atsuyi	11
atsurha	11
atsukuka	11
atorha	11
atokambi	11
atenuma	11
ashur	11
arhimnga	11
arherhunga	11
anukutata	11
angwĩmbɔ	11
akon	11
agɔra	11
aghwɛr	11
agbishu	11
agbange	11
adɔng	11
adziir	11
adzaanga	11
abɛ	11
abeembi	11
Utsɛku	11
Ukpe	11
Ukayafa	11
Ugayu	11
Uferhi	11
Nummbɔ	11
Ipfunga	11
Ikikɔnga	11
David	11
Cook	11
C	11
Azea	11
Anu	11
Abɛrɛ	11
wa	10
uzɔu	10
utsũwe	10
utsaka	10
uso	10
us	10
undɔkango	10
unaa	10
ukerketakpɔ	10
ufɔn	10
udũwã	10
uda	10
ubemu	10
ubeengo	10
uYɛrhe	10
sc	10
iyituwa	10
iyinga	10
iwekpɔ	10
ivarhumbi	10
itɔk	10
itsermɛn	10
itsermbi	10
itsera	10
itsem	10
it	10
isɔme	10
ishe	10
irhikungge	10
irhange	10
irha	10
inyĩnyã	10
imimutayɛ	10
ikpĩĩ	10
igwirngge	10
ighambɔ	10
igar	10
ifɔrhe	10
idũwũ	10
idzekangge	10
idamɛn	10
idakuwe	10
icanga	10
ibibɛkmbi	10
azhe	10
azeze	10
ayormɛn	10
ayisi	10
avarhuwe	10
atsɛyi	10
atsũwũkumbɔ	10
atsusuwe	10
atsire	10
atorhambɔ	10
asorhu	10
arhzaburh	10
arhimngo	10
angwã	10
anermum	10
anerabɛ	10
ambãi	10
akwɛre	10
akerhe	10
akatarhu	10
akaifɛrkɔ	10
agãrhũ	10
aghonga	10
agbishuwe	10
afosa	10
adzirhnga	10
adambɔ	10
abĩkɛ	10
abope	10
abinmbɔ	10
abinmbi	10
abemumbɔ	10
abeea	10
Utsar	10
Utasarhonika	10
Usɔdɔm	10
Usuriya	10
Uonisimu	10
Unuma	10
Ungwɛ̃mum	10
Ujopa	10
Udɛyiwa	10
Uborodi	10
Uaforho	10
Musa	10
Iyor	10
Irhi	10
Ifɛn	10
Ididɔɔr	10
Ayɛrhe	10
Atsen	10
Arhusa	10
Abĩ	10
Abee	10
ACT	10
ípo	9
ífur	9
uzuzeu	9
uyika	9
uwɛrhɛ	9
uwɛkutsa	9
uwɔ	9
utɛngo	9
utei	9
ungwɛ̃dzɛm	9
undzingmum	9
undeya	9
unapumɛn	9
unapa	9
unangnga	9
umuna	9
uker	9
ukaifɛrhkɔ	9
uhwa	9
ububa	9
ubokmbɔ	9
ubemungo	9
ubema	9
ruwɔ	9
rabɔ	9
on	9
nggɛɛ	9
mgbako	9
leaders	9
iyoryɛ	9
iyamum	9
iyakɛ	9
iwiwe	9
iviviri	9
itsimbɔ	9
itsarhi	9
ishɔ̃rhũ	9
isheru	9
isheri	9
irherhuwa	9
irherhunga	9
irhakngge	9
inyãni	9
inekukumbɔ	9
imɛ̃ɛ̃ngge	9
imimunu	9
imaamum	9
ikpɛ̃mbɔ	9
ikpũrhũ	9
ikpikpe	9
ikom	9
ihwɛngmum	9
igũmbi	9
igbĩrhĩ	9
igbishuwa	9
igamɛn	9
igambɔ	9
ifituwe	9
idɔsunga	9
idzũũ	9
idzaambɔ	9
ibow	9
ibibemango	9
ibeea	9
azoo	9
awɛrhanga	9
awɛdzɛm	9
atɔɔ	9
atɔke	9
atsĩrhã	9
atsuyiwe	9
atsuku	9
atei	9
asɔmme	9
asong	9
arhimkɛ	9
arherhuwe	9
anyãã	9
anyangi	9
anum	9
aneka	9
anapumbɔ	9
anakagɔnga	9
amumuna	9
amesi	9
ambom	9
akɛnmbi	9
akhukhɔɔ	9
akerhunga	9
akatãrhã	9
agɔu	9
agɔpa	9
agoyiwe	9
aghwerh	9
agbiir	9
afuka	9
afituwa	9
afase	9
afaruwe	9
adũwã	9
adɔsunga	9
adzuma	9
abãrhã	9
abinga	9
abimbɔ	9
aberuwe	9
aberu	9
Utɛngo	9
Utɛnga	9
Utoruwa	9
Uteiyanga	9
Usayifuru	9
Unuhu	9
Umatta	9
Ukor	9
Ukirit	9
Ukau	9
Uhirudiya	9
Iwu	9
Ikikorhe	9
Ighwe	9
Ananga	9
Adzirh	9
Aba	9
ĩdɛyiwe	8
ĩdzowe	8
who	8
was	8
uyike	8
uyango	8
uyamum	8
uwukuse	8
uvaunga	8
utɔng	8
utãi	8
utsomngge	8
usungo	8
usheru	8
urhusa	8
urhang	8
unyãɔ	8
unyangu	8
unyanga	8
unggoyi	8
undɔkanga	8
unapumbi	8
unanyĩ	8
unangkpɔ	8
umaa	8
ukã	8
ukpɛ̃kpɔ	8
ukpong	8
ukpirh	8
ukorha	8
ugãrhãmum	8
ughong	8
ughamum	8
ugberhe	8
ufin	8
udɔsu	8
udzin	8
udiki	8
uder	8
span	8
rinɛɛ	8
our	8
iyɔrɔ	8
iyɛisa	8
iyo	8
iyisu	8
itɛ̃wã	8
itsɛyingo	8
itsurhi	8
itsingge	8
itsimɛn	8
iterha	8
isɔmamum	8
isoyamɛn	8
iseisa	8
isarkpɔ	8
isarhanga	8
isarhamɛn	8
irhɛrhɛ	8
irhirhare	8
irhenu	8
inyar	8
inyapuwe	8
ineka	8
iminɛ	8
imimashu	8
imangmangmɛn	8
ikɛnngge	8
ikpembɔ	8
ikerhuwe	8
igɔrngge	8
igɔngnga	8
igɔnga	8
igɔ	8
ighɛrha	8
ighaa	8
igbei	8
ifɛrhkɔmbi	8
idɛyiwanga	8
idzowukũ	8
idzaamum	8
ideyiwa	8
icipa	8
ibɔr	8
ibvun	8
ibibemuwenga	8
ibibemanga	8
ibibanga	8
ibewambɔ	8
from	8
for	8
do	8
church	8
b	8
azer	8
azang	8
ayɛimbi	8
ayitu	8
ayar	8
awɔke	8
avau	8
atsũwãmbɔ	8
atsɛngmbɔ	8
atsĩndĩã	8
atsɔka	8
atsumbɔ	8
atsui	8
atsok	8
atsimuwe	8
asɔma	8
asoyika	8
asoku	8
arhisa	8
arha	8
akɛna	8
akɛ	8
akwiu	8
akpɛ̃na	8
akponi	8
akorhumbɔ	8
akasong	8
akang	8
agɔng	8
agũna	8
agbishi	8
agbanga	8
agbaa	8
afɔrhe	8
afũmbɔ	8
adɛ̃ɛ̃mbɔ	8
adɔɔr	8
adɛyikumbɔ	8
abɛtuwe	8
abinngo	8
abarɔ	8
abambi	8
abadak	8
Utsurha	8
Uteijeemum	8
Usayirin	8
Usarkasar	8
Urom	8
Unumngo	8
Unataniyerh	8
Una	8
Umatiyu	8
Ukorhosi	8
Ukirhikiya	8
Uish	8
Ugɔng	8
Ugarhati	8
Udɛyiwe	8
Ubiriskirha	8
Ubingha	8
Ubetsaida	8
Ubemu	8
Ubaitarhami	8
Uakirha	8
UMusa	8
Nggɔɔ	8
Ififɔrh	8
Idzi	8
Ibibema	8
Ibiba	8
Asar	8
Arhim	8
Angwĩ	8
Amɛ̃	8
Amb	8
ĩdɔsa	7
ĩdzek	7
ínyãwã	7
ígũ	7
ídɛ̃ɛ̃	7
we	7
uzãrhã	7
uyi	7
uya	7
uwɛrhu	7
uwumum	7
utɛ̃rhĩmi	7
utɔ̃	7
utsũwã	7
utsindĩwi	7
utsara	7
utsakngo	7
utoma	7
uto	7
utatorho	7
utare	7
urhɛmum	7
untsuu	7
untama	7
ungwɛ̃ɛ̃	7
undɔka	7
undzingnga	7
undan	7
unango	7
unai	7
umata	7
ukutsa	7
ukusong	7
ukugɔnga	7
ukpɛ̃ɔ	7
ukpɛ̃	7
ukpurhu	7
ukpunga	7
ukatarhu	7
ugũo	7
ugoi	7
ugbora	7
ugbau	7
ugarha	7
ufarngo	7
udɔrhu	7
udze	7
udoi	7
udene	7
uIbrahim	7
sins	7
should	7
riyɛ	7
not	7
izang	7
iyɛrhanga	7
iyɛrha	7
iyiyike	7
iyikise	7
iyango	7
iwɛrhɛmɛn	7
iwupuwe	7
itɛnamɛn	7
itsĩa	7
itsitsĩm	7
itsitsĩ	7
itserngo	7
ititoma	7
isorh	7
isisei	7
isarha	7
isaku	7
irhɛmbɔ	7
irhowu	7
inɛ̃ɛ̃	7
inba	7
inangmɛn	7
inakka	7
imesayɛ	7
imasha	7
ikpɛ̃mum	7
ikpɛ̃	7
ikpikpɛ̃ɛ̃	7
ikpemɛn	7
ikiyikambɔ	7
ikivarhake	7
ikerngge	7
ikernga	7
ikermbɔ	7
ikau	7
ijeea	7
ihwɛngngge	7
igɔ̃	7
igũɔ	7
igɔmagɔm	7
igɔm	7
igoka	7
ighighong	7
ighamɛn	7
igbopa	7
igbau	7
igau	7
igamtsa	7
ifitem	7
ififĩrhã	7
idɛ̃ɛ̃ngge	7
idɔsumum	7
idzursu	7
idoingge	7
ideyiwe	7
idekuwe	7
idekanga	7
icicorhe	7
ibɔre	7
ibibemayɛ	7
ibibemamum	7
ibeweyɛ	7
ibemitsi	7
ibeembi	7
death	7
azɛrhe	7
azĩa	7
azituwe	7
ayɛɛi	7
ayetnummɛn	7
ayapa	7
awɛrhi	7
awuweke	7
awuse	7
atɛ̃wã	7
atɛn	7
atsĩmme	7
atsuri	7
atsumbi	7
ateimbɔ	7
asim	7
arherhambɔ	7
arherhambi	7
anũnang	7
anyangumbi	7
anui	7
angwɛ̃mum	7
angwĩngge	7
anggbaashimbɔ	7
andaidaknga	7
amor	7
amina	7
akɛn	7
akpoa	7
akpeke	7
akinga	7
akerhumbɔ	7
akayi	7
agɔrmbi	7
aghambɔ	7
agbambi	7
adɔsumbɔ	7
adɔsumbi	7
adzirhmum	7
adzeyi	7
adzekanga	7
adogerhi	7
adiki	7
adekuwe	7
abɔra	7
abĩmbɔ	7
abokmum	7
abingha	7
abemuka	7
abambɔ	7
Uyayiru	7
Utsɛnge	7
Utsuu	7
Utsu	7
Utirhi	7
Uteu	7
Usinai	7
Usimiyon	7
Usamairha	7
Urhɛ	7
Urhistira	7
Urhawudikiya	7
Urha	7
Ukũ	7
Uikoniya	7
Ugãrhã	7
Udɔsa	7
Ucucii	7
Uatina	7
Uartemi	7
UNum	7
Temple	7
Paul	7
Nummbi	7
Kabɔɔ	7
Itsu	7
Irhɛ	7
Irhirhika	7
Ingg	7
Imɛ̃ɛ̃ngge	7
Ikikɔng	7
Ibvui	7
Azĩ	7
Awɛkaci	7
Anangke	7
Akorha	7
Agãrhã	7
Agbena	7
Afã	7
Adene	7
Abvui	7
Ĩhĩĩ	6
ĩgũ	6
ĩdzaamum	6
ĩbɛkmɛn	6
ĩbɛk	6
ĩbemum	6
ĩbeemɛn	6
ízúú	6
ínak	6
íkpo	6
ídɛm	6
íbũ	6
will	6
uzeze	6
uvãã	6
uvarhe	6
utɛmum	6
utɛmbɔ	6
utsɛ̃ngo	6
utsukɔ	6
utsom	6
utsim	6
utomungo	6
uteukpi	6
uterha	6
utepunga	6
utenga	6
usorh	6
usok	6
ushai	6
ununuka	6
uneka	6
umasar	6
umar	6
ukũwã	6
ukɔ	6
ukukaa	6
ukpɛ̃ɛ̃	6
ukpĩĩwe	6
ukpoi	6
ukorhungo	6
ukerhe	6
ukara	6
ugãrhãngo	6
ughwɛr	6
ugbɛtɛ	6
ufɛrɔ	6
ufĩrhã	6
ufɛre	6
ufum	6
udɔsi	6
udɔkango	6
udzipa	6
ucuciia	6
uZing	6
uNirhu	6
them	6
s	6
life	6
izɛrhu	6
izharhuwe	6
izeyɛ	6
iyɛrhango	6
iyɛrhamum	6
iyiyɛi	6
iyimɛn	6
iyikanga	6
iyarhe	6
iyar	6
iyaa	6
iwɛr	6
iwosha	6
iwayiwe	6
ivira	6
ivarhe	6
itɛ̃rhãzɔu	6
itɛn	6
itsũwũkũ	6
itsũwũkumɛn	6
itsũwãmbɔ	6
itsĩmme	6
itsuyi	6
itsuwe	6
itsumbɔ	6
itsitsim	6
itosanga	6
itomuwe	6
isɔɔ	6
isoyi	6
isorhuwa	6
isisoknga	6
ishia	6
iseinga	6
irhirhɛm	6
irhirhikayɛ	6
irhirhikanga	6
irhimkpɔ	6
ipfunumbɔ	6
ipfumum	6
ipfumbi	6
iparumum	6
inyãnguwe	6
ininang	6
ingwɛ̃dzɛn	6
inggɔmanggɔm	6
imɛ̃mum	6
imei	6
ikpĩĩwe	6
ikpũrhãngge	6
ikpĩrhã	6
ikpũa	6
ikorhungge	6
ikorhumɛn	6
ikar	6
ihwɛngkpɔ	6
ihwihwɛngnga	6
ihwihwɛngmbɔ	6
ihwihwa	6
igɔ̃kpeka	6
igɔra	6
igigũ	6
ighwɛrngge	6
igbɔm	6
igarhuwe	6
igamum	6
ifɔrha	6
ifɛne	6
ifuka	6
ifosi	6
ifosayɛ	6
ififɔrhmbi	6
ififai	6
idãrhũke	6
idzũ	6
idzipumbɔ	6
idzina	6
idzidzuna	6
idzedzeu	6
idzaambi	6
iden	6
ideku	6
ibãrhã	6
ibibɛkyɛ	6
ibibee	6
ibera	6
ibemumɛn	6
be	6
ayɛia	6
ayetnumnga	6
ayepa	6
ayanguwa	6
ayambɔ	6
awɛkatsa	6
awɛkacinga	6
awerɛ	6
avɔmnga	6
avura	6
avarhu	6
avange	6
atɔ̃we	6
atsĩmbi	6
atsusa	6
atsorhuwe	6
atsokmbɔ	6
atsakmbɔ	6
atorhnga	6
atonga	6
atombi	6
ateiyambɔ	6
atamnga	6
atai	6
asɔmuka	6
asombi	6
asita	6
asisok	6
ashɔɔta	6
ashor	6
asharhe	6
asarasu	6
arhɛrhi	6
arhɛma	6
apfuri	6
anyɔna	6
anurhɛu	6
angwɛ̃yi	6
angwĩã	6
angwĩmum	6
anggbaashimbi	6
anggbaashia	6
anggamtsaknga	6
andeya	6
amare	6
amaataka	6
akɛnmbɔ	6
akwɛɛte	6
akpombi	6
akorhuke	6
akirhomita	6
akermbi	6
ahwambi	6
aghɔ̃rhã	6
aghwi	6
aghambi	6
agbopu	6
agbopi	6
agbeyambɔ	6
agbapfu	6
agarhuwe	6
agapa	6
adɛyiwanga	6
adãrhã	6
adzukuwe	6
adzeyiwa	6
adzaambɔ	6
adera	6
adakngo	6
adake	6
abɛ̃	6
abɔrukumbɔ	6
abɛka	6
aborodi	6
abikase	6
abere	6
abayi	6
Uzakka	6
Uyanga	6
Uya	6
Uwɛdzɛm	6
Uwukusong	6
Uver	6
Uumbi	6
Utsindĩ	6
Utei	6
Utarhkpi	6
Usheru	6
Usaratu	6
Urhoma	6
Unummbɔ	6
Unikodimu	6
Ungwɛ̃ngo	6
Ungwɛ̃mɛn	6
Umumwi	6
Uma	6
Ujoshuwa	6
Ujesse	6
Ujeriko	6
Uharuna	6
Ugɛ	6
Uguga	6
Ugarhatiya	6
Ubiriya	6
UTeijee	6
Son	6
Nummɛn	6
Jude	6
Iyɛrha	6
Iwuri	6
Iwei	6
Iva	6
Itsi	6
Isha	6
Isarha	6
Imɛka	6
Imimutu	6
Imar	6
Ikorhe	6
Ijuɛ	6
Igɔr	6
Ibrani	6
Ibr	6
Dec	6
Bible	6
Atsarhi	6
Ana	6
Ambom	6
Akpurha	6
Aki	6
Adzur	6
Abina	6
ĩbɔre	5
ívum	5
íteu	5
ídɔinga	5
ídɔimum	5
uzɛ̃rhãmum	5
uzea	5
uwɛrhi	5
uwunga	5
uvɛrhngo	5
uvɛpɔ	5
utsɛ̃	5
utsɛki	5
utsorhe	5
utser	5
utseku	5
utoo	5
utokamɛn	5
uteng	5
usɛng	5
usheri	5
ushayi	5
urhɛmmum	5
urhɛmbɔ	5
urhini	5
urherhungo	5
urhakumi	5
urhakpi	5
upayi	5
unyɛ̃ɛ̃nga	5
unurhɛu	5
untɔ̃ɔ̃	5
untamanga	5
ungwɛ̃rhĩ	5
ungwɛ̃ngo	5
unasi	5
unapunga	5
umukurhi	5
umbumbin	5
umastad	5
umasha	5
ukɛnkpɔ	5
ukpungo	5
ukaa	5
ugoshe	5
ughwɛrmgbɔ	5
ughorkaghor	5
ugbɛta	5
ugbiu	5
ugbisha	5
ugbe	5
ugbakpɔ	5
ugapa	5
ufɔr	5
ufũ	5
uferanga	5
udɔsungo	5
udɔka	5
udzowukɔ	5
udzaango	5
ucuciianga	5
ubɛrh	5
ubɛk	5
uazurhfango	5
uNilu	5
saved	5
others	5
nyangu	5
num	5
nibikambɔ	5
nggawɔ	5
live	5
izharha	5
izembi	5
izeke	5
izama	5
iyɛsa	5
iyorngge	5
iyisi	5
ivivɔ̃ɔ̃	5
ivarhambɔ	5
ivarha	5
itɔngke	5
itsɛyi	5
itsũwãnga	5
itsĩwã	5
itsɛngmbɔ	5
itsɛngamum	5
itsusuwe	5
itsukamum	5
itsikamngo	5
itsak	5
itonga	5
itoknga	5
itok	5
ititirhi	5
isoyikũ	5
isiseimbɔ	5
ishɔɔr	5
ishishɔɔr	5
ishimbɔ	5
ishaanga	5
iseimbɔ	5
isarsatake	5
isar	5
irhɛngge	5
irhɛmyɛ	5
irhɛmmum	5
irhisa	5
irhirhangnga	5
irherhumbɔ	5
inumyɛ	5
ingwĩ	5
inekukũ	5
inekukumɛn	5
inangyɛ	5
imɛ̃ke	5
imɛk	5
imoryɛ	5
imarnga	5
imarmbɔ	5
imara	5
imaake	5
ikɔɔ	5
ikɔtsuuka	5
ikpũmbɔ	5
ikpikpanga	5
ikpanga	5
ikorhuke	5
ikikorhango	5
ikhor	5
ikerhungge	5
ikerhunga	5
ikei	5
ijuɛyɛ	5
ijara	5
ihwɛngo	5
ihwɛngngo	5
igũna	5
igɔmanggɔm	5
igokka	5
ighɛnga	5
ighwɛrmgbɔ	5
ighor	5
ighamum	5
ighaigharake	5
igbɛrangwi	5
igbɛra	5
igbishu	5
igbigbambɔ	5
igbermbɔ	5
igbaigba	5
igashuwe	5
igango	5
ifĩrhũmum	5
ifituwa	5
ififitayɛ	5
idɛ̃ɛ̃nga	5
idɛ̃ɛ̃ke	5
idɛyiwambɔ	5
idɔng	5
idzipunga	5
idzidzeka	5
idikũnga	5
idevaa	5
iderngge	5
icɛ	5
ibvibvun	5
ibibɛknga	5
ibibɛkmum	5
ibibimmambi	5
ibewanga	5
iberu	5
ibemuwe	5
ibeemɛn	5
ibang	5
have	5
azĩnga	5
azĩke	5
azir	5
aza	5
ayɛsu	5
ayisuwa	5
ayirukumbi	5
ayanguke	5
ayambi	5
awɛkacimbi	5
awupuwe	5
awumma	5
awosha	5
awerangge	5
aviri	5
avarhuwa	5
atɔ̃mbɔ	5
atsɛnga	5
atsĩndĩngo	5
atsutson	5
atorhango	5
atorhamum	5
atokambɔ	5
atoka	5
ater	5
atararhu	5
asorhuwa	5
asituwe	5
asisei	5
ashaka	5
asaka	5
arhɔ̃yĩ	5
arhɛmmbɔ	5
arhɛkɛ	5
arhkama	5
arhiku	5
arherhuwa	5
arherhamɛn	5
arheni	5
apfunumbɔ	5
apare	5
anɔnɔr	5
anying	5
anyanguwe	5
annaa	5
angwĩngo	5
angipa	5
anggamtsakngo	5
anggamtsakmbi	5
anggamtsak	5
anermɛn	5
anekukumbɔ	5
ananaka	5
all	5
akɔrɔ	5
akpɔmmbi	5
akpem	5
akaci	5
agũa	5
aguge	5
aghadak	5
agbɛyi	5
agbĩrhã	5
agbɛrangwĩ	5
agbayi	5
agbambɔ	5
agarha	5
afĩĩ	5
afɛrkumbɔ	5
afosi	5
afire	5
afasa	5
adzipumbɔ	5
adzembɔ	5
adermbɔ	5
adarha	5
adakmbɔ	5
adakmbi	5
acipuwanga	5
abĩmɛn	5
abvũĩwe	5
abvurkɛ	5
abubee	5
abokmbi	5
abimbi	5
Wayo	5
Utiyatira	5
Utikiku	5
Utarsu	5
Usihiyona	5
Upfunga	5
Upamfirhiya	5
Uobida	5
Unggbaashi	5
Undzumu	5
Umgbɔ	5
Umarhem	5
Ukutsɛrh	5
Ukpuku	5
Ukpoi	5
Ukana	5
Ukan	5
Uitarhiya	5
Uirimiya	5
Uibrani	5
Uharhfa	5
Uhanana	5
Ugũ	5
Ufir	5
Ufinikiya	5
Uenɔk	5
Udũwã	5
Udimitiriyu	5
Udene	5
Udarbe	5
Ubom	5
Ubo	5
Uaristaku	5
Uarhekzanda	5
Uamminadab	5
Spirit	5
Numngo	5
Izĩ	5
Izeyɛ	5
Iyɛrɛ	5
Itar	5
Ishaa	5
Inum	5
Inera	5
Imangmangngo	5
Illustrations	5
Igbiir	5
Ibibemuwe	5
Description	5
Bai	5
Backup	5
Arhusu	5
Anggɔm	5
Amar	5
Akwɛr	5
Akpɔm	5
Akerhuwe	5
Akatsak	5
Afɛre	5
Adɛ̃ɛ̃	5
Abĩã	5
ĩgũmɛn	4
ĩdɛyiwa	4
ĩdũwũwa	4
ĩbemuwe	4
ĩbemumum	4
írhãrhã	4
írhirhangmbɔ	4
írheng	4
ídzɛr	4
ídidɔk	4
wu	4
verso	4
uzɛ̃rhũ	4
uzɛ̃rhãmbɔ	4
uzing	4
uzharhuwe	4
uyɛrhamɛn	4
uyita	4
uwɛrhamum	4
uwɛdzɛm	4
uwuru	4
uwura	4
uwumɛn	4
uwoi	4
uverkpi	4
uvaar	4
utɔ̃tɔ̃ĩ	4
utɛmbi	4
utsũwũ	4
utsɛr	4
utsĩkpɔ	4
utsuyi	4
utsutsĩm	4
utsukukɔ	4
utsufɛr	4
uteumbɔ	4
utar	4
usum	4
usoyiwe	4
usoso	4
usomgbɔ	4
ushimgbɔ	4
ushashaki	4
usee	4
usaku	4
usakangge	4
urhɛmɛn	4
urhu	4
urherhi	4
upɛ̃rhɛng	4
upfurhsĩnga	4
ungɛɛ	4
unggurhi	4
unggamtsak	4
unermbi	4
undzuma	4
undzingmbɔ	4
unangmgbɔ	4
umur	4
umesa	4
umei	4
umanna	4
ukũna	4
ukpɛrɛ	4
ukpumbi	4
ukpoka	4
ukpeto	4
ukpere	4
ukorhuwa	4
ukobo	4
ukerhungo	4
ukamnga	4
ugɔ̃rhũkpɔ	4
ugũibɛn	4
ugãrhãmbi	4
uguge	4
ughɛɛng	4
ughadaknga	4
ugbɛtambi	4
ugburh	4
ufuu	4
ufarnga	4
ufar	4
udɔɔr	4
udɛm	4
udzunukpɔ	4
udzipu	4
udom	4
ude	4
udakuwe	4
ubɔr	4
ubãrhã	4
ububee	4
ubokngge	4
ubokmɛn	4
uboka	4
ubinghanga	4
ubimma	4
through	4
those	4
their	4
that	4
save	4
rasu	4
page	4
nyanguwe	4
nibikango	4
nibikangge	4
kishookambɔ	4
kabɔɔ	4
izusa	4
izek	4
iyɛruwe	4
iyɛrhambɔ	4
iyɛm	4
iyɔm	4
iyormbɔ	4
iyormbi	4
iyok	4
iyiyikeyɛ	4
iyitumum	4
iyirh	4
iyimum	4
iwhanga	4
ivur	4
ivivira	4
ivarhumbɔ	4
ivangngge	4
ivangnga	4
itɔ̃mbi	4
itɛng	4
itsũwũkũngge	4
itsɛrha	4
itsĩme	4
itsĩmbi	4
itsɔku	4
itsã	4
itsuri	4
itsumɛn	4
itsukũ	4
itsuivum	4
itsoiyɛ	4
itsoinga	4
itso	4
itsike	4
itosambɔ	4
iteuyɛ	4
itaitaar	4
isɔmmbɔ	4
isongge	4
isokku	4
isituwe	4
isiseimɛn	4
ishupa	4
ishayi	4
iseimbi	4
isarmbɔ	4
isare	4
irhɛɛ	4
irhɛmnga	4
irhɛma	4
irhãrhãmbɔ	4
irhusumbi	4
irhok	4
irherhumɛn	4
irherhu	4
irhangngge	4
ipfunu	4
inyĩnyãmbɔ	4
inyaka	4
inor	4
ingwɛ̃we	4
ingwɛ̃	4
ingbimnga	4
indãrhũmum	4
imɛ̃mbi	4
imɛ̃kpɔ	4
imornga	4
imangmangmum	4
imaata	4
illustrations	4
ikɔ̃	4
ikɔw	4
ikɔk	4
ikãwãngge	4
ikwɛre	4
ikpɛ̃na	4
ikpɛ̃mɛn	4
ikpũnga	4
ikponu	4
ikpongge	4
ikpina	4
ikpemnga	4
ikpemmbɔ	4
ikpeke	4
ikpangu	4
ikowe	4
ikow	4
ikorhuwamum	4
ikikɔngmbi	4
ikikorhanga	4
ikertsi	4
ikerngo	4
ikerke	4
ikerhuwa	4
ikerhukũ	4
ikake	4
ikaifɛrkɔ	4
ihwamum	4
ihwambi	4
igũo	4
igwirmgbɔ	4
ighangge	4
igbɔmnga	4
igbopi	4
igbishi	4
igbiita	4
igbigbisha	4
igbambi	4
ifũã	4
ifũ	4
ifosu	4
ifosamɛn	4
ififosa	4
ififitem	4
ifasamum	4
ifakpe	4
idãrhũnga	4
idzunuwe	4
idzum	4
idzowukumɛn	4
idzipuwe	4
idzipumbi	4
idzingga	4
idzidzɛrhayɛ	4
idzekngge	4
idoyi	4
ideya	4
idekamɛn	4
icangmum	4
ibũ	4
ibupuwe	4
ibibemuweyɛ	4
ibemungge	4
ibemumbi	4
ibeengo	4
his	4
heaven	4
daknga	4
azɛ̃rhũmbɔ	4
azĩmbi	4
ayɛruwe	4
ayɛise	4
ayo	4
ayisuwe	4
ayisumbɔ	4
ayirhmbi	4
ayikuka	4
ayarhe	4
ayanguwe	4
ayangu	4
awɛɛ	4
awɛkacimbɔ	4
awɔka	4
awushunga	4
awushu	4
awupuwa	4
awoyi	4
awing	4
awayika	4
awashuwe	4
aumɛna	4
atĩã	4
atɛtɛnake	4
atɛtɛn	4
atĩtser	4
atɔnga	4
atĩna	4
atsɛ̃mbi	4
atsɛyimbɔ	4
atsĩrhĩ	4
atsɛrhi	4
atsĩmke	4
atsuruwe	4
atsuivum	4
atsorhu	4
atsorha	4
atomunga	4
atomumbɔ	4
atokanga	4
atesmɛn	4
ateiyambi	4
ateimbi	4
ataba	4
asɔr	4
asɔmukumbɔ	4
asorhe	4
ashɔɔte	4
ashɔng	4
ashera	4
aseimbɔ	4
asawa	4
asarsatake	4
arhɔ̃ĩ	4
arhɛrhuwe	4
arhɛmbɔ	4
arhurhɛm	4
arheyirhɔ	4
arherhumbɔ	4
arharhɔ	4
apfupfu	4
apfununga	4
anyãke	4
anyinganying	4
anyinga	4
anuisa	4
anggɔmmbi	4
angboki	4
anermbɔ	4
andanna	4
andaidakngo	4
anakatsɛrh	4
anai	4
amɔrmbɔ	4
amutuwe	4
ampfũwã	4
amisuwe	4
amesu	4
amaambɔ	4
akũwe	4
akwɛɛrka	4
akpowe	4
akpeta	4
akpekɛ	4
akimum	4
akimbɔ	4
akimbi	4
akeketake	4
akaterha	4
akapɛng	4
akan	4
akakũmbɔ	4
akai	4
akagɔnga	4
ahwambɔ	4
agũke	4
agwir	4
agbɛgbɛra	4
agbiu	4
agbei	4
agbata	4
agbaigba	4
agashuka	4
afɔ̃rhũwe	4
afɛyiwe	4
afɛrmbɔ	4
afĩrhũnga	4
afɔrhuka	4
afɛnu	4
afɔme	4
afɛk	4
afaru	4
afaimbi	4
adɔkake	4
adzunumbɔ	4
adzipuwe	4
adzembi	4
adeyiwa	4
adeya	4
acorhuwe	4
abvurh	4
abvure	4
abinmɛn	4
abingo	4
abimum	4
abar	4
abadaknga	4
WA	4
Uzerubaberh	4
Uze	4
Uyɛi	4
Uvarhe	4
Utsɛng	4
Utiyofirhu	4
Utibariya	4
Utabita	4
Usorhmon	4
Uso	4
Usirhuwam	4
Usheyarhtiyerh	4
Usei	4
Usardi	4
Usam	4
Urhutu	4
Urhidda	4
Upentiko	4
Unyangu	4
Ungwɛ̃ɛ̃	4
Ungwɛ̃wi	4
Ungwɛ̃mbi	4
Unashon	4
Unapmum	4
Unang	4
Unahum	4
Umirhetu	4
Umika	4
Umatatiya	4
Umatat	4
Umarhki	4
Umaa	4
Ukpee	4
Ukorhe	4
Ukenan	4
Ukefa	4
Ujason	4
Ujanisarat	4
Uitiyofiya	4
Uiri	4
Uiniya	4
Uhezuron	4
Uhabirha	4
Ugomora	4
Ugetsemani	4
Ufirhipi	4
Ufereza	4
Uerhiyeza	4
Uerhiyakim	4
Udzipa	4
Udzek	4
Uda	4
Ubĩĩ	4
Ubvui	4
Ubok	4
Ubisidiya	4
Ubina	4
Ubatorhomi	4
Ubanjami	4
Ubani	4
Uarimatiya	4
Uarhmasihu	4
Uarhekzandiriya	4
Uaram	4
Uabaforiditu	4
UYAHUDA	4
They	4
Satan	4
People	4
Oka	4
Numyɛ	4
Nummum	4
Nov	4
Iyɔɔ	4
Iwiwɔk	4
Iviviri	4
Itsũwã	4
Itsok	4
Isisei	4
Irhowu	4
Irhikungge	4
Ipfumum	4
Inai	4
Imani	4
Ikpemnga	4
Ikivarhambɔ	4
Ijui	4
Igwirhuwe	4
Ifɛrhɛ	4
Idzowe	4
Idzeku	4
Ideka	4
Ida	4
Icicang	4
Ibibɛk	4
Holy	4
Erhoi	4
Dũya	4
Dunham	4
Darwin	4
Avɔm	4
Atsutson	4
Atsom	4
Atsim	4
Atsar	4
Atorhngo	4
Asɔm	4
Angwɛ̃mɛn	4
Angwã	4
Amɛnmum	4
Amɛnmbɔ	4
Ambãi	4
Akpɛ̃mbɔ	4
Akakũ	4
Abɔrɔ	4
Abɛrh	4
Abemuwambɔ	4
Abba	4
ABI	4
ĩgũmum	3
ĩdɛyikũ	3
ĩdũwã	3
ĩdɔrhi	3
ĩdzeka	3
ĩdene	3
ĩbɔra	3
ĩbɔr	3
ĩbemuwa	3
íshi	3
írhak	3
ínna	3
ímimuna	3
ífa	3
ídzin	3
íde	3
ícang	3
ãgboki	3
Ízunga	3
Ídɛm	3
white	3
were	3
wants	3
uzĩɔ̃	3
uzhɔma	3
uzhãĩ	3
uzharhukɔ	3
uyɛrhu	3
uyɛrha	3
uyɛisu	3
uyuyɛi	3
uyokpɔ	3
uyisunga	3
uwɔkɔ	3
uwumbi	3
uvermbi	3
uvauwi	3
uvarha	3
utɔk	3
utãrhã	3
utsĩɔ̃	3
utsĩndĩã	3
utsĩndĩwi	3
utsĩndĩa	3
utsuruwa	3
utsotsoramgbɔ	3
utsotsorakpɔ	3
utsirkpɔ	3
utirhu	3
uteumbi	3
uteiyambɔ	3
uteijee	3
utata	3
utam	3
usoyi	3
usoi	3
ushɔi	3
usare	3
urhɛngo	3
urhɛmbi	3
urhɔka	3
urhoya	3
urhambi	3
urhaburhe	3
upfunungo	3
unyɛ̃	3
unyanguwe	3
untsuua	3
unkpeka	3
unkpeeka	3
ungwɛ̃wi	3
ungwɛ̃umbi	3
ungguma	3
unggba	3
unggamtsakmum	3
unggamtsakmbi	3
undɔkakpɔ	3
undzoma	3
undana	3
unapmum	3
unakugbĩrhĩ	3
umoshu	3
umesuwa	3
umani	3
ukɛn	3
ukũa	3
ukwɛɛte	3
ukukom	3
ukpusha	3
ukpumbɔ	3
ukpukpoi	3
ukpeeka	3
ukoyi	3
ukoo	3
ukomnga	3
ukerhuwe	3
ukerhukpɔ	3
ukeker	3
ukarhnga	3
uka	3
ujasfa	3
uhwɛkmbɔ	3
ugɔrɔ	3
ugɔgɔngakpɔ	3
ugũa	3
ugusemɛn	3
ughango	3
ugbɛtanga	3
ugbɛrɔ	3
ugbũkũ	3
ugbishuwa	3
ugakpi	3
ufɔma	3
ufetu	3
ufer	3
udɛ̃ɛ̃kpɔ	3
udɛyikɔ	3
udɔng	3
udãã	3
udzuma	3
udzoma	3
ududoi	3
udedetamgbɔ	3
udarh	3
udakngo	3
ucicii	3
ubĩã	3
ubãĩ	3
ubãã	3
ububimma	3
ububema	3
ubokmbi	3
ubinghamɛn	3
ubinghambɔ	3
ubinghakpi	3
ubemuwe	3
ubatu	3
ubarɔ	3
uNum	3
uLawi	3
uKorah	3
two	3
troubles	3
top	3
things	3
sinned	3
sin	3
sick	3
rakɔ	3
rabɛ	3
often	3
nggayɛ	3
many	3
love	3
kpukpĩrhã	3
ki	3
izãrhã	3
izusu	3
izungambɔ	3
izoyi	3
izizĩ	3
iyɛse	3
iyɛisũ	3
iyɛimɛn	3
iywa	3
iyiyepa	3
iyiruka	3
iyira	3
iyimbɔ	3
iyikuka	3
iyikangge	3
iyikami	3
iyepu	3
iwurimi	3
iwurangge	3
iwupa	3
iwiwoshamum	3
iwerɛngge	3
ivɔ̃	3
ivɛrhe	3
ivura	3
iviri	3
ivina	3
ivarhunga	3
ivarhu	3
ivangmbɔ	3
ivangmbi	3
iva	3
itɔ̃wã	3
itɔ̃mbɔ	3
itɔngngge	3
itɛngasu	3
itãiwe	3
itsɛyinga	3
itsũwũkumbi	3
itsũwũka	3
itsũwãmum	3
itsĩrhã	3
itsɛngamɛn	3
itsĩm	3
itsɛki	3
itsĩke	3
itsuyiwe	3
itsui	3
itsuafɛrke	3
itsorhuwe	3
itsokkɛ	3
itsoimbɔ	3
itsitsĩme	3
itsitsĩmbi	3
itsitsu	3
itsirkpɔ	3
itsimma	3
itsikammum	3
itsemnga	3
itosayɛ	3
itosango	3
itong	3
itomunga	3
itomumbɔ	3
ititɛ̃wãmɛn	3
ititɛ̃wãmum	3
ititɔng	3
isɔmmɛn	3
isoyikumbɔ	3
isorhmbɔ	3
isokmbɔ	3
isitungge	3
isisorh	3
isiseimum	3
isiseimbi	3
isipuwe	3
ishɔɔrka	3
ishur	3
ishupu	3
ishor	3
ishinga	3
ishike	3
ishera	3
isew	3
isenga	3
iseingge	3
isatungge	3
isaisar	3
isa	3
irhɛrhuwe	3
irhɛke	3
irhirhikambi	3
irhirhangngge	3
irhimɛn	3
irhimbɔ	3
irhikumbɔ	3
irhare	3
ipfununga	3
ipfungo	3
ipfunga	3
ipfum	3
inɛɛ	3
inyãɔ̃	3
inyãnga	3
inside	3
ingwɛ̃mbɔ	3
ingwã	3
inguwe	3
ingge	3
inepurha	3
inekungge	3
inekamum	3
indɛyiwe	3
indzowukũ	3
inayiwe	3
inangmum	3
inangkpɔ	3
inangke	3
imɛ̃ɛ̃mum	3
imɛknga	3
imãrhã	3
imimesuwe	3
imesumum	3
imangyɛ	3
imangmangyɛ	3
imaamɛn	3
ikɔ̃ner	3
ikɔre	3
ikɛnmɛn	3
ikɛnke	3
ikũmɛn	3
ikũmum	3
ikɔkmbɔ	3
ikpũyɛ	3
ikpɔmmɛn	3
ikpoɔ	3
ikpikpĩĩ	3
ikpemum	3
ikorhungo	3
ikorhumbi	3
ikorhuka	3
ikiyikami	3
ikikĩĩ	3
ikikorhambɔ	3
ikikorhambi	3
ikider	3
ikermɛn	3
ikermbi	3
ikakũ	3
ikaikai	3
ijeengo	3
ijeengge	3
ijeemum	3
ijeembɔ	3
ijari	3
ihwihwɛngngo	3
ihwihwɛngmbi	3
ihwambɔ	3
ihwaa	3
igɔ̃kpeeka	3
igɔigɔng	3
igũighong	3
igwarha	3
igusengge	3
igoyiwe	3
igoyi	3
ighongke	3
ighongge	3
ighonga	3
ighadaknga	3
igbɛrmum	3
igbur	3
igbopumbi	3
igbopu	3
igbiite	3
igbangge	3
igbambɔ	3
igashi	3
ifɛyiwe	3
ifɛu	3
ifɛrngge	3
ifũrhã	3
ifɔr	3
ifɛnu	3
ifɔme	3
ifosambi	3
ififɛr	3
ifase	3
ifasa	3
ifaruwe	3
ifaruke	3
idɔsumbi	3
idũnga	3
idãrhũngge	3
idãrhũmbɔ	3
idzɛ̃rhã	3
idzuma	3
idzipungo	3
idzipu	3
idzim	3
idzidzɛrha	3
idzidzowe	3
idzidzipambɔ	3
idzidzipambi	3
idzidzekanga	3
idzidzek	3
idzaango	3
idzaangge	3
idosɔ	3
ididɔɔryɛ	3
ididɔɔrambi	3
ididɔng	3
idernga	3
idekayɛ	3
idekango	3
idekambɔ	3
idarhngge	3
idai	3
icorhuwe	3
iciuakpe	3
icipuwangge	3
icim	3
icicanga	3
icangmbi	3
ibɛka	3
ibvurmum	3
ibowpa	3
ibibɛkmɛn	3
ibibɛkmbɔ	3
ibibow	3
ibewungge	3
ibemi	3
ibea	3
ibangunga	3
him	3
gives	3
fq	3
fk	3
filenames	3
dn	3
cɛ	3
credit	3
black	3
bk	3
believers	3
beginning	3
azɛ̃rhũ	3
azusa	3
azituka	3
azita	3
azharhe	3
azezerake	3
azanga	3
ayurhi	3
ayombɔ	3
ayoku	3
ayitunga	3
ayiruka	3
ayikambi	3
ayii	3
ayetnummbɔ	3
ayetnummbi	3
ayare	3
ayapuwe	3
ayapumbɔ	3
ayapumbi	3
awɔɔr	3
awɛrhango	3
awɛrha	3
awɔkuka	3
awurake	3
awoi	3
awerakpɔ	3
awayikumbɔ	3
avɔ̃ɔ̃	3
avɛwe	3
avɛumbɔ	3
aviru	3
avarhumbɔ	3
avarhi	3
avapuwe	3
atɛ̃rhãzɔu	3
atɔngke	3
atĩmbɔ	3
atĩmbi	3
atãyĩwe	3
atãiwe	3
atsɛ̃mbɔ	3
atsɛ̃	3
atsũwũkumbi	3
atsĩndĩkɛ	3
atsĩmka	3
atsukanga	3
atsoo	3
atsia	3
atsakmbi	3
atsai	3
atorhi	3
atorhakɛ	3
atomɛn	3
atomuwe	3
atomu	3
atomi	3
atiri	3
ateng	3
ateinga	3
ateijee	3
atarkumbi	3
at	3
asɛnga	3
asusu	3
asoyiwa	3
asoyimbɔ	3
asoya	3
asorhunga	3
asorhukumbɔ	3
ashɔɔrka	3
ashɔɔr	3
ashɔyi	3
ashɔi	3
ashiyake	3
ashau	3
asesa	3
asarsatawɔ	3
asarsatambɔ	3
arhɔsa	3
arhɛmmbi	3
arhusunga	3
arhakumi	3
apɛng	3
apfu	3
anyĩrhã	3
anyĩmbɔ	3
anyapukumbɔ	3
anyaa	3
anunang	3
antamambɔ	3
animals	3
angwɛ̃ngge	3
angwĩmbi	3
anggɔmmum	3
anggɔmkɛ	3
anggoyi	3
anggbokunga	3
anggamtsakmɛn	3
anerngo	3
anermbi	3
andzoma	3
andai	3
anangngo	3
anamu	3
anakagbĩrhĩ	3
anaanga	3
anaamum	3
amɛ̃ɛ̃mbɔ	3
amɛ̃mbɔ	3
amesuka	3
amasha	3
amaanga	3
am	3
akɔti	3
akãã	3
akã	3
akwɛɛrkumbi	3
akusa	3
akpɛwa	3
akpɔuke	3
akpɔma	3
akpemmbɔ	3
akpembi	3
akpanga	3
akpai	3
akone	3
akingo	3
akerketawɔ	3
akerketake	3
akerke	3
akerhuwa	3
akeker	3
akarh	3
akapɛɛng	3
akaimbi	3
akaikai	3
ahwita	3
agɔgɔng	3
agãrhãmum	3
agwirke	3
agomna	3
aghor	3
aghaa	3
agbopuwe	3
agbopumbi	3
agbishuwa	3
agbipa	3
agbau	3
agbang	3
agaumbi	3
afɛ̃rhĩ	3
afɛyi	3
afɛruka	3
afũrhã	3
afɔna	3
afɔn	3
afɔmukumbɔ	3
afɔmuka	3
afufɔrh	3
afita	3
afeta	3
adɛyiwambɔ	3
adɛyikumbi	3
adũwũ	3
adãrhũnga	3
adzurh	3
adzuka	3
adzudzi	3
adzowukumbi	3
adzine	3
adzeke	3
adzakukumbɔ	3
adudɔsa	3
adakukumbi	3
acia	3
acayi	3
acang	3
abĩnga	3
abĩmbi	3
abɛkmbɔ	3
abvun	3
abubɛk	3
aboyi	3
abom	3
abokngo	3
abokmɛn	3
abinmum	3
abimmunga	3
abikasong	3
abikafa	3
abii	3
abeu	3
abangumbi	3
abang	3
What	3
Uzãrhã	3
Uzeburhun	3
Uyɛrha	3
Uyo	3
Uyirh	3
Uyango	3
Uwosha	3
Utɔɔva	3
Uturofimu	3
Utsũwe	3
Utsɛrha	3
Utsur	3
Utsuke	3
Utsom	3
Uteiyamum	3
Usɔma	3
Usɔkkɔ	3
Usati	3
Usarhim	3
Urut	3
Urhɛngo	3
Urhusa	3
Urhisiya	3
Urhidiya	3
Urharaba	3
Urahab	3
Upfudzeka	3
Uperga	3
Uonesiforu	3
Uny	3
Unummbi	3
Uning	3
Unineba	3
Ungwɛ̃rhũ	3
Ungwɛ̃dzɛn	3
Unamu	3
Unaftarhi	3
Umɛnbɛ	3
Umesuwe	3
Umatiya	3
Ukpɛwa	3
Ukpɔ	3
Ukom	3
Ukiristonga	3
Ukayinu	3
Ukang	3
Ujustu	3
Uimawu	3
Uhosiya	3
Uhajaratu	3
Ugorhgota	3
Ugomna	3
Ugarhiyo	3
Ugarh	3
Ugarasa	3
Ugamarhiyerh	3
Ufɛrhi	3
Ufirijiya	3
Ueze	3
Udɛ̃ɛ̃	3
Udiyitarifi	3
Udima	3
Udikaforhi	3
Ubuntu	3
Ubit	3
Ubirgamum	3
Ubetafaji	3
Ubarha	3
Uayuba	3
Uamɔ	3
Uabafara	3
UYƐRHA	3
UMUM	3
Topical	3
Those	3
Society	3
Priest	3
Philip	3
On	3
Lord	3
JN	3
Izungu	3
Iyɛrhanga	3
Iwurimi	3
Iweru	3
Itsuifɛr	3
Inggayɛ	3
Index	3
Inangngge	3
Imimashi	3
Imesi	3
Ikpemmɛn	3
Ikpemmbɔ	3
Ikpema	3
Ihwihwɛng	3
Igɔng	3
Igũibɛn	3
Igigau	3
Igbiirato	3
Ifosa	3
Ififɔn	3
Ififita	3
Ififai	3
Ifa	3
Idzɛɛr	3
Idzin	3
Idzidzowe	3
Idikũnga	3
Foreign	3
Faith	3
DN	3
Children	3
British	3
Azĩnga	3
Aya	3
Awɛkatsa	3
Awɛ	3
Awee	3
Atĩ	3
Atsũwã	3
Atsɛrh	3
Atsɛnge	3
Atsũ	3
Atsimme	3
Atoku	3
Atokamɛn	3
Atoka	3
Asɛng	3
Asungo	3
Aso	3
Ashimbɔ	3
Ashia	3
Arranged	3
Arhɛrhɛ	3
Arhɛrha	3
Arherhi	3
Arherhakɛ	3
Apfupfu	3
Anyãmbɔ	3
Anyanga	3
Amɛnmbi	3
Akãrhghwɛ̃	3
Akpoi	3
Akpanga	3
Akorhu	3
Akorhe	3
Akirakɛ	3
Akika	3
Akasong	3
Akaifɛrhkɔ	3
Akagɔng	3
Aghow	3
Aghong	3
Agha	3
Agau	3
Adzukuwe	3
AWU	3
ĩndzowe	2
ĩkwɛtũ	2
ĩgɔrmum	2
ĩgbɛtũ	2
ĩgbamɛn	2
ĩgba	2
ĩdɔsumɛn	2
ĩdãrhũmum	2
ĩdzɛu	2
ĩdzumi	2
ĩdzui	2
ĩdzaango	2
ĩbimma	2
ĩbangumum	2
ízɛ̃rhĩ	2
íyɛrhe	2
ípfuyɛ	2
íkpum	2
íkar	2
ígbong	2
ídzɛu	2
ídzor	2
ídzeu	2
Ímimuna	2
Íjui	2
Ídɔi	2
Ídzɛɛr	2
Ídzor	2
zurhu	2
wukufa	2
worship	2
wives	2
when	2
water	2
uzɛ̃rhũngo	2
uzɛ̃rhãmɛn	2
uzumurudu	2
uzirhzĩnga	2
uzhããĩ	2
uzhikanga	2
uzharha	2
uyɛsɔ	2
uyɛrhambɔ	2
uyɛrhambi	2
uyɔm	2
uyo	2
uyituwe	2
uyisu	2
uyisakpi	2
uyii	2
uyarmgbɔ	2
uwɛrhamɛn	2
uwɛrha	2
uwuwayi	2
uwuha	2
uwoyi	2
uwoshambɔ	2
uwemgbɔ	2
uvɛrhnga	2
uvɔm	2
uvina	2
uvermɛn	2
uvermbɔ	2
uvep	2
uvaungo	2
uvaumum	2
utɔɔɔ	2
utɔngkpɔ	2
utɛm	2
utsũwũkɔ	2
utsĩm	2
utsorhukpɔ	2
utsorhu	2
utsawɔɔ	2
utsakuwurɛ	2
utoong	2
utirhungo	2
uterhakpi	2
utepumbɔ	2
utepu	2
uteiyango	2
utawurh	2
utarhkpi	2
utarha	2
utang	2
usɔɔ	2
usĩrhũ	2
usɔmukɔ	2
usɔma	2
usua	2
usong	2
ushushai	2
ushupu	2
usengo	2
usemɛn	2
urhɛwi	2
urhɛrhi	2
urhɛrha	2
urhɛmkpi	2
urhɛma	2
urhɔknga	2
urhɔk	2
urhurhu	2
urhise	2
urherhu	2
urhem	2
urhawi	2
urhawe	2
urhama	2
upɛ̃rhɛ̃ng	2
upfunu	2
up	2
unyɛ̃ɛ̃mbɔ	2
unyĩrhã	2
unyãkpɔ	2
unyingambɔ	2
unyangi	2
unukutata	2
unui	2
untsua	2
ungwɛ̃rhã	2
ungwɛ̃mgbɔ	2
ungwɛ̃kpɔ	2
ungwãnu	2
unggawɔ	2
unggang	2
ungbũngkũ	2
unekukɔ	2
undzona	2
undzingmgbɔ	2
undanna	2
undankpu	2
unardi	2
unapungo	2
unapu	2
unappa	2
unanyi	2
unangngo	2
unaka	2
umɛ̃ɛ̃kpɔ	2
umɛ̃	2
umumesuwe	2
umumasha	2
umesungo	2
umatu	2
umarhemnga	2
umarhemmbi	2
ukɔngnge	2
ukwɛɛrkɔ	2
ukwɛrɔ	2
ukutsɛrhwi	2
ukuse	2
ukukorhe	2
ukucii	2
ukpɛwawi	2
ukpukpusha	2
ukpuisha	2
ukpokpɔ	2
ukpeɔ	2
ukperek	2
ukpekpɔ	2
ukpekpeeka	2
ukpai	2
ukorhi	2
ukokanga	2
ukirhomita	2
ukhukhɔɔmbɔ	2
ukhapungo	2
ukerhuwango	2
ukayi	2
ukarh	2
ukapinta	2
ukanorhiya	2
ukammum	2
ukammbɔ	2
ukammbi	2
uizob	2
uhwɛngngo	2
uhwaɔ	2
ugɔngmbɔ	2
ugɔmanggɔm	2
ugwirhuwe	2
ugwir	2
ughɛ̃ɛ̃	2
ughɛrha	2
ughorghotakpɔ	2
ughoghor	2
ugbɛtunga	2
ugbɛtambɔ	2
ugburhuk	2
ugbugbewa	2
ugbim	2
ugbiir	2
ugbaɔ	2
ugban	2
ugbaka	2
ugbaashia	2
ugashuwa	2
ugasha	2
ugarmbi	2
ugarhmbi	2
ugarhkpi	2
ugarhe	2
ufɛyi	2
ufɛu	2
ufɛna	2
ufɔme	2
ufuyiwe	2
ufuma	2
uferango	2
uferamum	2
ufainga	2
ufaikpi	2
udĩã	2
udĩmbɔ	2
udzumu	2
udzum	2
udzisa	2
udzipuwe	2
udzine	2
udzik	2
udziirte	2
udzeyi	2
udzepurhenga	2
udzepurhea	2
udzekɛ	2
udzekpɔ	2
udzeki	2
ududɔɔr	2
udidɛ̃ɛ̃	2
udapa	2
udana	2
udak	2
ucɛrɛ	2
uciupɔ	2
uciu	2
ucipa	2
ucang	2
ubɔtisimamɛn	2
ubvurwi	2
ubvurmum	2
ubvurkɔ	2
ubow	2
ubinngo	2
ubinmum	2
ubanki	2
ubango	2
ubanga	2
ubakpɔ	2
ubainu	2
uarhkama	2
uYetro	2
uSaminu	2
uRa	2
uMerari	2
uKan	2
uIbr	2
uHiridus	2
u	2
tree	2
tomb	2
taught	2
su	2
seven	2
sentenced	2
seen	2
sacrifice	2
sabaktani	2
rɔ	2
roof	2
revised	2
respect	2
ready	2
rangge	2
rakɛ	2
rakpɔ	2
punishment	2
pray	2
possessions	2
permission	2
other	2
or	2
one	2
oka	2
nyinga	2
nibikake	2
nibika	2
nggura	2
nggawi	2
nggabɛ	2
new	2
nergwar	2
need	2
ndana	2
must	2
mkpeka	2
miracles	2
man	2
makes	2
loves	2
kufa	2
kpuku	2
ko	2
kishookambi	2
izɛ̃rhũmbɔ	2
izɛ̃rhĩ	2
izũrhã	2
izɛrhe	2
izĩnɛ	2
izũngayɛ	2
izizang	2
izita	2
izharhukũmbɔ	2
izharhuka	2
izharhe	2
izenga	2
iyɛia	2
iyurhi	2
iyormɛn	2
iyorke	2
iyiyɛimbɔ	2
iyitumbi	2
iyitu	2
iyisumum	2
iyikungge	2
iyikambɔ	2
iyii	2
iyata	2
iyare	2
iyanguwe	2
iyambi	2
iwɛ̃nci	2
iwɛrhɛmbɔ	2
iwɛrhɛmbi	2
iwɛrha	2
iwɔkke	2
iwɛdzɛm	2
iwoi	2
iwiwenga	2
iwiwembɔ	2
iwiwembi	2
iwiwayiwe	2
iwhamɛn	2
iwhambɔ	2
iwerakpɔ	2
iwemgbɔ	2
ivɔ̃ɔ̃ngge	2
ivɔ̃ɔ̃	2
ivɔ̃ngge	2
ivivirayɛ	2
iviviranga	2
iviru	2
ivarhuwe	2
ivarhukumbɔ	2
ivarhi	2
ivangmum	2
itɔ̃ngge	2
itĩtser	2
itɔngmɛn	2
itɛnga	2
itɛna	2
itĩmum	2
itsɛyimɛn	2
itsɛyimum	2
itsĩmum	2
itsĩmkumbɔ	2
itsĩkpɔ	2
itsusa	2
itsuruwambɔ	2
itsurukumbɔ	2
itsungge	2
itsukambɔ	2
itsorha	2
itsoo	2
itsokngge	2
itsokmbɔ	2
itsitsũwũkumbɔ	2
itsitsimmbɔ	2
itsitsime	2
itsire	2
itsimmɛn	2
itsime	2
itsikammbi	2
itserwi	2
itseng	2
itsen	2
itsema	2
itsar	2
itosi	2
itomungo	2
itomu	2
ititɛ̃wãnga	2
ititɛ̃wãmbɔ	2
ititɔ̃	2
itirhungge	2
itikisong	2
itepa	2
iteng	2
itatake	2
itarukũ	2
itarmbɔ	2
itangmɛn	2
itanga	2
isɔɔnga	2
isoya	2
isorhunga	2
isorhi	2
isokũ	2
isita	2
isiseng	2
ishɔɔta	2
ishɔɔrmɛn	2
ishĩrhã	2
ishɔng	2
ishɔmu	2
ishɔiwamum	2
ishipa	2
ishi	2
iseisũ	2
iseingo	2
isarsatangge	2
isarhayɛ	2
irhɛrh	2
irhɛmbi	2
irhãrhãmum	2
irhusumum	2
irhu	2
irhong	2
irhiwuwe	2
irhirhikamɛn	2
irhirhi	2
irhirhangmbɔ	2
irhim	2
irhikunga	2
irheyirhɔ	2
irherhuwamum	2
irherhungge	2
irhenumbɔ	2
irhem	2
irhek	2
irhangke	2
ipoa	2
ipo	2
ipipare	2
ipfuyɛ	2
ipfumɛn	2
ipfudzeka	2
ipayi	2
inɛta	2
inyĩnyãmum	2
inyãke	2
inyinyãngo	2
inyinyã	2
inyinyapuwe	2
inyangungge	2
inyangi	2
inyaa	2
inungge	2
inuk	2
inui	2
ingɔpa	2
ingwɛ̃nci	2
inggbaashe	2
inggarhukũ	2
ingbiki	2
ingbika	2
inekanga	2
indzeku	2
indzek	2
indzaamum	2
inbemuwa	2
inbemumum	2
inbamum	2
inangu	2
inangnga	2
inaikungge	2
imunumbɔ	2
imorke	2
imesuwangge	2
imesukumbɔ	2
imesambɔ	2
imesambi	2
imashi	2
imarmɛn	2
imanungo	2
imangmum	2
imangmbɔ	2
imanga	2
ikɔ̃ngge	2
ikɛna	2
ikũmbɔ	2
ikɔknga	2
ikɔka	2
ikɛ	2
ikãwã	2
ikwɛɛte	2
ikwɛɛrkumbi	2
ikwɛra	2
ikpĩĩkpɔ	2
ikpɛ̃ke	2
ikpɔmmum	2
ikpũke	2
ikpurhu	2
ikpor	2
ikpoishũ	2
ikpikpombi	2
ikpikpoiyɛ	2
ikpikpoimum	2
ikpere	2
ikpemyɛ	2
ikpemmɛn	2
ikpemmbi	2
ikoyi	2
ikorhuwambɔ	2
ikonngo	2
ikonnga	2
ikone	2
ikoingge	2
ikiyikango	2
ikivarhangge	2
ikitatambɔ	2
ikitatake	2
ikisong	2
ikirikɛ	2
ikinanangge	2
ikikɔngmɛn	2
ikikɛn	2
ikikorhunga	2
ikikorhu	2
ikikorhamum	2
ikikerhuwe	2
ikeryɛ	2
ikerhumum	2
ikerhuka	2
ikarhe	2
ika	2
ijui	2
ijeeyɛ	2
ihwihwaa	2
ihwashi	2
igɔ̃rhuwe	2
igɔɔ	2
igũã	2
igɔrkpɔ	2
igɔngngge	2
igɔmmbi	2
igũibɛnyɛ	2
igwira	2
igwigwir	2
igigũmbi	2
igigũa	2
ighwighwɛr	2
ighwighwii	2
ighwi	2
ighongnga	2
ighongkpɔ	2
ighongamɛnmbi	2
ighambi	2
igbɛrkpee	2
igbɛrke	2
igbopuwe	2
igbiu	2
igbiira	2
igbigbɛr	2
igbigbang	2
igbermbi	2
igbana	2
igbamɛn	2
igbamum	2
igbake	2
igaupa	2
igarhu	2
igarhe	2
igangge	2
iga	2
ifɔ̃rhũngge	2
ifɛrmbɔ	2
ifĩrhũnga	2
ifĩrhũmɛn	2
ifĩrhũmbɔ	2
ifɛrhkɔngo	2
ifɔnangge	2
ifosambɔ	2
ifita	2
ififɔ̃rhuwe	2
ififĩrhãmɛn	2
ififĩrhãmum	2
ififɔnmbi	2
ififũnga	2
ififitambi	2
ifarunga	2
ifaru	2
ifara	2
idɛ̃ɛ̃mbi	2
idɔ̃rhũnga	2
idɔɔr	2
idĩã	2
idũyɛ	2
idɛyikũ	2
idɛyikumbɔ	2
idũwũwa	2
idɔsungo	2
idɔsungge	2
idũmɛn	2
idãrhũmum	2
idãrhũkpɔ	2
idãrhã	2
idãrhunga	2
idzurmbi	2
idzowukungge	2
idzise	2
idzipuka	2
idzipi	2
idzine	2
idziirte	2
idzidzɛrhekɛ	2
idzidzɛrhanga	2
idzidzunuwe	2
idzidzaanga	2
idzeke	2
idzekake	2
idzake	2
idza	2
idoimum	2
idoike	2
idiku	2
idika	2
ididɔ̃rhãmum	2
ididɔ̃rhã	2
ididɛɛ	2
ididakuwe	2
iderngo	2
iderkpɔ	2
iderdetangge	2
idera	2
idenukũ	2
ideek	2
idarha	2
icia	2
ibɔ̃ɔ̃	2
ibɔtũci	2
ibɔrukungge	2
ibɔruka	2
ibɛrh	2
ibɔrh	2
ibɛkmbi	2
ibĩ	2
ibvũikumbɔ	2
ibvura	2
ibuur	2
ibur	2
ibimmumɛn	2
ibibɛkngo	2
ibibupuwe	2
ibibimmango	2
ibiberuwe	2
ibibemuwemum	2
ibibemambɔ	2
ibibeea	2
ibibango	2
ibewambi	2
iberukũ	2
ibemuke	2
ibemuka	2
ibeengge	2
ibangungge	2
ibambɔ	2
ibake	2
human	2
healed	2
grinding	2
gbagba	2
fornication	2
forgives	2
earth	2
dzur	2
did	2
den	2
dakmbɔ	2
curtain	2
crucified	2
cover	2
coming	2
come	2
buried	2
born	2
blood	2
believe	2
basket	2
baptized	2
bai	2
back	2
azɛ̃ɛ̃	2
azɛ̃rhũnga	2
azɔka	2
azung	2
azirhzĩ	2
azhɔmu	2
azharhukumbɔ	2
azharhuka	2
azezerawɔ	2
azezee	2
azera	2
azeke	2
azek	2
ayɛɛia	2
ayɛrhu	2
ayɛrhambɔ	2
ayɛrha	2
ayɔmbɔ	2
ayorkɛ	2
ayituwe	2
ayirukumbɔ	2
ayiru	2
ayiri	2
ayetnumngo	2
ayetnummum	2
ayerhu	2
ayapunga	2
ayana	2
ayame	2
awɔkɛ	2
awuwɔk	2
awuwembɔ	2
awuwea	2
awummu	2
awua	2
awishu	2
awia	2
awerake	2
avɔmmum	2
avum	2
avui	2
avina	2
avii	2
avarhunga	2
avarhumbi	2
avaki	2
atɛ̃wũ	2
atɔ̃mbi	2
atɛtɛi	2
atɔngmbi	2
atɛng	2
atɛi	2
atsũwuka	2
atsɛrh	2
atsĩndĩnga	2
atsĩndĩmbi	2
atsĩndĩa	2
atsũmbi	2
atsɔku	2
atsutsok	2
atsuruwa	2
atsukukumbɔ	2
atsukukumbi	2
atsotsorake	2
atsorhe	2
atsokmbi	2
atsirke	2
atsima	2
atseu	2
atsennga	2
atsarkɛ	2
atsam	2
atorhkɛ	2
atorhambi	2
atomum	2
atokamum	2
atirhumbɔ	2
ati	2
ateumɛn	2
atesumbi	2
atengasha	2
atarhkɛ	2
atangarhu	2
atam	2
ataimbi	2
asũrhã	2
asusituwe	2
asusar	2
asoyikumbɔ	2
asorha	2
asokmbɔ	2
asitumbɔ	2
ashɔɔtambɔ	2
ashɔɔi	2
ashĩrhũwe	2
ashuurmbɔ	2
ashiya	2
ashipu	2
ashai	2
asha	2
aserhuwa	2
aseiyi	2
aseimbi	2
asarkasarnga	2
as	2
arrested	2
arose	2
arhɛrhitsi	2
arhɛrhe	2
arhɛmnga	2
arhɛmmum	2
arhɛ	2
arhusumbi	2
arhimmum	2
arherhuke	2
arherhewe	2
arherhenga	2
arhenumbɔ	2
arhanga	2
arhambɔ	2
arhaa	2
apupuwe	2
apfunuwe	2
apara	2
anɛta	2
anɔrnɔr	2
anũnũ	2
anɛmuwe	2
anũi	2
anyapa	2
anna	2
angwɛ̃ɛ̃	2
angwɛ̃rhãpfu	2
angwĩke	2
anggɔmmɛn	2
anggãi	2
anggamtsakmbɔ	2
angbɔk	2
angbokake	2
angboka	2
angban	2
anekukumbi	2
andɔki	2
andzingnga	2
andaidakmbɔ	2
andaidakmbi	2
anayiwe	2
anapumbi	2
anapu	2
anankɛ	2
anango	2
anambɔ	2
anadzɛm	2
anaawe	2
amɛ̃ɛ̃ke	2
amɛ̃mum	2
amɛnyɛ	2
amutuwa	2
amesukumbi	2
ambow	2
amashu	2
amashi	2
amasarha	2
amaata	2
amaambi	2
akɔ̃ɔ̃	2
akɛyi	2
akɛka	2
akɔ	2
akãrhghwɛ̃	2
akwɛra	2
akpɛ̃umbi	2
akpĩrhĩ	2
akpĩrhã	2
akpɔ	2
akpowa	2
akposhu	2
akpirɛ	2
akpirh	2
akpere	2
akoyi	2
akowuka	2
akorhuka	2
akirhograma	2
akimɛn	2
akhukhɔɔmbɔ	2
akhor	2
akhapunga	2
akermbɔ	2
akerhuke	2
akatsa	2
akata	2
akare	2
akagbe	2
ajang	2
ahwirhgɔm	2
ahwerh	2
ahwawe	2
ahwarha	2
ahwaa	2
ahong	2
agɔ̃rhũ	2
agɔ̃rhã	2
agɔrmbɔ	2
agɔgɔngake	2
agãrhãngo	2
agãrhãmbi	2
agwirhuwe	2
agwira	2
agoyi	2
agoshuka	2
agosha	2
aghɛnga	2
aghwitu	2
aghoghotake	2
aghawe	2
aghake	2
agbɛyambɔ	2
agbɛu	2
agbɛruka	2
agbɛre	2
agbugba	2
agbopumbɔ	2
agbiira	2
agbeyambi	2
agbeyakɛ	2
agberhekɛ	2
agbenke	2
agbanguka	2
agbangu	2
agaumbɔ	2
agashu	2
agashi	2
agam	2
agaar	2
aga	2
afĩrhũmbi	2
afɔrha	2
afɔm	2
afɛkngge	2
afãnga	2
afarmbɔ	2
afare	2
afaimbɔ	2
adɛ̃ɛ̃nga	2
adɔɔte	2
adɛyiwambi	2
adɛyika	2
adɔra	2
adɔnge	2
adzɛ̃rhã	2
adzɛnngo	2
adzurmbɔ	2
adzura	2
adzununga	2
adzuna	2
adzowuke	2
adziirte	2
adzepurhe	2
adzakkɛ	2
adzaambi	2
adeyi	2
adesa	2
aderke	2
adekuwa	2
adekuka	2
adeka	2
adarhu	2
adana	2
acuciiakɛ	2
acuciia	2
acucang	2
acorhuwa	2
acayimbi	2
acata	2
abɔrke	2
abĩa	2
abvũĩka	2
abvũ	2
abvuta	2
abvurnga	2
abvurmum	2
abvurkumbɔ	2
abupuwe	2
abubɔr	2
abowpa	2
about	2
abokngge	2
abipunga	2
abinghakɛ	2
abimmumbɔ	2
aberunga	2
abemuwanga	2
abeembɔ	2
abangunga	2
abadakngo	2
Widows	2
Uzirhzĩ	2
Uzir	2
Uzeze	2
Uzefaniya	2
Uzarhoti	2
Uzadak	2
Uyɛrhambi	2
Uyuyika	2
Uyutiku	2
Uyuferiti	2
Uyowɛrh	2
Uyowana	2
Uyotam	2
Uyosiya	2
Uyoram	2
Uyonam	2
Uyita	2
Uyekoniya	2
Uyehoshafat	2
Uyared	2
Uyanna	2
Uyahudamɛn	2
Uva	2
Uumɛn	2
Utɛ̃rhĩmi	2
Utɛmbɔ	2
Ututaa	2
Utim	2
Uteukpi	2
Utera	2
Uteijeembɔ	2
Uteijeembi	2
Utatorho	2
Utas	2
Utarturhu	2
Utaddiyu	2
Usɛt	2
Usorhe	2
Usok	2
Usimirina	2
Ushimeya	2
Usherha	2
Ushem	2
Ushekem	2
Userug	2
Usafiratu	2
Urifkatu	2
Urhushiyu	2
Urhufɔ	2
Urhikoniya	2
Urhehobowam	2
Urhamek	2
Ureyu	2
Uresa	2
Upubirhiyu	2
Upfung	2
Unyapuwe	2
Unyanga	2
Unumwi	2
Unumkpi	2
Unukutata	2
Uniri	2
Unikorhata	2
Unikaforhi	2
Ungwɛ̃yi	2
Ungwɛ̃dzɛm	2
Unggba	2
Unggawɔ	2
Uneka	2
Unehemiya	2
Undzuma	2
Undan	2
Unatan	2
Unapungo	2
Unangngo	2
Unajaya	2
Unahor	2
Umisiya	2
Umetuserha	2
Umesofotamiya	2
Umerheya	2
Umena	2
Umega	2
Umattata	2
Umatana	2
Umarhta	2
Umarhemmbi	2
Umarhakai	2
Umanasse	2
Umaharharherh	2
Umaata	2
Ukutsak	2
Ukpɔm	2
Ukpuisha	2
Ukpui	2
Ukpirh	2
Ukosama	2
Ukorhu	2
Ukorasin	2
Ukiribu	2
Ukhukhɔɔ	2
Ukatarhu	2
Ukasariya	2
Ukarita	2
Ukarhaudiyu	2
Ukarhaudiya	2
Ukankiriya	2
Ukafadokiya	2
Ujurhiyo	2
Ujowanan	2
Ujosek	2
Ujorima	2
Ujoda	2
Ujibrairhu	2
Ujeni	2
Ujambra	2
Uhwɛng	2
Uhimeniyu	2
Uhezekiya	2
Uherme	2
Uherhi	2
Uherha	2
Uhawa	2
Uhasrhi	2
Uharan	2
Uhanatu	2
Uhaggai	2
Uhabaku	2
Uha	2
Ugɔnga	2
Ugɔm	2
Ugãrhũ	2
Ughwe	2
Ugbɛra	2
Ugbiuwi	2
Ugbaashia	2
Ugau	2
Ugar	2
Uga	2
Ufɔm	2
Ufutiyorhi	2
Ufontu	2
Ufituwe	2
Ufirhadefiya	2
Ufin	2
Uferheg	2
Ufai	2
Uezra	2
Uezekiyɛrh	2
Uesta	2
Uerhmadama	2
Uer	2
Uenosh	2
Ueber	2
Udĩ	2
Udã	2
Udzɛu	2
Udzeka	2
Udze	2
Udzak	2
Udzaa	2
Udooka	2
Udika	2
Udaniyɛrh	2
Ucorhuwa	2
Ubãrhã	2
Ubã	2
Ubitiniya	2
Ubimma	2
Ubeu	2
Ubetasda	2
Ubee	2
Ubatmo	2
Ubarsabba	2
Ubafo	2
Ubadiya	2
Uazor	2
Uazariya	2
Uatarhiya	2
Uassu	2
Uasher	2
Uasa	2
Uarkibu	2
Uarhiyud	2
Uarhima	2
Uarhfa	2
Uarfakshad	2
Uarastu	2
Uaramayak	2
Uaporho	2
Uamos	2
Uaman	2
Uakim	2
Uahaz	2
Uagabu	2
Uaddi	2
Uabijah	2
Uabihudu	2
UYƐRHE	2
UYESU	2
UWƐRƐ	2
UHaruna	2
Topics	2
TI	2
TH	2
Supper	2
State	2
Silas	2
Sheep	2
Sample	2
SA	2
Rimɔ̃ɔ̃	2
Riminɛ	2
Rabbi	2
Parents	2
PE	2
Numnga	2
Numkɛ	2
Nggawɔ	2
Nggawi	2
NU	2
Money	2
Man	2
Kishookambɔ	2
KI	2
Jerusalem	2
JHN	2
Izunga	2
Izemum	2
Izea	2
Iyɔrɔ	2
Iyɛrhango	2
Iyoryɛ	2
Iyiriyɛ	2
Iwura	2
Iwemum	2
Ivarha	2
Itsũwe	2
Itsokngo	2
Itsoknga	2
Itsoi	2
Itsia	2
Itseryɛ	2
Itirhi	2
Isuwa	2
Isorhu	2
Isok	2
Isheri	2
Ishaanum	2
Isei	2
Irhɛmyɛ	2
Irhak	2
Ipfuna	2
Instructions	2
Inang	2
Imɛk	2
Imesuwa	2
Imesu	2
Imangmangmbi	2
Imang	2
Ikpũrhã	2
Ikpui	2
Ikponum	2
Ikpemmum	2
Ikpemmbi	2
Ikikerhe	2
Ihwɛng	2
Igwar	2
Ighong	2
Igha	2
Igbong	2
Igartɔng	2
Ifɛrhkɔ	2
Idɛɛ	2
Idzipu	2
Idzidzek	2
Idikunga	2
Idiki	2
Icang	2
Ibiborh	2
Ibibemu	2
Ibibemayɛ	2
Ibema	2
Ibee	2
Husbands	2
Hell	2
Heee	2
Haruna	2
Government	2
Fir	2
Father	2
Eternal	2
Don	2
Church	2
Christian	2
CO	2
CH	2
B	2
Azĩã	2
Azoo	2
Ayɛ	2
Ayormɛn	2
Awembɔ	2
Aweke	2
Avarha	2
Atɔɔ	2
Atsĩ	2
Atsurha	2
Atsi	2
Atirhi	2
Atang	2
Asumbɔ	2
Asorhuwa	2
Asei	2
Asbaniya	2
Arhɛm	2
Arhurhika	2
Arherhuwe	2
Arherhango	2
Arhede	2
Anyã	2
Angwɛ̃we	2
Andɔkanga	2
Anasi	2
Anakka	2
Amɛɛ	2
Amram	2
Amesuwa	2
Amarhem	2
Amaa	2
All	2
Akɔti	2
Akũna	2
Akan	2
Ahwɛngmbɔ	2
Agũ	2
Agugge	2
Aghwerh	2
Agbiite	2
Adzirhnga	2
Adzipa	2
Adzin	2
Adzaa	2
Adogerhi	2
Adena	2
Adak	2
Aciu	2
Abɔr	2
Abow	2
ĩĩ	1
ĩzdowe	1
ĩrhisũ	1
ĩneke	1
ĩmɛni	1
ĩkɛn	1
ĩhwa	1
ĩgɔrmɛn	1
Ĩgɔr	1
Ĩgɛ	1
ĩgbopa	1
ĩgbishuwa	1
ĩgbiite	1
ũgbaiwha	1
Ũgba	1
ĩdɔ̃rhã	1
ĩdɛyiwamɛn	1
ĩdzipu	1
ĩdzeku	1
ĩdzake	1
ĩdzaamɛn	1
ĩdeyiwa	1
ĩdetta	1
ĩdeta	1
ĩdermum	1
ĩdena	1
ĩden	1
ĩdekuwe	1
ĩdarh	1
ĩdakũ	1
ĩdakuwe	1
ĩbɔrukũ	1
ĩbɛkmum	1
ĩbvuta	1
ĩbamɛn	1
ízũnganga	1
íyarke	1
íwiwengge	1
íwea	1
ívirungo	1
ítɔngkpɔ	1
ítsũwũka	1
ítsĩmbi	1
ítsĩ	1
ítsuka	1
ítseryɛ	1
ísoyinga	1
írhĩwũka	1
írhɛmmbɔ	1
írhɛm	1
írhɛirhɛ	1
írhãrhãyɛ	1
írhirhangmɛn	1
írhirhang	1
írhimkpɔ	1
írhangmgbɔ	1
ípfumɛn	1
ínyãwãyɛ	1
ínyã	1
ínum	1
íngwĩngge	1
ínangkpɔ	1
ímɛka	1
ímesayɛ	1
ímarhu	1
íkũ	1
íkpũrhã	1
íkpombi	1
íkpengge	1
íkpemmum	1
íkpemkpɔ	1
íjúɛ́	1
íjuɛnga	1
íjee	1
íhwɛngmbɔ	1
íhwɛnga	1
ígũmbɔ	1
ígwer	1
ígwar	1
íghwɛrmgbɔ	1
íghwɛr	1
ígbɛranga	1
ígbonga	1
ígbermbɔ	1
ígbamgbɔ	1
ífɛrmbi	1
ífɛrha	1
ídɔiyɛ	1
ídɔimbɔ	1
ídzur	1
ídzum	1
ídzipungo	1
ídzengge	1
ídzekɔ	1
ídzekpɔ	1
ídorh	1
ídakuke	1
íbvũã	1
íbvuk	1
ãmaata	1
Ítser	1
Ísarhe	1
Írhɛm	1
Ínyãwã	1
Ínak	1
Íkpema	1
Íjuɛyɛ	1
Íjuɛ	1
Ídɛɛ	1
Ídɔimum	1
Ídzum	1
Ídorh	1
Ãmaata	1
zĩ	1
yɛ	1
yiyika	1
yar	1
xtJohn	1
written	1
writing	1
wraped	1
women	1
woman	1
winepress	1
wine	1
wife	1
which	1
what	1
went	1
weight	1
weapons	1
watchtower	1
watching	1
walk	1
vɔm	1
vision	1
vine	1
vessels	1
ver	1
vehicle	1
uzɛ̃rhuzɛ̃rhã	1
uzɛ̃rhumgbɔ	1
uzĩrhzĩ	1
uzĩmgbɔ	1
uzĩmbɔ	1
uzĩmbi	1
uzɔma	1
uzĩkpɔ	1
uzãrhãnga	1
uzuzew	1
uzusuwe	1
uzusa	1
uzung	1
uzĩ	1
uziu	1
uzirɔ	1
uzinarhimbɔ	1
uzhuzhoma	1
uzharuwe	1
uzharhe	1
uzango	1
uzakka	1
uzaka	1
uyɛrhewi	1
uyɛisa	1
uyɛikpɔ	1
uyurhi	1
uyom	1
uyitta	1
uyisungo	1
uyisumbɔ	1
uyisi	1
uyirhɔ	1
uyirhnga	1
uyirhkpi	1
uyirhe	1
uyim	1
uyasagɛ	1
uyar	1
uyapa	1
uyanguwe	1
uyambɔ	1
uwɛrhitser	1
uwɛkucia	1
uwɔkkɔ	1
uwɔkkpɔ	1
uwuweɔ	1
uwuwemgbɔ	1
uwupa	1
uwungo	1
uwukufa	1
uwoshamum	1
uwoianga	1
uwerɛmgbɔ	1
uwerakpɔ	1
uwee	1
uwayikɔ	1
uvɔ̃	1
uvɛrhkpi	1
uvɔmwi	1
uvuviri	1
uvurukɔ	1
uvum	1
uvui	1
uvorhvoyɛ	1
uvirungo	1
uvira	1
uvernga	1
uverh	1
uveb	1
uvaumɛn	1
uvaumbɔ	1
uvarhuwe	1
uvarhuwa	1
uvarhi	1
uu	1
utɛ̃wã	1
utɔ̃wã	1
utɔ̃i	1
utĩɔ	1
utɛnukɔ	1
utɛnkpɔ	1
utɔnkpɔ	1
utɔngviwi	1
utɔngvi	1
utɔkkpɔ	1
utɛi	1
utãingo	1
utubin	1
utsũɔ̃	1
utsɛɛu	1
utsɛ̃rhãpfuwi	1
utsɛ̃mum	1
utsɛ̃mbɔ	1
utsɛyingo	1
utsĩwã	1
utsɛrungo	1
utsĩrhĩ	1
utsĩrhã	1
utsɛrhwi	1
utsɛrhe	1
utsɛnngwɛ̃nga	1
utsɛnngwɛ̃	1
utsɛngo	1
utsɛn	1
utsĩmwi	1
utsĩmme	1
utsĩmkpɔ	1
utsutɔk	1
utsutsĩ	1
utsutsuri	1
utsutson	1
utsutseu	1
utsurirɛ	1
utsurhu	1
utsurhi	1
utsurhawi	1
utsurhanga	1
utsum	1
utsuka	1
utsorhi	1
utsoma	1
utsokpɔ	1
utso	1
utsirmgbɔ	1
utsire	1
utsir	1
utserkpi	1
utsakwi	1
utsakmbɔ	1
utsakmbi	1
utsai	1
utsaha	1
utomuwa	1
utomukpɔ	1
utomu	1
utomadak	1
utoku	1
utoka	1
utofa	1
utoa	1
utirha	1
utindĩ	1
uteunga	1
utesmbɔ	1
utersha	1
utepungo	1
utepmɛn	1
utenti	1
uteiyambi	1
uteitasamgbɔ	1
utauu	1
utau	1
utararhu	1
utango	1
utamngo	1
utaknga	1
utaingo	1
usɛ̃rhu	1
usɔɔngge	1
usĩã	1
usɔmme	1
usɔme	1
usɔmango	1
usɔka	1
ususok	1
ususar	1
usorhuwe	1
usorhuwa	1
usorhu	1
usitumgbɔ	1
usirhiki	1
usinga	1
ushɔɔrte	1
ushɔ̃rhã	1
ushɔɔr	1
ushɔng	1
ushɔma	1
ushushur	1
ushupa	1
ushia	1
usherhumgbɔ	1
usherhe	1
ushanga	1
userhwa	1
userhuwa	1
usepa	1
usengu	1
useng	1
useisɔ	1
useisei	1
used	1
usatukpɔ	1
usatinga	1
usatia	1
usasar	1
usarkpɔ	1
usarango	1
usaki	1
usakanga	1
usaffaya	1
urhɔ̃ĩngo	1
urhɛɛka	1
urhɛrɛ	1
urhɛrhɛki	1
urhɔmum	1
urhɔkngge	1
urhɔkmɛn	1
urhusungo	1
urhurheng	1
urhong	1
urhisɔ	1
urhirhika	1
urhirhang	1
urhiku	1
urhikita	1
urherhuwe	1
urherhuwa	1
urherhukpɔ	1
urhenu	1
urhenango	1
urhenambɔ	1
urhenakpi	1
urhemkpi	1
urhaumbɔ	1
urhambɔ	1
upur	1
upfupfũwã	1
upfungkpi	1
upfuna	1
upfudzeka	1
upfudzek	1
uparharhi	1
unɛtuwa	1
unɔrmgbɔ	1
unɔrkãn	1
unũnũ	1
unɛmuwe	1
unyɛ̃ɛ̃mbi	1
unyɛ̃ɛ̃ke	1
unyĩĩngo	1
unyɛ̃mɛn	1
unyĩĩ	1
unyĩrhãmbi	1
unyinga	1
unyaɔ	1
unyar	1
unyapuwe	1
unyapa	1
unyanguwa	1
unyaikpɔ	1
unuɔ	1
unummɛn	1
unuisa	1
untsuukpi	1
untana	1
untamamum	1
unna	1
unilu	1
ungũngwã	1
ungɔmɔ	1
ungwɛ̃we	1
ungwɛ̃rhi	1
ungwɛ̃dzɛn	1
ungwãnuwe	1
ungwãni	1
ungwaan	1
unguwukumbɔ	1
unggɔ̃ɔ̃	1
unggurhu	1
unggumango	1
unggbunggbuwa	1
unggbaashimbɔ	1
ungganga	1
unggamtsaknga	1
ungbũngkũwi	1
ungbongbong	1
ungasha	1
unermum	1
unergwar	1
undɔ̃ɔ̃	1
undɛ̃ngũ	1
undɔsu	1
undɔku	1
undɔki	1
undɔkamum	1
undzinga	1
undzi	1
undundang	1
undender	1
undanmum	1
undankpi	1
undaidakngo	1
unayiwe	1
unayikɔ	1
unappumbɔ	1
unangwi	1
unangmɛn	1
unangmum	1
unangmbi	1
unangga	1
unamata	1
unakutsɛrh	1
unakutserh	1
unakuci	1
unadzɛm	1
umɛ̃ɛ̃nga	1
umɛɔ	1
umɔ̃	1
umɔrɔ	1
umɛr	1
umɛnbɛ	1
umustad	1
umunu	1
umumɛr	1
umumwi	1
umumuna	1
umumei	1
umosha	1
umina	1
umgbanmum	1
umesukɔ	1
umeisɔ	1
umbumbinwi	1
umbumbang	1
umbanga	1
umau	1
umatanga	1
umatamum	1
umashuwe	1
umashu	1
umasarha	1
umarhemwi	1
umannakpi	1
umaamgbɔ	1
umaakpɔ	1
ulevi	1
ukɔ̃ɔ̃	1
ukɔ̃kpɔ	1
ukɛrɛ	1
ukɔru	1
ukɔpa	1
ukɛnɔ	1
ukɛnmgbɔ	1
ukɔng	1
ukũmbɔ	1
ukũba	1
ukãã	1
ukwɛɛr	1
ukwɛre	1
ukutatata	1
ukurhi	1
ukupɛ̃rhɛ̃ng	1
ukupɛng	1
ukunu	1
ukuker	1
ukufĩrhã	1
ukudzik	1
ukpĩĩkpɔ	1
ukpɛɛ	1
ukpĩĩ	1
ukpɛwamum	1
ukpɔmɔ	1
ukpɔmmɔ	1
ukpurhukpi	1
ukpumɛn	1
ukpumum	1
ukpukusong	1
ukpukpɛ̃ɛ̃	1
ukpukpɛ̃	1
ukpukpɔma	1
ukpukpetambɔ	1
ukpoɔ	1
ukpoki	1
ukpoimum	1
ukpoimbɔ	1
ukpemɔ̃	1
ukpem	1
ukpea	1
ukpayi	1
ukoyimgbɔ	1
ukoyii	1
ukowe	1
ukow	1
ukotu	1
ukorhuwe	1
ukorhukɔ	1
ukone	1
ukomanga	1
ukokango	1
ukohat	1
ukirisorhat	1
ukirisofura	1
ukhukhɔɔwi	1
ukhukhɔɔmɛn	1
ukhor	1
ukhapukpɔ	1
ukerɔ	1
ukerhuwa	1
ukera	1
uke	1
ukaukpi	1
ukarnerhiyan	1
ukarha	1
ukare	1
ukanyĩ	1
ukanopi	1
ukan	1
ukamngo	1
ukammɛn	1
ukamkpi	1
ukake	1
ujer	1
ujasin	1
uhwuhwɛng	1
uhwuhwa	1
uhwita	1
uhwenga	1
uhweenga	1
uhwashi	1
uhor	1
uhoote	1
ugɛse	1
ugɔpukpɔ	1
ugɔpa	1
ugɔngmɛn	1
ugɔngmbi	1
ugɔke	1
ugũibɛnngo	1
ugɔgɔng	1
ugãrhu	1
ugwiya	1
ugwirmgbɔ	1
ugwirkpɔ	1
ugugam	1
ugoiwe	1
ughɔrhe	1
ughãwãã	1
ughwɛrɔ	1
ughwɛrkpɔ	1
ughwisha	1
ughaɔ	1
ughawe	1
ughangge	1
ughamgbɔ	1
ughadak	1
uggãã	1
uggbaashia	1
ugeii	1
ugbɛtɛmum	1
ugbɛtu	1
ugbɛtamɛn	1
ugbugbɛrɔ	1
ugbugbɛr	1
ugbugbuwa	1
ugbugbewangge	1
ugbopumgbɔ	1
ugbopa	1
ugbong	1
ugbishuwe	1
ugbishu	1
ugbipukpɔ	1
ugbang	1
ugbaashi	1
ugashi	1
ugarhngo	1
ugapɔ	1
ugamwi	1
ugam	1
ufɛ̃ɛ̃	1
ufɛrkpɔ	1
ufĩrhungo	1
ufɔrha	1
ufɛnu	1
ufɛn	1
ufɛmbok	1
ufurhsĩmbi	1
ufufĩrhã	1
ufufɔrh	1
ufufɛna	1
ufituwa	1
ufirankisen	1
ufir	1
ufata	1
ufase	1
ufanga	1
ufambi	1
ufaingo	1
udɛ̃ɛ̃ngo	1
udũwũ	1
udũwãmum	1
udɔsukpɔ	1
udɔsawi	1
udɔrhi	1
udɔnuwa	1
udɔnna	1
udĩnga	1
udɔku	1
udɔki	1
udɔkakpɔ	1
udĩa	1
udãwã	1
udãwunga	1
udãrhũkpɔ	1
udzumunga	1
udzukuwe	1
udzowukpɔ	1
udzipukɔ	1
udzi	1
udzeyiwa	1
udzepurhembɔ	1
udzekɔ	1
udzee	1
udzedzeu	1
udzau	1
udzaknga	1
udzakkpi	1
ududɔsa	1
udinari	1
udikambɔ	1
udermgbɔ	1
udedetakpɔ	1
udamungo	1
udamgbɔ	1
udakukɔ	1
udaka	1
udaar	1
ucɛ	1
ucuciiangge	1
ucipuwe	1
ucici	1
ucango	1
ubɔrkpɔ	1
ubɔre	1
ubɛkɔ	1
ubãngo	1
ubãmbi	1
ubãke	1
ubvurngo	1
ubvurmɛn	1
ubvura	1
ubuute	1
uburhu	1
ubupa	1
uborhmgbɔ	1
ubokkpi	1
ubiro	1
ubirirh	1
ubinmbɔ	1
ubinmbi	1
ubinghamum	1
ubinghaa	1
ubimmu	1
ubewukpɔ	1
ubewanga	1
uberitsi	1
uberi	1
ubera	1
ubepa	1
ubemukɔ	1
ubemukpɔ	1
ubemi	1
ubeewe	1
ubarhe	1
ubani	1
ubandzinkpɔ	1
ubandzina	1
uazurhfanga	1
uazurhfamum	1
uazurhfambɔ	1
uazurhfambi	1
uarho	1
uanini	1
uamoriya	1
uameti	1
uakatako	1
uagat	1
uZziel	1
uZohar	1
uZiffora	1
uZichri	1
uZeffora	1
uZebulun	1
uYusfu	1
uYemuwel	1
uYebusiya	1
uYebusi	1
uYamin	1
uYakin	1
uTeije	1
uSithri	1
uSimeon	1
uShimai	1
uShifra	1
uShawul	1
uReyuwɛrh	1
uReuben	1
uPutiel	1
uOha	1
uNerhu	1
uNefeg	1
uNaphtali	1
uNahshon	1
uNadab	1
uMushi	1
uMum	1
uMishael	1
uMidiana	1
uMbi	1
uMali	1
uMadiyana	1
uMadayana	1
uMadayan	1
uLibni	1
uLevi	1
uKorhta	1
uKohat	1
uKarmi	1
uJochebed	1
uIzhar	1
uIthamar	1
uIshara	1
uIbrani	1
uHorep	1
uHiwiya	1
uHitiya	1
uHesruna	1
uHebron	1
uHanok	1
uGoshen	1
uGodo	1
uGershɔm	1
uGarshon	1
uGarahon	1
uGad	1
uFu	1
uFineha	1
uFerizzi	1
uFariziya	1
uFallu	1
uElzafan	1
uElkanah	1
uElezar	1
uBanyami	1
uAssir	1
uAmram	1
uAmori	1
uAbihu	1
uAbiasaf	1
tɔɔva	1
tɛna	1
tsimuke	1
tseng	1
trust	1
trunk	1
town	1
together	1
tie	1
throwing	1
thorns	1
thing	1
thieves	1
they	1
thank	1
tells	1
tearing	1
teaching	1
table	1
tabernacle	1
synagogue	1
susei	1
suffering	1
study	1
storm	1
stop	1
stone	1
stocks	1
stirs	1
stars	1
stands	1
standing	1
stand	1
sorcery	1
son	1
soldiers	1
soldier	1
snake	1
small	1
sinning	1
shipwrecked	1
ship	1
shine	1
shikpɔ	1
sherhe	1
shepherds	1
sheep	1
seeks	1
seals	1
sea	1
saw	1
saves	1
salvation	1
rɛ	1
running	1
room	1
roofH	1
rikɔ	1
righteous	1
rhɛɛka	1
rhurherhe	1
rhum	1
returned	1
resist	1
removes	1
regret	1
regard	1
red	1
read	1
rake	1
praying	1
prayer	1
prayed	1
praising	1
power	1
pots	1
possible	1
plowing	1
plant	1
pinnacrhe	1
pigs	1
pieces	1
pfu	1
person	1
persecution	1
pen	1
pastors	1
paralyzed	1
paralytic	1
pages	1
outside	1
onto	1
offering	1
obey	1
nyinyapu	1
nyinyao	1
nyar	1
nyangumbi	1
nuinu	1
njiir	1
nibikamɛn	1
nibikakpɔ	1
ngipu	1
nggũshumum	1
nggɔr	1
news	1
net	1
nekũngge	1
nekukumbɔ	1
ndzau	1
nanake	1
mɛ̃	1
mɛr	1
mĩmesuwa	1
mouth	1
mortar	1
mor	1
money	1
mimaa	1
mgbakoyɛ	1
members	1
meet	1
measuring	1
mbɛk	1
manger	1
main	1
magic	1
made	1
maawe	1
maa	1
lowering	1
lowered	1
looks	1
lit	1
lion	1
letters	1
learn	1
ldb	1
laying	1
lawsuits	1
land	1
lamp	1
kumi	1
kpẽkpẽ	1
koi	1
know	1
knocking	1
km	1
kishookamɛn	1
kinds	1
kind	1
kera	1
kapɛɛng	1
juice	1
judge	1
joshuwa	1
join	1
izɛ̃rhũnga	1
izɛ̃rhũmbi	1
izɛ̃rhũ	1
izɛ̃rhuzɛ̃rhã	1
izɛɛngo	1
izɛɛmbɔ	1
izĩã	1
izɛrhungge	1
izɛrha	1
izĩnɛnga	1
izɔngmbi	1
izɔnge	1
izũnganga	1
izɛk	1
izĩa	1
izũnga	1
izusungge	1
izusumum	1
izusukpɔ	1
izusuke	1
izurh	1
izungango	1
izungambi	1
izung	1
izizĩnga	1
izizĩmbɔ	1
izizĩmbi	1
iziziyambɔ	1
izizituwe	1
iziya	1
izir	1
izhɔ̃ma	1
izhɔmum	1
izhengge	1
izhemɛn	1
izharuwe	1
izharhuwa	1
izharhukũ	1
izharhukumbɔ	1
izengo	1
izemum	1
izekpɔ	1
izeizerhangge	1
izeize	1
iyɛɛia	1
iyɛɛi	1
iyɛsɔ	1
iyɛrhu	1
iyɛrhayɛ	1
iyɛrhakpɔ	1
iyɔmmɛn	1
iyɛk	1
iyɛisuka	1
iyɛimum	1
iyɛike	1
iyung	1
iyotunga	1
iyokũ	1
iyiyɛse	1
iyiyɛimbi	1
iyiyita	1
iyiyisa	1
iyiyikembɔ	1
iyiyepamɛn	1
iyiyepamum	1
iyitumɛn	1
iyisungo	1
iyisunga	1
iyisumbɔ	1
iyiruwe	1
iyingo	1
iyikuke	1
iyikamɛn	1
iyikamum	1
iyikake	1
iyiingge	1
iyesũ	1
iyesukumbɔ	1
iyesuka	1
iyeise	1
iyatuwe	1
iyapumɛn	1
iyapa	1
iyanuka	1
iyanguwa	1
iyangungge	1
iyangunga	1
iyangu	1
iyangmum	1
iyammbɔ	1
iyam	1
iyaki	1
iyaimbɔ	1
iyai	1
iwɛrhɛngo	1
iwɛrhambi	1
iwɔkmɛn	1
iwɔkkpɔ	1
iwɔka	1
iwɛdzɛmmum	1
iwãrhãna	1
iwurakpɔ	1
iwungamɔ	1
iwumum	1
iwoshumbɔ	1
iwoshuke	1
iwiwwɔk	1
iwiwoshu	1
iwiwoshanga	1
iwiwoi	1
iwiweyɛ	1
iwiwemɛn	1
iwhayɛ	1
iwhamum	1
iwerangge	1
iweingo	1
iwayikũ	1
iwayikumbɔ	1
iwashuwa	1
ivɔ̃ke	1
ivɛwe	1
ivɛwa	1
ivɛumbɔ	1
ivɛpɔ	1
ivurmbɔ	1
ivummbɔ	1
ivoivoi	1
ivivɛu	1
ivivaar	1
ivirungo	1
ivirumɛn	1
ivirumum	1
ivirayɛ	1
ivinuwe	1
ivii	1
ivarngge	1
ivarkumɛn	1
ivarhangge	1
ivarhake	1
ivangngo	1
ivangamɛn	1
ivaivaa	1
itɛ̃wũ	1
itɔ̃mum	1
itɔ̃itɔ̃ɔ̃	1
itɔ̃itserkpɔ	1
itĩã	1
itɛtɛnangge	1
itɛnne	1
itɛnmbɔ	1
itɛngmbi	1
itɔngkpɔ	1
itɛngge	1
itĩngge	1
itɔnga	1
itɛne	1
itĩmbɔ	1
itɔka	1
itɛisa	1
itɛingge	1
itɛikpɔ	1
itɛi	1
itãrhãnga	1
itãrhãmbɔ	1
itãinga	1
itãimum	1
itãimbɔ	1
itãimbi	1
itsɔɔr	1
itsĩɔ	1
itsũã	1
itsɛyingge	1
itsũwãyɛ	1
itsũwãngo	1
itsĩwãngge	1
itsĩwãmɛn	1
itsũwãmbi	1
itsĩrhĩ	1
itsɛrhumum	1
itsɛrhi	1
itsɛrhe	1
itsɛngyɛ	1
itsũmum	1
itsĩmngge	1
itsĩmmɛn	1
itsɔkka	1
itsɛi	1
itsãmɛn	1
itsuyikumum	1
itsuruwe	1
itsuruwanga	1
itsuruwamum	1
itsurunga	1
itsurhimum	1
itsumbi	1
itsukɔ	1
itsukukɔ	1
itsukukũ	1
itsukukumɛn	1
itsukukumbɔ	1
itsukpee	1
itsukango	1
itsukanga	1
itsukamɛn	1
itsukakpɔ	1
itsukake	1
itsuk	1
itsuifɛrngge	1
itsuafɛr	1
itsorhuwa	1
itsorhumum	1
itsorhi	1
itsooyɛ	1
itsoomum	1
itsokɛ	1
itsokũ	1
itsokikɛ	1
itsoingo	1
itsitsɛyimum	1
itsitsĩwã	1
itsitsũwe	1
itsitsɛrhe	1
itsitsɛng	1
itsitsɛka	1
itsitsungge	1
itsitsuknga	1
itsitsuk	1
itsitsimngge	1
itsirukumbɔ	1
itsiranga	1
itsira	1
itsimuwe	1
itsimkpɔ	1
itsikpɔ	1
itsikammɛn	1
itsikambɔ	1
itseu	1
itserngge	1
itserkɛ	1
itserke	1
itserbɛ	1
itsara	1
itsamma	1
itosambi	1
itomuwambɔ	1
itomungge	1
itomukumbɔ	1
itomukpɔ	1
itomuka	1
itomi	1
itokũ	1
itokngo	1
itokmum	1
itokmbɔ	1
itokmbi	1
ititɛ̃ɛ̃	1
ititɛ̃wãngo	1
ititɛ̃wãmbi	1
ititɛ̃rhãngge	1
ititɔngkpɔ	1
ititi	1
ititeu	1
ititeng	1
ititare	1
ititang	1
itita	1
itiri	1
itirhugge	1
itina	1
iteumbɔ	1
itengasha	1
itenamɛn	1
ite	1
itatambɔ	1
itarzhang	1
itarmɛn	1
itara	1
itangmbɔ	1
isɔɔmbɔ	1
isɔrngge	1
isɔrmbɔ	1
isɔr	1
isɛngmbɔ	1
isɔmukũngge	1
isɔmukũ	1
isɔmukumbɔ	1
isɔmuka	1
isɔmngge	1
isɛmmum	1
isɛm	1
isɛ	1
isurhã	1
isunga	1
isoyiwanga	1
isoyiwa	1
isoyika	1
isorhɔ	1
isorhuwambɔ	1
isorhukũ	1
isorhmum	1
isorhe	1
isorhamum	1
isorha	1
isopfung	1
isomɛn	1
isombɔ	1
isoku	1
isoknga	1
isisɔɔ	1
isisɛng	1
isisɔme	1
isisoyi	1
isisokmɛn	1
isisokmbi	1
isisita	1
isisipuwe	1
isisipa	1
isiseiyɛ	1
isisata	1
isisarngo	1
isisarmbɔ	1
isisare	1
isipa	1
ishɔɔtɔ	1
ishɔɔte	1
ishɔɔrmbɔ	1
ishɔyiwambi	1
ishɔyika	1
ishɔyi	1
ishɔte	1
ishɔi	1
ishuurmbi	1
ishurmbɔ	1
ishupungge	1
ishiɔ	1
ishiyanga	1
ishiya	1
ishishɔɔta	1
ishishɔ̃rhãyɛ	1
ishishɔ̃rhã	1
ishishɔɔramɛn	1
ishipu	1
ishembi	1
ishang	1
isham	1
ishaka	1
ishaikɛ	1
iseyi	1
isengmbɔ	1
isengke	1
isengge	1
iseiyɛ	1
iseimɛn	1
iseimum	1
iseike	1
isarumum	1
isarke	1
isarhunga	1
isarheyɛ	1
isarhembɔ	1
isarhangge	1
isarhamum	1
isarhambɔ	1
irhɔ̃ĩmum	1
irhɛɛmɛn	1
irhɛɛmbɔ	1
irhɛɛmbi	1
irhɛrhitsiyɛ	1
irhɛrhe	1
irhɔng	1
irhɛne	1
irhɛn	1
irhɛmngge	1
irhɛmmɛn	1
irhɛmmbɔ	1
irhɔma	1
irhãrhãngo	1
irhãrhãmɛn	1
irhusuwamum	1
irhusunga	1
irhusu	1
irhupa	1
irhowamum	1
irhowambɔ	1
irhoka	1
irhiyɛ	1
irhisi	1
irhirhɛmnga	1
irhirhɛma	1
irhirhusambɔ	1
irhirhusa	1
irhirhrhe	1
irhirhimbɔ	1
irhirhikango	1
irhirherhe	1
irhirhangyɛ	1
irhirhangngo	1
irhirhangmgbɔ	1
irhirhangmbi	1
irhirhangge	1
irhimbi	1
irhikukpɔ	1
irhikukke	1
irhiku	1
irhifin	1
irheyimbɔ	1
irherhukpɔ	1
irherhuka	1
irhenungge	1
irhenunga	1
irhenumum	1
irhei	1
irhe	1
irhangnge	1
irhangmgbɔ	1
irhamɛn	1
irhamnga	1
irhammbɔ	1
irhama	1
irhakmum	1
irhaka	1
irhaa	1
ireng	1
ipupungge	1
ipupi	1
ipupa	1
ipisa	1
ipfuruwe	1
ipfur	1
ipfunungo	1
ipfunambɔ	1
ipfumuwe	1
ipfumbɔ	1
ipare	1
inɛ̃muwe	1
inũnga	1
inãngo	1
inãmum	1
inzɛkũ	1
inyɛ̃ɛ̃	1
inyɛ̃num	1
inyĩrhũmbi	1
inyĩrhã	1
inyĩnyãnga	1
inyĩnyaki	1
inyĩnyaka	1
inyãyernga	1
inyãwãnga	1
inyãngumbɔ	1
inyãngumbi	1
inyãngge	1
inyinyãɔ	1
inyinyãmbɔ	1
inyatumbɔ	1
inyapukumbɔ	1
inyapa	1
inyangumbɔ	1
inyangukumbɔ	1
inuw	1
inumɛn	1
inumum	1
inumnga	1
inummɛn	1
inummbi	1
inuku	1
inua	1
into	1
inormbɔ	1
inorh	1
innanga	1
inkpai	1
ininunga	1
ininu	1
inineke	1
ininangngo	1
inimum	1
iniir	1
inii	1
ingɔm	1
ingwɛ̃ɛ̃	1
ingwɛ̃ɔ	1
ingwɛ̃mɛn	1
ingwɛ̃mum	1
ingwĩngwã	1
ingwĩngge	1
ingwĩmbɔ	1
ingwĩa	1
inggũmum	1
inggbaashingo	1
inggasha	1
inggar	1
ingbɛya	1
ingba	1
ing	1
ineu	1
iner	1
inekukumum	1
inekukumbi	1
ineku	1
inekango	1
inekambɔ	1
inekake	1
indɛyikũ	1
indze	1
indzake	1
indzaa	1
incense	1
inbɔre	1
inbgaashia	1
inbemumɛn	1
inbemukumɛn	1
inbemu	1
inbek	1
inangmgbɔ	1
inaknga	1
inainakka	1
inaikpɔ	1
inaambɔ	1
imɛ̃ɛ̃mɛn	1
imɛ̃ɛ̃ke	1
imɔ̃ɔ̃	1
imɛ̃mɛn	1
imɔrngge	1
imɔrkũ	1
imɛngge	1
imɛkumɛn	1
imɛkngo	1
imunukpɔ	1
imormbɔ	1
imimɛ̃	1
imimesa	1
imimashanga	1
imimashambɔ	1
imesuwanga	1
imesuwamum	1
imesuwambɔ	1
imesungo	1
imesumbi	1
imesukɔ	1
imesuka	1
imesamɛn	1
imesabɛ	1
imeimɛn	1
imbamɛn	1
imashuwe	1
imashu	1
imarngge	1
imarhu	1
imangto	1
imangngo	1
imaawe	1
imaambi	1
imaakpɔ	1
illustration	1
ikɔɔrmbɔ	1
ikɔ̃nernga	1
ikɔ̃mum	1
ikɛyiwamum	1
ikũwãngge	1
ikũwãnga	1
ikũwa	1
ikɛnmbɔ	1
ikɔnga	1
ikɔkuke	1
ikɔkmum	1
ikɔkmbi	1
ikɛki	1
ikãrhũmbɔ	1
ikwɛɛrkumbɔ	1
ikwikwɛɛte	1
ikwikwɛr	1
ikukuna	1
ikpɛ̃ɛ̃ke	1
ikpɔɔr	1
ikpĩĩngge	1
ikpɔwa	1
ikpũrhĩ	1
ikpũrhãyɛ	1
ikpũrhãngo	1
ikpũrhãke	1
ikpũngge	1
ikpɔmɛn	1
ikpɔmngge	1
ikpɔmbɔ	1
ikpɔmbi	1
ikpɔma	1
ikpɔkmbɔ	1
ikpĩa	1
ikpusha	1
ikpum	1
ikpuingo	1
ikpotuwe	1
ikponga	1
ikponayɛ	1
ikponangge	1
ikponambɔ	1
ikpokpɔ	1
ikpoke	1
ikpoimbɔ	1
ikpinakpɔ	1
ikpikpɛ̃ɛ̃mbɔ	1
ikpikpĩĩanga	1
ikpikpoɔ	1
ikpikpoingo	1
ikpikpoingge	1
ikpikpoimɛn	1
ikpikpoimbɔ	1
ikpikpoimbi	1
ikpikpoa	1
ikpikpo	1
ikpikpayi	1
ikpeyi	1
ikpembi	1
ikparavar	1
ikpangunga	1
ikpangumum	1
ikpangmɛm	1
ikorhuwamɛn	1
ikorhuwambi	1
ikorhukumɛn	1
ikorhukumbɔ	1
ikorhukumbi	1
ikorhukanga	1
ikorhangge	1
ikonuka	1
ikonrha	1
ikonngge	1
ikoikungge	1
ikoiambɔ	1
ikoi	1
ikiyikamum	1
ikivarhambi	1
ikitɔ̃nake	1
ikitatangge	1
ikisi	1
ikimbɔ	1
ikikɛyanga	1
ikikɔngyɛ	1
ikikɔka	1
ikikoyi	1
ikikorha	1
ikikerhunga	1
ikikerhuka	1
ikhapunga	1
ikhapumɛn	1
ikhapu	1
ikermum	1
ikerkpɔ	1
ikerhumbɔ	1
ikerhukungge	1
ikerhuke	1
ikerhe	1
ikere	1
ikena	1
ikeker	1
ikayi	1
ikarmbi	1
ikarhu	1
ikapa	1
ikambɔ	1
ikakamum	1
ikaka	1
ikainga	1
ikaimbi	1
ijuɛɛ	1
ijijam	1
ijeng	1
ijeku	1
ijeemɛn	1
ijang	1
ihwɛpungge	1
ihwɛngke	1
ihwɛ	1
ihwitumum	1
ihwita	1
ihwihwɛngmum	1
ihwihwashayɛ	1
ihwihwasha	1
ihwerhe	1
ihwasha	1
ihwamɛn	1
igũyɛ	1
igũshu	1
igɔrmbɔ	1
igɔrmbi	1
igɔrke	1
igɔpuwe	1
igɔpi	1
igɔpa	1
igɔngyɛ	1
igɔngmbi	1
igũngge	1
igũmgbɔ	1
igũke	1
igũibɛnmɛn	1
igũibɛnmbi	1
igãrhãyɛ	1
igãrha	1
igwiruwe	1
igwirke	1
igwirhuwe	1
igwirhukũ	1
igwarnga	1
igoshukumbɔ	1
igoshe	1
igokango	1
igokanga	1
igokambɔ	1
igoinga	1
igigɔrngo	1
igigɔr	1
igigar	1
igi	1
ighɔ̃rhã	1
ighɛta	1
ighɛpa	1
ighɛngungo	1
ighwɛrkpɔ	1
ighwɛrke	1
ighwɔrhungge	1
ighwengo	1
ighwemum	1
ighwembɔ	1
ighwembi	1
ighwea	1
ighorke	1
ighorghotangge	1
ighongyɛ	1
ighongkɔ	1
ighongamɛnmum	1
ighighanga	1
ighawe	1
ighau	1
igbɛyi	1
igbɛrɔ	1
igbɛrngge	1
igbĩrhãngo	1
igbɛrangwĩyɛ	1
igbɛrangwĩmbɔ	1
igbɛranga	1
igbɔmmum	1
igbɔmma	1
igbĩ	1
igbopumbɔ	1
igbopukumbɔ	1
igbopitsi	1
igbongnga	1
igbiwa	1
igbishumbi	1
igbipa	1
igbim	1
igbiitangge	1
igbigbayɛ	1
igbigbangge	1
igbigbamum	1
igbigbakɛ	1
igbeta	1
igbeimɛn	1
igbarangwĩ	1
igbangu	1
igbange	1
igbang	1
igbairha	1
igbabĩ	1
igbaa	1
igaungge	1
igauke	1
igashungge	1
igashunga	1
igashu	1
igarhungge	1
igarha	1
igakpɔ	1
igaar	1
ifɛ̃rhũngge	1
ifɛrɔ	1
ifɛrukumbɔ	1
ifɛruka	1
ifɛrhɛyɛ	1
ifũrhũwe	1
ifũrhũwa	1
ifɛrhɛmbɔ	1
ifɔrhɔ	1
ifɔrhuka	1
ifɔrhngge	1
ifɔrhmbɔ	1
ifɛrhkɔyɛ	1
ifɛrhkɔngge	1
ifɛrhkɔnga	1
ifɛrhkɔmum	1
ifɛrhi	1
ifɔrhamum	1
ifɛnuwa	1
ifɛnungo	1
ifɔnuka	1
ifɛnmbi	1
ifũngge	1
ifɔne	1
ifɔmukumum	1
ifɔmmbɔ	1
ifurngge	1
ifupunga	1
ifosumɛn	1
ifiruka	1
ifire	1
ififɛu	1
ififɔrhyɛ	1
ififɔrhngo	1
ififɔnmɛn	1
ififɔnmum	1
ififɛna	1
ififũ	1
ififituweyɛ	1
ififitu	1
ififitamɛn	1
ifetu	1
ifeta	1
ifasũ	1
ifasanga	1
ifasambɔ	1
ifarukumbɔ	1
ifari	1
ifare	1
ifaisa	1
ifaimɛn	1
ifaimbɔ	1
ifaakpe	1
idɛ̃ɛ̃ngo	1
idɛ̃ɛ̃mɛn	1
idɛ̃ɛ̃mum	1
idɛ̃ɛ̃mbɔ	1
idɔɔte	1
idɔ̃rhũmɛn	1
idɛyikɔ	1
idɛyikungge	1
idũwũmum	1
idɔsuumbi	1
idɔsumɛn	1
idɔsuke	1
idɔngukumbɔ	1
idɔngmbɔ	1
idɔngmbi	1
idɛmyɛ	1
idũmbɔ	1
idzɛupɔ	1
idzɛupa	1
idzɛungge	1
idzɛrnga	1
idzurmɛn	1
idzurmbɔ	1
idzura	1
idzumi	1
idzukuwa	1
idzowukɔ	1
idzowukumbi	1
idzowuke	1
idzowekumbɔ	1
idzora	1
idziranga	1
idzipungge	1
idzipukungge	1
idzinmum	1
idzinmbɔ	1
idzimmbɔ	1
idziir	1
idzidzɛrheyɛ	1
idzidzɛrhamum	1
idzidzur	1
idzidzunambɔ	1
idzidzoweyɛ	1
idzidzipanga	1
idzidzin	1
idzidzake	1
idzeyingge	1
idzeuyɛ	1
idzeunga	1
idzemɛn	1
idzembɔ	1
idzekɔ	1
idzekpɔ	1
idzekambɔ	1
idzammbi	1
idzak	1
idzaamɛn	1
idosa	1
idorhyɛ	1
idorhngge	1
idorhnga	1
idols	1
idoimbi	1
ididɛ̃ɛ̃mbi	1
ididɔɔrmɛn	1
ididɔɔrmum	1
ididɔ̃rhãmɛn	1
ididɔ̃rhãmbi	1
ididɛyiwa	1
ididɔsambɔ	1
ididɔsambi	1
ididɔngmum	1
ididɛk	1
ididãrhãnga	1
ididoi	1
ididen	1
ididarhnga	1
ididak	1
ideyinga	1
ideta	1
idermbɔ	1
idenukumbɔ	1
idenuka	1
idenanga	1
idekuwa	1
idekungge	1
idekmum	1
idaumɛn	1
idarhe	1
idam	1
idakukɔ	1
idakukumɛn	1
idakuka	1
idakpɔ	1
icɔrha	1
icorhukumbɔ	1
iciupa	1
iciumbi	1
icipuwe	1
icipuwakpɔ	1
icipungge	1
icicɛrɛ	1
icicorhayɛ	1
ichang	1
ichaia	1
icangngo	1
ibɔrukumbɔ	1
ibɔrkpɔ	1
ibɔrkeci	1
ibɔrke	1
ibɛnmbɔ	1
ibɛkmgbɔ	1
ibɛkmbɔ	1
ibɛ	1
ibvũ	1
ibvurhuwe	1
ibvure	1
ibvunmɛn	1
ibvukmbi	1
iburyɛ	1
ibupukũ	1
ibowke	1
ibibɔre	1
ibibãrhã	1
ibibimmu	1
ibibimmayɛ	1
ibibimmamum	1
ibibimmambɔ	1
ibibemuwembɔ	1
ibibemamɛn	1
ibibeeangge	1
ibibeeanga	1
ibibeanga	1
ibibeake	1
ibibayi	1
ibibambɔ	1
ibewemɛn	1
ibewembɔ	1
ibewangge	1
iberuwe	1
iberuwanga	1
iberuwa	1
iberuka	1
ibemungo	1
ibeewe	1
ibeekpɔ	1
ibeeka	1
ibawe	1
ibasa	1
ibara	1
ibangumbi	1
ibamgbɔ	1
ibambi	1
ibakpɔ	1
iNui	1
i	1
husband	1
humble	1
how	1
house	1
horses	1
horse	1
helps	1
help	1
hearts	1
heals	1
heads	1
he	1
harm	1
happen	1
hair	1
gɔr	1
gɛ	1
guilt	1
grapes	1
grape	1
grain	1
govern	1
giving	1
give	1
gifts	1
ghɛrha	1
get	1
fĩrhã	1
fɛna	1
future	1
full	1
fruit	1
foxhole	1
forgive	1
forehead	1
fishing	1
first	1
fellow	1
fear	1
farm	1
family	1
fakpe	1
eyes	1
examples	1
eunuch	1
endure	1
elders	1
eating	1
eat	1
e	1
dɔrhu	1
dzipa	1
due	1
drunk	1
dove	1
don	1
divorce	1
discples	1
disciples	1
dip	1
died	1
die	1
descend	1
deacons	1
daily	1
crosses	1
cross	1
court	1
cooperation	1
commit	1
color	1
colonnade	1
colleagues	1
coins	1
cloth	1
close	1
cleaning	1
churches	1
choose	1
children	1
chariot	1
centurion	1
cases	1
carries	1
camels	1
camel	1
calming	1
called	1
burning	1
burn	1
bread	1
bottom	1
books	1
boat	1
biĩ	1
bit	1
believing	1
beings	1
being	1
behaved	1
behave	1
became	1
baptizing	1
babies	1
azɛ̃rhuke	1
azɛrhi	1
azɛrha	1
azɔki	1
azɛke	1
azusu	1
azĩnga	1
azĩng	1
aziya	1
azitukumbɔ	1
azira	1
azing	1
azhɔmuwe	1
azhika	1
azharuwe	1
azharhukumbi	1
azharhu	1
azharha	1
azembi	1
azekɛ	1
azangmbi	1
ayɛɛinga	1
ayɛtsɛrhkũ	1
ayɛsuwe	1
ayɛiyɛi	1
ayuyɛɛi	1
ayuyom	1
ayoki	1
ayoke	1
ayoa	1
ayituwa	1
ayitumbi	1
ayisunga	1
ayisumbi	1
ayiruwe	1
ayiruke	1
ayirhmbɔ	1
ayirhe	1
ayirha	1
ayim	1
ayikuwe	1
ayikukumbɔ	1
ayikukumbi	1
ayikambɔ	1
ayikake	1
ayetnumkpɔ	1
ayer	1
ayepumbi	1
ayarmbɔ	1
ayarke	1
ayani	1
ayanguwanga	1
ayangumbɔ	1
ayangukumbɔ	1
ayanguka	1
ayangi	1
ayang	1
ayam	1
ayakɛ	1
awɛyi	1
awɔruwe	1
awɛrhunga	1
awɛrhamɛn	1
awɛrhambɔ	1
awɛrhambi	1
awɔnge	1
awɔmbɔ	1
awɔkmbi	1
awɛkatsaka	1
awɛkacin	1
awɛkacimum	1
awɛdzɛmmbi	1
awurakpɔ	1
awupa	1
awoyambɔ	1
awoshuwa	1
awoshuke	1
awoinga	1
awisha	1
awirhi	1
awerɛmbɔ	1
avɔ̃ke	1
avɛtu	1
avɛrha	1
avɛpa	1
avɔmngo	1
avuvarha	1
avurmbɔ	1
avurmbi	1
avupa	1
avoid	1
avirunga	1
avirumbɔ	1
avinu	1
avi	1
avaumɛn	1
avaumbɔ	1
avaumbi	1
avaukɛ	1
avarhukumbɔ	1
avak	1
avaate	1
avaarke	1
atɔ̃wũka	1
atɔ̃tser	1
atɛ̃rhĩmi	1
atɛ̃rhĩ	1
atĩrhã	1
atɔngvi	1
atɛngmbi	1
atɛne	1
atɔkuke	1
atãinga	1
atãimbi	1
atuteng	1
atsɛ̃ɛ̃	1
atsũwũkũ	1
atsũwũke	1
atsĩwãnga	1
atsũwãmɛn	1
atsĩwãmbɔ	1
atsĩrhũmbɔ	1
atsĩrhũ	1
atsɛrhunga	1
atsɔr	1
atsĩndĩmɛn	1
atsĩndĩmum	1
atsĩndĩmbɔ	1
atsĩmmbɔ	1
atsĩmkumbɔ	1
atsĩmkuke	1
atsũa	1
atsɛ	1
atsuyimbɔ	1
atsutsĩwã	1
atsutsĩm	1
atsutsĩa	1
atsutsim	1
atsusu	1
atsuruwambɔ	1
atsurunga	1
atsurhukmbi	1
atsurhuk	1
atsurhu	1
atsukambɔ	1
atsukake	1
atsuafɛrke	1
atsoyiwe	1
atsotso	1
atsorhuwa	1
atsorhi	1
atsomngge	1
atsokngge	1
atsokkɛ	1
atso	1
atsirmbi	1
atsir	1
atsingge	1
atsimukumbi	1
atseimbi	1
atsara	1
atsammbi	1
atsakɛ	1
atsakmum	1
atsake	1
atsaka	1
atosa	1
atorhngo	1
atorhmbi	1
atomuwa	1
atomuke	1
atoku	1
atokango	1
atiti	1
atirhuke	1
atirhu	1
atesmbɔ	1
atenge	1
ateiyanga	1
ateer	1
atatorho	1
atarkumbɔ	1
atapa	1
atangmbɔ	1
atange	1
atamu	1
atama	1
atakarha	1
ataiwe	1
ataiwa	1
ataimbɔ	1
asũrhĩ	1
asɛngmbɔ	1
asĩngge	1
asɛnge	1
asɔmmbi	1
asɛkmbi	1
asĩke	1
asĩ	1
asungge	1
asukɛ	1
asuke	1
asui	1
asua	1
asoyimbi	1
asorhuwambɔ	1
asorhukumbi	1
asorhuka	1
asorhke	1
asorhi	1
asoki	1
asoke	1
asitukumbɔ	1
asipukumbɔ	1
ashɔɔrmbɔ	1
ashɔ̃rhũwe	1
ashɔyiwa	1
ashɔyinga	1
ashɔyika	1
ashĩrhũ	1
ashɔmu	1
ashĩ	1
ashuur	1
ashupuwe	1
ashupukumbɔ	1
ashikake	1
ashiamɔ	1
ashiake	1
asherhumbi	1
asherhu	1
ashepa	1
ashembɔ	1
ashapa	1
ashang	1
ashakukumbɔ	1
aserhwa	1
asaruka	1
asarmbɔ	1
asarmbi	1
asarhe	1
asakuwe	1
around	1
armor	1
arhɛɛ	1
arhĩwukumbi	1
arhɔmu	1
arhɔma	1
arhurhuta	1
arhurhukɛ	1
arhurherhu	1
arhurhang	1
arhuma	1
arhuk	1
arhor	1
arhong	1
arhisuwa	1
arhise	1
arhimbɔ	1
arhimbi	1
arhikumbɔ	1
arhikumbi	1
arheu	1
arhenunga	1
arharuwe	1
arh	1
appointment	1
apfuru	1
apfuma	1
apfum	1
apfudzeka	1
apfudze	1
apearing	1
anũu	1
anɛti	1
anũng	1
anũinuk	1
anũinu	1
anyũwã	1
anyɔsha	1
anyĩrhũ	1
anyĩngo	1
anyĩnga	1
anyĩke	1
anyãnɛ	1
anyunyã	1
anyatunga	1
anyata	1
anyar	1
anyapuke	1
anyanguke	1
anyaka	1
anyaike	1
any	1
anunukawɔ	1
anunanga	1
anummbɔ	1
anummbi	1
anumbɔ	1
another	1
angwɛ̃wa	1
angwɛ̃nungwɛ̃	1
angwĩkɛ	1
angwãrhũmbi	1
angwãna	1
angwãmbi	1
angwãi	1
angurhũmbi	1
anggɔmmbɔ	1
anggang	1
anggamtsakmum	1
angels	1
angbɛpɛ	1
angbannga	1
angbanmum	1
andɔkanga	1
andzumunga	1
andzui	1
andzingngge	1
andzingmbɔ	1
andzingke	1
andena	1
anayiwa	1
anayikumbi	1
anak	1
amɛ̃ngo	1
amɛ̃nga	1
amɛ̃mɔnɔ	1
amɛrke	1
amɔra	1
amɛr	1
amɛna	1
amutuka	1
amurhu	1
amuni	1
amumasha	1
amshi	1
amora	1
amisa	1
aminasu	1
amgbɛpɛ	1
amesuwanga	1
amesuwambɔ	1
amesunga	1
amesumbɔ	1
amesukumbɔ	1
ambumbin	1
ambommbi	1
amatuwa	1
amasarhambɔ	1
amasar	1
amarambɔ	1
amara	1
aman	1
amaawe	1
amaakumbi	1
also	1
akɔɔrmbɔ	1
akɔ̃mbɔ	1
akɔ̃ke	1
akɔwe	1
akɛnke	1
akɔngmbɔ	1
akɔngmbi	1
akɔnge	1
akɔn	1
akɔka	1
akãĩ	1
akãrhã	1
akwiukɛ	1
akpĩĩ	1
akpɛta	1
akpɛrha	1
akpɔmke	1
akpusha	1
akposhuwe	1
akposha	1
akpoke	1
akpokambɔ	1
akpok	1
akpinunga	1
akpeyimbɔ	1
akpeyi	1
akpenuwe	1
akpeato	1
akpayinga	1
akpa	1
akoyike	1
akom	1
akoi	1
akiristo	1
akhɛwa	1
akhɔruke	1
akhapuwe	1
akhapumbi	1
akerɛ	1
akerketambɔ	1
akerketambi	1
akerhuwanga	1
akerhukumbɔ	1
akerhuka	1
akaze	1
akatãrhãkɛ	1
akatsɛrhmɛn	1
akatasok	1
akari	1
akarhukũ	1
akarhuka	1
akarhu	1
akarhi	1
akanga	1
akana	1
akakũmbi	1
akaka	1
akagɔngkɛ	1
ajimu	1
ajangu	1
ahwɛngke	1
ahwor	1
ahwesha	1
ahwashi	1
ahwakɛ	1
agũshu	1
agũsha	1
agɔpuwe	1
agũni	1
agɔngkɛ	1
agɔmmbi	1
agwirmbi	1
agwerha	1
agwee	1
agusenga	1
agugoyiwe	1
agugoyi	1
agugoi	1
aguggembɔ	1
agugau	1
agomnati	1
agoimbɔ	1
aghɛta	1
aghɛrhumbi	1
aghwɛrmbɔ	1
aghwɛrmbi	1
aghwɔrhe	1
aghwimbɔ	1
aghwembi	1
aghora	1
aghongke	1
aghoghong	1
agho	1
aghesha	1
aghawukumbi	1
agbɛyangwĩ	1
agbugbɛr	1
agbugbata	1
agbowa	1
agborke	1
agbora	1
agbor	1
agbopunga	1
agbishumbɔ	1
agbishukumbɔ	1
agbishuka	1
agbeyanga	1
agbeyamɛn	1
agbembi	1
agbeimbɔ	1
agbeigba	1
agbarh	1
agban	1
agbake	1
agbaashi	1
agbaangashia	1
agayi	1
agaukɛ	1
agauke	1
agashuwa	1
agashumbɔ	1
agarmbi	1
agarke	1
agarhu	1
aganuwe	1
agana	1
afɛ̃rhũmbi	1
afĩĩmbɔ	1
afĩĩa	1
afɛte	1
afɛrkumbi	1
afɛrke	1
afɛnɛ	1
afɛnuwa	1
afɛnmbɔ	1
afɛnkɛ	1
afɔne	1
afɔnambɔ	1
afɔmukumbi	1
afɔma	1
afɛkuke	1
afɛkmbɔ	1
afɛka	1
afɛ	1
afuruwe	1
afupa	1
afukuwe	1
afuku	1
afui	1
afufĩrhã	1
after	1
afituwanga	1
afituwambɔ	1
afina	1
afetu	1
afeka	1
afata	1
afarunga	1
afaruka	1
afara	1
afar	1
adɔ̃rhũnga	1
adɔ̃rhũ	1
adɔ̃rhã	1
adɛyiwengge	1
adɛyiwake	1
adũwũwe	1
adũwũkumbɔ	1
adɔsuke	1
adɔrhuwa	1
adɛr	1
adɔnuwa	1
adɔngamɛn	1
adɔnga	1
adɔna	1
adɛmu	1
adɛm	1
adɛkke	1
adɔki	1
adãrhũmbɔ	1
adãrhĩ	1
adzɛumbi	1
adzɛpe	1
adzɛpa	1
adzuse	1
adzurmbi	1
adzurke	1
adzurhke	1
adzure	1
adzunuwe	1
adzunuwa	1
adzunu	1
adzum	1
adzukuwa	1
adzowukũ	1
adzirhngo	1
adzirhkɛ	1
adzipuwa	1
adzipuka	1
adzeyiwe	1
adzeu	1
adzakmbɔ	1
adzaka	1
adultery	1
adidɛ̃ɛ̃	1
adeyiwanga	1
adeyimbɔ	1
adeyikũmbɔ	1
adermɛn	1
adermbi	1
aderkɛ	1
adeku	1
adedetake	1
adeder	1
adarhumbɔ	1
adarhumbi	1
adarhmbi	1
adarhi	1
adambi	1
adam	1
adakuke	1
adakuka	1
adakngge	1
adakmɛn	1
adai	1
acɛisa	1
acɛi	1
acupakpe	1
acucorhe	1
aciuke	1
acipuwambɔ	1
acipuwake	1
acipukumbɔ	1
acipuka	1
acipu	1
acayimbɔ	1
acatu	1
abɛ̃mbɔ	1
abɛtu	1
abɛta	1
abĩruwe	1
abɔrmbɔ	1
abɔrkumbi	1
abɔrkeci	1
abɔrambɔ	1
abɛkmbi	1
abvũĩke	1
abvũĩ	1
abvutuwe	1
abvurmɛn	1
abvurmbɔ	1
abvurkumbi	1
abvurka	1
abvurhuwe	1
abupa	1
abubimma	1
abubema	1
aborhuka	1
aborhe	1
abokke	1
abir	1
abipa	1
abinkpɔ	1
abinke	1
abinato	1
abinarhɔ	1
abimmumbi	1
abewunga	1
abewambi	1
abewa	1
abeungo	1
aberuwa	1
aberumbɔ	1
aberumbi	1
aberitsi	1
abayimbi	1
abata	1
abasi	1
abanguwe	1
abangumbɔ	1
abangdzinmbi	1
abandzinke	1
abake	1
aTorho	1
Zeyu	1
ZEP	1
ZEC	1
Yetro	1
XXA	1
Wycliffe	1
Word	1
Wineskin	1
Wine	1
Widow	1
When	1
Wenger	1
Uzĩɔ̃	1
Uzɛ̃rhãmɛn	1
Uzɛ̃rhãmbɔ	1
Uzɛ̃rhã	1
Uzĩɔ	1
Uzziyel	1
Uzurhu	1
Uzumurudu	1
Uzinarhimbi	1
Uzeyu	1
Uzera	1
Uzena	1
Uzef	1
Uzarefat	1
Uzak	1
Uyɛrhu	1
Uyɛrhambɔ	1
Uyurhiya	1
Uyunuya	1
Uyuni	1
Uyun	1
Uyowerh	1
Uyow	1
Uyituwe	1
Uyirhkpi	1
Uyike	1
Uyi	1
Uyetro	1
Uyasuwa	1
Uyason	1
Uyamɛn	1
Uyamum	1
Uyak	1
Uyah	1
Uyaburhu	1
Uwɛɛ	1
Uwɔrɔ	1
Uwɛrhamɛn	1
Uweri	1
Uwayiwe	1
Uvɛu	1
Uvãã	1
Uvbur	1
Uvaa	1
Utɔɔ	1
Utĩɔ	1
Utɛtɛ	1
Utɔngmɛn	1
Utɛna	1
Utɛijee	1
Utuda	1
Utsɛ̃rhãpfuwi	1
Utsɛ̃rhãpfu	1
Utsɛ̃ngo	1
Utsɛ̃nga	1
Utsɛki	1
Utsũ	1
Utsĩ	1
Utsim	1
Utsara	1
Utsam	1
Utsakwi	1
Utsakuwurɛ	1
Utorhemayi	1
Utitiyu	1
Utit	1
Utirayifusa	1
Utirayifina	1
Utiranu	1
Utimon	1
Utimawu	1
Utesmɛn	1
Utepa	1
Uteiyamɛn	1
Utartiyu	1
Utarh	1
Utare	1
Utarakunita	1
Utang	1
Utamar	1
Utama	1
Utak	1
Usĩngge	1
Usɔmma	1
Usɔme	1
Usɔm	1
Usɔkdũmɛn	1
Usuzana	1
Usungo	1
Usu	1
Usoyiwe	1
Usostanu	1
Usosifata	1
Usorhomi	1
Usopata	1
Usoku	1
Usitokiya	1
Usitaki	1
Usiso	1
Usiriti	1
Usiraku	1
Usintiki	1
Usimir	1
Usikeba	1
Usharon	1
Useng	1
Useisa	1
Used	1
Usastanisu	1
Usarkasarngo	1
Usarjiyu	1
Usarhukiya	1
Usarhomi	1
Usarhmoni	1
Usarhami	1
Usarauniya	1
Usamutarkiya	1
Usamson	1
Usamo	1
Usakundu	1
Usaikar	1
Uruben	1
Uru	1
Uroda	1
Urod	1
Uriya	1
Urigiyum	1
Urifan	1
Urhɔ	1
Urhurhika	1
Urhoyi	1
Urhisaniya	1
Urhisa	1
Urhirhiki	1
Urhikiya	1
Urhibiya	1
Urhi	1
Urhena	1
Urhawudiki	1
Urhasiya	1
Urhang	1
Urhakumi	1
Urhakpi	1
Urhainu	1
Urbanus	1
Urama	1
Urahirha	1
Urabboni	1
Upuru	1
Upfupfũwã	1
Upfupfunga	1
Upfupfu	1
Uper	1
Upaturoba	1
Upatara	1
Upartiya	1
Upanta	1
Uorhimfa	1
Unɔr	1
Unɛmu	1
Unyɛ̃ɛ̃nga	1
Unyanguwa	1
Unyangi	1
Unumnga	1
Unu	1
Untsuuka	1
Uniyaforhi	1
Uniriyu	1
Unimfa	1
Unikorha	1
Unikano	1
Uni	1
Ungwɛ̃mbɔ	1
Ungwɛdzɛm	1
Ungwɛ	1
Unggamtsakngo	1
Unerngo	1
Uneh	1
Undɔkango	1
Unayin	1
Unarkisu	1
Unapumbɔ	1
Unappa	1
Unapa	1
Unanyi	1
Unangga	1
Unakugbĩrhĩ	1
Unakuci	1
Unadzɛm	1
Unaa	1
Umɔ̃	1
Umorhek	1
Umitirhen	1
Umira	1
Umina	1
Umik	1
Umidiyan	1
Umei	1
Umeditereniya	1
Umata	1
Umastad	1
Umarhcu	1
Umarh	1
Umanayen	1
Umanason	1
Umanase	1
Umagog	1
Umagadan	1
Umadiya	1
Umadayana	1
Ukwartu	1
Ukuza	1
Ukutsɛrhwi	1
Ukurhuwi	1
Ukukũ	1
Uku	1
Ukpɛrɛ	1
Ukpuimum	1
Ukpo	1
Ukpekpeka	1
Ukos	1
Ukoronti	1
Ukorhuwe	1
Ukorhi	1
Ukorha	1
Ukora	1
Ukoko	1
Ukoi	1
Ukiyo	1
Ukish	1
Ukirzen	1
Ukiriniyu	1
Ukirhoba	1
Ukirhiyoba	1
Ukirhemen	1
Ukinidu	1
Ukidron	1
Ukhapa	1
Ukerkaker	1
Uker	1
Ukauda	1
Ukarhnga	1
Ukarhdi	1
Ukarbu	1
Ukara	1
Ukam	1
Ukaifɛrhkɔ	1
Ukafarnahum	1
Ukadi	1
Ujona	1
Ujo	1
Ujezeberh	1
Ujefta	1
Ujasfa	1
Uiturhiya	1
Uisuwa	1
Uisakar	1
Uirhirikum	1
Uifrayim	1
Uidumiya	1
Uibrahi	1
Uibra	1
Uhwɛngrimi	1
Uhwɛkngo	1
Uhwɛk	1
Uho	1
Uhiwiya	1
Uhitiya	1
Uhirhaforhi	1
Uharma	1
Uhamor	1
Uhamojeni	1
Uhag	1
Ugɔ̃rhũ	1
Ugɛɛ	1
Ugɔ̃	1
Ugɔr	1
Ugãrhãnga	1
Ugugge	1
Ugoshe	1
Ugog	1
Ugidiyon	1
Ughãwã	1
Ughwea	1
Ugbɛtɛ	1
Ugbɛta	1
Ugbɛre	1
Ugbor	1
Ugbiu	1
Ugbishuwe	1
Ugbishuwa	1
Ugbiite	1
Ugbagbaa	1
Ugaza	1
Ugaunga	1
Ugarhuwe	1
Ugamtsakmbi	1
Ugamtsak	1
Ugadara	1
Ugad	1
Ugabbata	1
Ufɛ̃	1
Ufũwã	1
Ufĩrhã	1
Ufum	1
Ufukuwa	1
Ufuka	1
Ufufɔrh	1
Ufuden	1
Ufokiyu	1
Ufirm	1
Ufirhorhogu	1
Ufirhigona	1
Ufirhetu	1
Ufirhadefi	1
Ufiretoriyum	1
Ufirb	1
Ufinnai	1
Ufibi	1
Ufartunata	1
Ufarsi	1
Ufanuyirha	1
Ufaimbɔ	1
Ufaikpi	1
Ufaijerhu	1
Uezr	1
Uest	1
Uerhisha	1
Uerhama	1
Udɔɔr	1
Udɔng	1
Udĩkpi	1
Udɔki	1
Udzum	1
Udziirte	1
Udzekɔ	1
Udzeku	1
Udurusirha	1
Udiyonisiyu	1
Udarhmatiya	1
Udarhmanuta	1
Udaniyerh	1
Udani	1
Udan	1
Udamari	1
Udakngo	1
Ucipuwa	1
Ucipa	1
Ubɔre	1
Ubɔr	1
Ubãĩ	1
Ubãã	1
Ubvurmum	1
Ubvurhi	1
Ubvun	1
Ubuwarnaji	1
Uburokora	1
Uborhe	1
Ubokngo	1
Ubinmum	1
Ubinghanga	1
Ubinghamum	1
Ubeyor	1
Uberu	1
Uberikiya	1
Ubema	1
Ubartimawu	1
Ubarmina	1
Ubarhak	1
Ubarak	1
Ubar	1
Uazotu	1
Uay	1
Uaugustu	1
Uasinkiritu	1
Uartima	1
Uarmagedon	1
Uarkirhayu	1
Uaristoburhu	1
Uareta	1
Uarasta	1
Uarasa	1
Uantifatiri	1
Uantifa	1
Uandaraniku	1
Uamfiliyatu	1
Uamfiborhi	1
Uakarhdama	1
Uainon	1
Uaikaku	1
Uaforhiyon	1
Uafodiya	1
Uafiya	1
Uafirhoniya	1
Uafi	1
Uaffiyu	1
Uafarhi	1
Uabirhene	1
Uabikuriya	1
Uabija	1
Uabiata	1
Uabainita	1
UZĨ	1
UZiffora	1
UYɛrhe	1
UYI	1
UWU	1
UTEIJEE	1
UPFUNGA	1
UNUMWI	1
UNER	1
UNAZARAT	1
UMBƆ	1
UKohat	1
UIssacher	1
UEleasar	1
UDan	1
UBABIRHA	1
Two	1
Translators	1
Town	1
Title	1
Thankfulness	1
Teijee	1
Tarhita	1
TIT	1
TIF	1
TDX	1
Suffering	1
Storm	1
Stem	1
Solomon	1
Skins	1
Six	1
Sin	1
Simon	1
Seven	1
Scroll	1
Scriptures	1
Scales	1
Samaritan	1
Salvation	1
Sacrifices	1
SNG	1
Rimoo	1
Respect	1
Repentance	1
Renee	1
Rasu	1
RUT	1
RU	1
ROM	1
REV	1
Qualifications	1
Providence	1
Prodigal	1
Prison	1
Prayer	1
Pharisee	1
Person	1
Persecution	1
Page	1
PSA	1
PRO	1
PHP	1
PHM	1
Overcoming	1
Our	1
Obedience	1
OBA	1
O	1
Nying	1
Nya	1
Nigeria	1
Nggɛɛ	1
Nggayɔ	1
Nggakɛ	1
Nggakpi	1
Nergwar	1
Nassarawa	1
NUM	1
NT	1
NGGAA	1
NEH	1
NAM	1
N	1
Mustard	1
Millstone	1
Metal	1
Men	1
Masar	1
Many	1
Maa	1
MRK	1
MIC	1
MAT	1
MAL	1
Lowering	1
Love	1
Lost	1
Local	1
Light	1
Leader	1
Lazarus	1
Lawsuits	1
Lamp	1
LUK	1
LEV	1
LB	1
LAM	1
Knowrhes	1
Kishookamɛn	1
Kishookambi	1
Ki	1
Kata	1
Kaduna	1
KISHOO	1
Justification	1
Judgment	1
Jewish	1
Jaba	1
JUD	1
JOS	1
JON	1
JOL	1
JOB	1
JER	1
JDG	1
JAS	1
Izɛɛ	1
Izungayɛ	1
Izizĩ	1
Izipunga	1
Izharuwe	1
Izengge	1
Izenga	1
Izemɛn	1
Iyɛruwe	1
Iyɛrhu	1
Iyɛrhamum	1
Iyora	1
Iyiyituwe	1
Iyiyikembi	1
Iyike	1
Iyi	1
Iyepa	1
Iyee	1
Iyanga	1
Iyamum	1
Iwɛrhamɛn	1
Iwiwosha	1
Iwha	1
Iwayiwe	1
Ivivaar	1
Ivangmum	1
Itɛ̃wã	1
Itɛ̃rhĩ	1
Itsũwãmum	1
Itsɛnge	1
Itsã	1
Itsuri	1
Itsokmum	1
Itsokke	1
Itsoka	1
Itsivi	1
Itsitsɛrhe	1
Itsitsĩm	1
Itsitsĩ	1
Itseu	1
Itserngo	1
Itsarhi	1
Itosa	1
Itomi	1
Ititɛ̃rhã	1
Ititoma	1
Ititiri	1
Itarwɛɛ	1
Itapa	1
Isɛng	1
Isɔkka	1
Isung	1
Isoyamɛn	1
Isisɛng	1
Isiseimbɔ	1
Isisar	1
Ishishɔ̃rhũ	1
Ishishɔ̃rhã	1
Ishimum	1
Isheru	1
Ishaikɛ	1
Isarheyɛ	1
Isarhanga	1
Isarhamɛn	1
Isarhamum	1
Isarairha	1
Isaka	1
Irhɛɛ	1
Irhɛrhi	1
Irhɛmbɔ	1
Irhãrhãnga	1
Irhãrhã	1
Irhuwa	1
Irhusu	1
Irhusa	1
Irhirhɛm	1
Irhirhusa	1
Irhirhikanga	1
Irhang	1
Inyãwã	1
Inyãmum	1
Inyinyapuwe	1
Inyinyapu	1
Inying	1
Inu	1
Ininang	1
Ingwɛ̃	1
Ingwĩ	1
Iner	1
Indɛ̃ɛ̃	1
Inc	1
In	1
Imɛ̃ɛ̃	1
Imɛr	1
Imɛngge	1
Imɛknga	1
Imãrhã	1
Immanuwerh	1
Imimutamum	1
Imimaa	1
Imesamum	1
Imesambɔ	1
Imerh	1
Imanu	1
Imangmangmɛn	1
Ikɛrɛ	1
Ikɛnngge	1
Ikpĩĩ	1
Ikpɔm	1
Ikponu	1
Ikpona	1
Ikpikpɛ̃ɛ̃mbɔ	1
Ikpeto	1
Ikpere	1
Ikpembi	1
Ikpe	1
Ikonrha	1
Ikon	1
Ikommbɔ	1
Ikitatambɔ	1
Ikirikɛ	1
Ikikorhambɔ	1
Ikikerhuwe	1
Ikerhuwe	1
Iker	1
Ike	1
Ijeeyɛ	1
Ihwihwɛngnga	1
Ihwihwɛnga	1
Igɔ̃kpee	1
Igɔpa	1
Igɔnga	1
Igwarke	1
Igigũ	1
Ighɔrhungge	1
Ighɛrha	1
Ighongamɛn	1
Ighighong	1
Igbɛra	1
Igbɛr	1
Igbisha	1
Igbiite	1
Igbigbashu	1
Igber	1
Igau	1
Ifɛrhu	1
Ifɛrhkɔmbɔ	1
Ifɛrha	1
Ifɛre	1
Ifur	1
Ifosamɛn	1
Ififĩrhãmbi	1
Ififĩrhã	1
Ififũ	1
Ififosamum	1
Iffata	1
Ifetem	1
Ifakpemum	1
Ifakpe	1
Ifai	1
Idɛ̃ɛ̃	1
Idɛyiwe	1
Idũwã	1
Idɔsu	1
Idɔsi	1
Idɔsa	1
Idɔngamɛn	1
Idɔi	1
Idzursungo	1
Idzowukũ	1
Idzipa	1
Idzidzɛrhangge	1
Idzidzurngge	1
Idzidzur	1
Idzidzipu	1
Idzidzipa	1
Idzidzeka	1
Idzeu	1
Idzeka	1
Idze	1
Idol	1
Idikisong	1
Idikinga	1
Ididɛyiwe	1
Ididãrhã	1
Iderkpɔ	1
Ider	1
Idene	1
Idekayɛ	1
Ide	1
Idamɛn	1
Iciu	1
Ibɛm	1
Ibraniyã	1
Ibibɛkyɛ	1
Ibibɛkmɛn	1
Ibibemamum	1
Ibibeeango	1
Ibibeanga	1
Ibemuwe	1
Ibemu	1
IWE	1
ISHĨ	1
ISA	1
IKI	1
IHWƐNGMBƆ	1
IBS	1
Hɛ	1
Hyssop	1
Humility	1
How	1
Here	1
Helping	1
Heaven	1
Healing	1
HOS	1
HK	1
HEB	1
HAG	1
HAB	1
Grape	1
Good	1
Gbagba	1
GLO	1
GAL	1
Fruit	1
Fox	1
Forgiveness	1
Fishermen	1
Fish	1
Fellowship	1
Fasting	1
Farid	1
Family	1
Faadil	1
FRT	1
Examples	1
Ethiopian	1
Ethiopan	1
Empty	1
EZR	1
EZK	1
EXO	1
EST	1
EPH	1
ECC	1
E	1
Drunkenness	1
Dragon	1
Dr	1
Divorce	1
Different	1
Denarius	1
Demetrius	1
Death	1
Dauda	1
DEU	1
DAN	1
Cyrene	1
Crown	1
Creation	1
Cows	1
Covenant	1
Coin	1
Cleansing	1
Christians	1
Characteristics	1
COL	1
Branch	1
Big	1
Baptism	1
BW	1
BK	1
BA	1
Azĩmbɔ	1
Azookɛ	1
Azhe	1
Azang	1
Ayɛɛia	1
Ayɛɛi	1
Ayottu	1
Ayor	1
Ayoka	1
Ayisu	1
Ayii	1
Ayetnummɛn	1
Ayerhe	1
Ayanga	1
Awɛrhɛ	1
Awɛrhi	1
Awɛrhamɛn	1
Awɛrhamum	1
Awɔmbɔ	1
Awɛkacimbɔ	1
Awura	1
Awea	1
Avɛu	1
Aviru	1
Aviri	1
Avira	1
Avarhi	1
Atɔ̃ɔ̃	1
Atɛ̃wã	1
Atɛ̃rhĩ	1
Atɔ̃itser	1
Atɔk	1
Atsĩã	1
Atsũwe	1
Atsĩrhã	1
Atsɛrhi	1
Atsɛngmbɔ	1
Atsĩndĩ	1
Atsɛ	1
Atsã	1
Atsorha	1
Atsok	1
Atsire	1
Atsimuwe	1
Atseu	1
Atseikɛ	1
Atsak	1
Atorho	1
Atorhnga	1
Atorhmum	1
Atorhmbɔ	1
Atorhanga	1
Atirha	1
Atesmɛn	1
Ateimbi	1
Atei	1
Atarh	1
Atar	1
Ataar	1
Asĩngge	1
Asusu	1
Asunga	1
Asum	1
Asu	1
Asoyikumbɔ	1
Asoku	1
Ashɔyi	1
Ashupa	1
Ashike	1
Asher	1
Ashau	1
Asare	1
Ark	1
Arhɛmmbɔ	1
Arhimmɛn	1
Arhimkɛ	1
Arhiku	1
Arherhanga	1
Arherhamum	1
Arherhambɔ	1
Arhenu	1
Arhena	1
Anɛta	1
Anyangu	1
Anurhɛu	1
Anum	1
Anukutata	1
Ankung	1
Angwɛ̃rhã	1
Angwɛ̃mbɔ	1
Angwĩmbɔ	1
Anggbaashimbɔ	1
Anggamtsak	1
Angel	1
Anerabɛ	1
Aneka	1
Andaipfuna	1
Anankɛ	1
Anakagbĩrhĩ	1
Anadzɛm	1
Anaa	1
Amesuwe	1
Ambow	1
Amaambɔ	1
Alphabetically	1
Akɔɔ	1
Akɛna	1
Akwɛɛte	1
Akwiu	1
Akpĩrhã	1
Akorhuke	1
Akorhi	1
Akhukhɔɔ	1
Aker	1
Akatsa	1
Akagbe	1
Ahwɛnga	1
Ahwɛng	1
Ahwa	1
Agũmbɔ	1
Agũibɛn	1
Agãrhũ	1
Agãrhãnga	1
Agãrhãbɛ	1
Agoyiwe	1
Aghwi	1
Agbĩrhũ	1
Agbɛre	1
Agbɛr	1
Agbopu	1
Agbishuwe	1
Agbeyambi	1
Agbeyakɛ	1
Agbange	1
Agbang	1
Agbaa	1
Agasha	1
Afɛ̃ɛ̃	1
Afɛyiwe	1
Afɛrkumbɔ	1
Afɔrhuka	1
Afɔrhe	1
Afɔrh	1
Afasa	1
Afafã	1
Adɛ̃ɛ̃mbɔ	1
Adɛyiwe	1
Adɛyikumbɔ	1
Adɔsu	1
Adɔsa	1
Adãrhã	1
Adzɛu	1
Adzuma	1
Adzukuwa	1
Adzudzɛu	1
Adzudzimbɔ	1
Adzirhmbi	1
Adzeku	1
Adzeka	1
Adzek	1
Adzeidzeu	1
Adzak	1
Adzaanga	1
Adzaambɔ	1
Adultery	1
Adiramitiyum	1
Adeyiwe	1
Adarh	1
Adaknga	1
Adakmbɔ	1
Acucang	1
Acipuwe	1
Acang	1
Abɔruka	1
Abĩkɛ	1
Abã	1
Abvurnga	1
Aborodi	1
Abom	1
Aboka	1
Abinmbi	1
Abingha	1
Abimma	1
Abii	1
Abera	1
Abaddo	1
Abadaknga	1
AYƐRHE	1
ATEIJEE	1
ASI	1
ANGGOYI	1
AMO	1
AKATSƐRH	1
AKA	1
ABIN	1
