na	5833
eme	4167
a	3667
we	3666
á	3585
ni	3274
sa	2652
ambe	2357
Afaŋ	2215
Odyɔŋ	2143
onyi	2126
ne	2005
sá	1930
no	1821
mbe	1810
ba	1749
zɛ	1680
be	1672
vɛɛ	1589
ema	1495
o	1470
se	1467
e	1279
je	1269
ede	1201
emi	1163
enje	1150
ovɛ	1060
Á	1056
en	1053
mi	1050
A	981
ma	979
kpaa	973
anet	944
oŋke	910
go	906
Se	892
ko	877
mu	862
eŋke	837
oYesu	827
emada	796
aŋa	780
ejut	776
emu	761
shaŋ	756
ya	737
embe	712
ese	707
Ema	704
eni	699
tɛke	647
awa	639
empaa	634
so	628
O	627
wáa	594
embi	592
waa	568
nyi	564
si	561
OYesu	561
asu	552
vii	537
nɔ	516
zek	506
anje	495
mbi	493
Emi	490
gan	486
énje	483
nɛ	478
kete	448
emɛ	437
xsa	433
eŋge	432
bete	431
avɛ	428
ka	422
Otiga	422
Onyi	418
dyɔɔ	417
cii	415
vɛ	407
amu	405
egya	401
anyi	389
gyɛp	388
elɛm	378
sese	375
set	373
yɛn	371
fu	360
onet	355
saa	341
sho	340
elee	340
ká	325
Emu	325
afaŋ	323
é	318
enshɛ	313
eji	313
náa	312
eŋu	308
xsá	307
tɛka	307
Ovɛ	307
ekpaa	304
elɔ	303
aga	302
son	300
naa	298
bwoma	293
f	291
enyi	290
Ambe	282
eti	281
ekpɛi	279
owɛ	270
dee	266
aziŋ	266
lee	263
eshaŋ	260
Eme	254
nyina	250
dama	247
mbɔnɔ	246
sáa	242
amɛk	242
aYawuda	241
akpo	238
tɛɛ	237
sé	237
aŋɛt	232
eŋga	231
ensok	230
egbam	228
Embe	228
ŋai	225
maa	222
oŋɔ	220
eze	219
disi	219
ada	218
amɛ	216
ciya	212
xt	208
sen	208
ambɔ	207
ekatarai	205
adam	205
jut	202
ondo	201
Embi	200
saka	198
ŋɔnɔ	197
abɔk	196
suŋ	193
egyɛi	193
gema	191
amma	191
abe	191
ŋɛ	190
oMat	188
oLuk	187
awɛ	187
kpam	182
kpɛ	180
edyɔŋ	178
Owɛ	175
emenyaa	173
ekota	173
gya	172
xso	171
zhat	169
yuca	168
etaŋa	168
ja	167
tɔk	166
onum	166
etɛ	166
ebebe	166
ŋanu	165
oMar	163
mvei	163
gba	163
ween	162
eset	159
nɛki	158
elimba	156
Efɔdu	156
kpase	155
aji	154
abi	154
oYowana	153
akpɛi	153
kpo	150
Urshelima	150
enyinase	148
ava	148
ft	146
fr	146
oBulus	145
egap	144
Onet	144
the	143
ná	143
fwa	143
Ada	143
woo	142
Emada	140
enɔ	136
enYesu	135
ke	134
oŋɛ	133
cu	133
okpɛi	132
eŋmkpem	132
nanci	131
endɔkɔ	129
Eni	129
esuŋ	125
oBitrus	124
egba	123
Onum	123
ovɛɛ	122
oKiristi	122
gyeta	122
obɔk	121
aze	120
ele	119
yik	118
xná	118
ontɔ	118
she	117
okop	117
nɛke	117
sáka	116
ogot	116
eke	116
kante	115
wee	114
oŋmkpede	113
enMusa	113
adoo	113
yuwase	112
nike	112
edɔɔ	111
ato	111
Eŋu	109
zowa	107
okpe	107
Anet	107
soko	106
elaŋ	105
soo	104
amvei	104
Evut	104
Anyi	103
xsen	101
xno	101
waca	100
njɔnɔ	99
zhuru	98
ti	98
otep	98
nee	98
ebwoma	98
tat	97
eshaki	97
amɛkɔ	97
oŋkei	96
evɛ	96
enyina	96
ecoro	96
anjei	96
pɛci	95
Enshɛ	95
ego	94
OBitrus	94
oto	93
misha	93
elɛɛ	93
aŋgɔm	93
Ne	93
zhaŋ	92
egogo	92
dak	92
ovɛi	90
énum	90
ewa	90
cuse	90
anetɔ	90
eŋmkpe	89
abunda	89
ovet	88
endeke	88
ekatara	88
nyinase	87
efɔdu	87
Oŋke	87
oje	86
fo	85
efwa	85
Eserela	85
obaptisma	84
naŋ	84
see	83
oncu	83
kpasa	83
ancai	83
aFarisi	83
odeɛ	82
corose	82
Adaa	82
oŋɛɛ	81
otepɔ	81
fig	81
avo	81
alum	81
tɛpi	80
onetɔ	80
den	80
ataŋ	80
alato	80
ogara	79
éjut	79
eŋai	79
amfibi	79
Amɛk	78
Afaŋɔ	78
ogbose	77
oGalili	77
enzasi	77
ekpam	77
wot	76
oze	75
ensheɛ	74
adyɔŋ	74
ŋun	73
pɛt	73
mat	73
wese	71
eŋgɔkɔ	71
amɛɛ	71
ocɛ	70
ékop	70
Ko	70
osu	69
ecim	69
kɔ	68
jara	68
embut	68
aŋaa	68
awaa	68
ofɔdu	67
emasha	67
amɔi	67
alɔ	67
OBulus	67
ebwat	66
acɛ	66
ze	64
vica	64
enshe	64
afɔi	64
olɔŋ	63
ofɔi	63
egat	63
Oŋɛ	63
Kete	63
Ebilayim	63
wée	62
omvu	62
goisi	62
eko	62
egema	62
coro	62
avam	61
otɔnva	60
oYow	60
gbɛp	58
cucu	58
yuwa	57
tɛ	57
oŋko	57
edɔŋ	57
edet	57
to	56
Ewusha	56
yucase	55
oŋɔɔ	55
evup	55
agaje	55
seen	54
omfɛt	54
eŋmgba	54
eya	54
eshee	54
Amvei	54
Ambɔ	54
oŋmgboro	53
odyɔŋ	53
ode	53
mii	53
kanta	53
evwam	53
efam	53
agara	53
xse	52
taci	52
rɛ	52
kpa	52
gbena	52
edɛ	52
bɔt	52
anjɔ	52
zeŋa	51
mwɛ	51
Bete	51
oYakubu	50
evut	50
encɛŋ	50
aya	50
adok	50
naase	49
Nɛke	49
tete	48
ro	48
okap	48
kposha	48
eson	48
ekata	48
Na	48
seke	47
onete	47
kanasi	47
jiya	47
eka	47
cusi	47
yet	46
owɛɛ	46
ocɛɛ	46
enai	46
ecɔkɔbi	46
anderigo	46
Oŋkei	46
E	46
varu	45
pyet	45
olin	45
oji	45
oMusa	45
k	45
ewaa	45
eta	45
esi	45
edam	45
bashi	45
asak	45
yɛmɛ	44
yucasa	44
you	44
oŋga	44
odoo	44
masha	44
enyaa	44
encei	44
efan	44
avaa	44
Click	44
vɛse	43
oSimon	43
noo	43
koro	43
gap	43
étep	43
bit	43
avɛi	43
Emadaa	43
oMaryamu	42
mukpa	42
efu	42
atete	42
vute	41
sée	41
of	41
embɔkɔ	41
dente	41
abebe	41
Okpe	41
Esuu	41
otɔnvaa	40
okapɔ	40
lɛm	40
kata	40
eyɔkɔ	40
egyɛp	40
eferem	40
afɔdu	40
Okai	40
Eŋke	40
yike	39
otiga	39
ocuk	39
eŋgeke	39
ezam	39
ewe	39
ansho	39
alaŋ	39
zeke	38
sana	38
san	38
pwoo	38
oborodi	38
oRoma	38
kpusu	38
edak	38
eba	38
bat	38
anete	38
akyɔɔ	38
agyidi	38
obatɔ	37
oYawudiya	37
gat	37
fampi	37
éko	37
ekpo	37
egbɛp	37
daki	37
atat	37
anna	37
amfɛt	37
adubu	37
acece	37
Owɛɛ	37
Adyɔŋ	37
zɛna	36
wo	36
vɔm	36
tɔ	36
oŋmkpɔrɔ	36
oBilatus	36
ken	36
émɛ	36
élimba	36
ezhet	36
elɛ	36
Oŋɛɛ	36
xna	35
pɛisi	35
oYiridus	35
fuse	35
émei	35
etaŋ	35
eje	35
col	35
awɛci	35
aka	35
abeɛ	35
Maa	35
oNazare	34
nen	34
éndo	34
etat	34
ekaa	34
edyɔŋɔ	34
dɔt	34
and	34
ambɔɔ	34
tɛp	33
oŋkan	33
gbishi	33
asusa	33
Ezhet	33
ŋkɔnɔ	32
will	32
tai	32
saŋ	32
oŋge	32
onuk	32
oYawuda	32
laŋ	32
kuri	32
in	32
fusha	32
éti	32
eŋmkpɛt	32
eva	32
enshɛɛ	32
enjɔ	32
eci	32
bɛɛ	32
bwomase	32
amfuru	32
Oto	32
Nyankpa	32
Enɔkɔ	32
Awa	32
Almasiwu	32
Aaye	32
ŋɔrɔ	31
tet	31
taŋ	31
séke	31
mwɛt	31
jin	31
enDoda	31
ebirija	31
acɔkɔbi	31
Oo	31
Egya	31
xsé	30
oshet	30
ogbak	30
etiɛ	30
enjei	30
emmi	30
bo	30
anjun	30
OYowana	30
Eliya	30
zeki	29
tam	29
oŋmkpedeɛ	29
gyɛsa	29
enɛbi	29
ekuri	29
Ewɛ	29
ona	28
ocɛŋa	28
obebe	28
mɛŋa	28
kanci	28
goi	28
eshe	28
emwɛna	28
awɛrɛfu	28
Tɛpi	28
Ofɔdu	28
Esh	28
Elɛ	28
tɛpe	27
oŋkɔ	27
ozinariya	27
osima	27
on	27
ojirgi	27
obunda	27
oBarnabas	27
ké	27
gyetase	27
édɔi	27
etet	27
enak	27
egara	27
efa	27
eca	27
aŋmgbɛ	27
Énum	27
tora	26
oye	26
owɛŋa	26
ovat	26
oZab	26
oMasar	26
oKeisar	26
nɛka	26
li	26
dɔŋ	26
alumɔ	26
acei	26
Osu	26
OBilatus	26
Egyakpa	26
Abe	26
ŋara	25
vuta	25
shaŋke	25
seken	25
mɛkpa	25
kpiwu	25
évɛ	25
éva	25
enna	25
embɔɔ	25
emat	25
ekpɛm	25
egɛdɛ	25
Yaa	25
Empaa	25
Edɔiɔ	25
Anetɔ	25
ŋuwa	24
onyii	24
onderigo	24
oncura	24
oFilibus	24
neen	24
gyetasa	24
ezhii	24
ezhaŋ	24
egyeta	24
ebashi	24
doi	24
Onetɔ	24
Antakiya	24
tap	23
osi	23
osak	23
omfɛte	23
oloŋ	23
oci	23
lukpa	23
la	23
kan	23
gbikpase	23
fusa	23
éncu	23
eŋmkpee	23
enaa	23
emɛŋa	23
ecara	23
antoi	23
aYawudawa	23
Onete	23
Eshaya	23
Endɔkɔ	23
Edyɔŋ	23
Avɛ	23
Afisa	23
ŋuna	22
zeŋasi	22
xsáa	22
ovwo	22
ontashe	22
okai	22
ogat	22
ofa	22
oDoda	22
nara	22
mwɛse	22
kaŋ	22
fɔt	22
faise	22
fai	22
éta	22
eyɔ	22
emvaa	22
egan	22
daa	22
OMaryamu	22
Ekota	22
Egat	22
wake	21
sena	21
ojirgiɛ	21
ogaje	21
obwat	21
oTimoti	21
oMarkus	21
mwɛna	21
is	21
fv	21
fam	21
éfɔdu	21
ezek	21
evudu	21
enBulus	21
empa	21
edɛt	21
ebwɛ	21
ebin	21
bwɛ	21
bwop	21
aŋɛtɔ	21
aŋmkpede	21
aŋmgbum	21
ameleka	21
aloŋ	21
ŋunasi	20
zhoma	20
yaa	20
wesa	20
waka	20
wak	20
vut	20
tif	20
that	20
otak	20
oSila	20
oShetan	20
oKaiseriya	20
kpe	20
konase	20
gonasi	20
ewɛ	20
ekpɛ	20
data	20
atɔmbɔ	20
ati	20
ana	20
Oze	20
zit	19
yɛnci	19
yika	19
sonte	19
shakisi	19
sat	19
oŋkom	19
oshe	19
obɛ	19
naasi	19
list	19
fwɛke	19
eŋgɔ	19
ewot	19
evɛp	19
esho	19
endɔ	19
elam	19
ekai	19
ebwɛɛ	19
dɔɔ	19
alimba	19
adooɔ	19
Ondo	19
Omfɛt	19
Etusu	19
Ekpɛi	19
ŋanusi	18
ŋani	18
oŋgya	18
otat	18
onumɔ	18
ompɛi	18
okom	18
oka	18
ogap	18
kaa	18
fɛkpa	18
énumɔ	18
énjɔ	18
eyuca	18
eyik	18
epyet	18
enɛki	18
entatɔ	18
ensak	18
daru	18
cɛka	18
c	18
awɛŋa	18
asuɔ	18
anunu	18
amfibiɛ	18
adamɔ	18
Ezek	18
Estifanus	18
Elɛɛ	18
zoro	17
word	17
oŋgoi	17
ongya	17
oliga	17
olate	17
oShawulu	17
oSamariya	17
lb	17
jpg	17
gbak	17
eŋmkpede	17
eŋgo	17
enuma	17
emva	17
ekpa	17
efup	17
dɛ	17
cusa	17
bisi	17
atak	17
ambei	17
agaa	17
afɛ	17
abirija	17
OShawulu	17
Eshaki	17
Akpo	17
Acɛ	17
zuŋ	16
zhii	16
your	16
window	16
waraŋ	16
suŋke	16
shaki	16
pwo	16
oKafarnawum	16
née	16
jima	16
gbɛt	16
fushase	16
funasi	16
eŋkei	16
égap	16
etɛɛ	16
epwo	16
entok	16
enYowana	16
eleeɛ	16
ekpase	16
ekana	16
edaki	16
dosi	16
bɛta	16
apɛ	16
annaa	16
abakpe	16
aSaduki	16
Ya	16
Ocɛɛ	16
Eshaŋ	16
Eshaku	16
Bass	16
Asiya	16
Afaŋe	16
Adok	16
AYawuda	16
teta	15
simasi	15
owatimi	15
open	15
onyiɛ	15
ogaraa	15
ogaga	15
oJodan	15
oDimasku	15
oBetani	15
le	15
kota	15
édɔiɔ	15
ezhetɔ	15
enɛbiɛ	15
ende	15
ekɔ	15
ekona	15
egyaa	15
edɔi	15
edee	15
do	15
bebe	15
base	15
aŋga	15
avɛɛ	15
anloŋ	15
akpɛiɔ	15
abondom	15
Ojɛ	15
Ocɛ	15
Louise	15
Éko	15
Anete	15
with	14
sána	14
owɛci	14
omvwo	14
ompa	14
omfɛtɔ	14
okpɛiɔ	14
ogboro	14
ocɛrɛfu	14
ocoro	14
oLazaru	14
new	14
loŋ	14
gɔm	14
gyomasi	14
gose	14
gbase	14
faisa	14
ezɛ	14
eyɛn	14
etaa	14
enya	14
eleɛ	14
ejiɛ	14
egbɛpɔ	14
efwot	14
ecu	14
dok	14
denta	14
dampe	14
basa	14
azurfa	14
awai	14
are	14
akap	14
acɛrɛfu	14
abem	14
OYiridus	14
OYawuda	14
No	14
If	14
Ego	14
Adida	14
ŋama	13
tape	13
oŋkɔɔ	13
or	13
oncuɔ	13
onacɛɛ	13
ogoŋgo	13
ogboŋ	13
ogbo	13
odɛri	13
obat	13
oMatiyu	13
nyinasa	13
numa	13
kpiri	13
fwote	13
eŋun	13
état	13
etɔk	13
etai	13
entat	13
enni	13
enYakubu	13
emɔi	13
emwɛ	13
embɔ	13
ejin	13
efɔk	13
efusha	13
doke	13
atara	13
anzari	13
antɔ	13
anjunɔ	13
adɛri	13
acut	13
Onyii	13
Omfɛte	13
OShetan	13
Etaŋ	13
Andirawus	13
Ananiya	13
zeka	12
wukpa	12
words	12
vɛp	12
tiri	12
sima	12
owaraŋ	12
omei	12
ogbakɔ	12
obɔ	12
oborodiɛ	12
oTaya	12
oSuriya	12
oMakidoniya	12
oMagadala	12
né	12
nakaa	12
mipi	12
kpiki	12
kpata	12
it	12
gyakpase	12
eŋuwa	12
eŋkɔ	12
eŋkaŋ	12
égo	12
égema	12
ena	12
ejuŋ	12
eciya	12
ebebeɛ	12
ebaŋ	12
desa	12
cimi	12
cim	12
bɛya	12
bewu	12
azɛ	12
avɛp	12
atalanti	12
at	12
ansɔi	12
anse	12
anjɔɔ	12
amɛke	12
afa	12
Onumɔ	12
Obun	12
OFilibus	12
Kpaa	12
Eyuca	12
Eti	12
Enyina	12
Aŋa	12
Alisebetu	12
Agaribas	12
AFarisi	12
zaŋ	11
yasha	11
want	11
ovɛp	11
osɔp	11
ontap	11
onacɛ	11
omu	11
obirija	11
obe	11
oZetun	11
oLawi	11
oFestus	11
oBaptisma	11
oBabila	11
nyakpase	11
mɛisi	11
kom	11
juke	11
ézɛt	11
etara	11
ensuŋ	11
enBitrus	11
emukpa	11
emaa	11
ekpiri	11
egbere	11
efuna	11
efai	11
edo	11
cɛ	11
computer	11
book	11
aŋkom	11
anderigoɔ	11
amfuŋ	11
agbose	11
abii	11
This	11
Oshe	11
Onderigo	11
ODoda	11
Ensok	11
Eka	11
Ansho	11
Amɛkɔ	11
Amɔi	11
Amɛ	11
Aga	11
xne	10
wiisi	10
wene	10
vwep	10
verse	10
this	10
teŋasi	10
oŋmkpɔk	10
oŋmgbodo	10
oŋkoɔ	10
otɔndat	10
osoi	10
ontom	10
onna	10
oncum	10
omfet	10
omasha	10
ofut	10
odɛ	10
ocece	10
obam	10
oYunusa	10
oYafa	10
oTomas	10
oSidon	10
oMarta	10
oKirit	10
oBarabas	10
káa	10
guku	10
eŋuɔ	10
eŋgyishi	10
ébwɛ	10
ébin	10
ewɛrɛfu	10
evwei	10
esese	10
enziŋ	10
enzhaki	10
enaŋ	10
emadaa	10
elamɔ	10
egyishi	10
egapɔ	10
efɔi	10
edei	10
eda	10
ecece	10
cucuse	10
corosa	10
click	10
cisha	10
bɛtase	10
aŋmgboro	10
ayaka	10
atiga	10
anzhago	10
antom	10
ansɔŋ	10
amɔiɔ	10
amambwo	10
alu	10
alaŋɔ	10
ajiɛ	10
agbei	10
adida	10
abwɛ	10
Zowa	10
The	10
Ogaje	10
OSimon	10
OK	10
Ebwoma	10
Aya	10
Awɛ	10
ŋasu	9
ŋaise	9
yucasi	9
vimi	9
translation	9
teci	9
sɔmpe	9
sute	9
sut	9
shaŋki	9
shari	9
project	9
ozho	9
ovetɔ	9
otara	9
ondoɔ	9
ojɛ	9
ogotɔ	9
ofɛ	9
odyɔŋɔ	9
odop	9
odam	9
ocukɔ	9
obara	9
oZakariya	9
oFelis	9
náka	9
koo	9
keen	9
kee	9
has	9
gɔ	9
gbashase	9
gbasa	9
fwɛka	9
for	9
farasi	9
ezhisa	9
ewusha	9
evɔm	9
evun	9
evaru	9
evaa	9
etore	9
etc	9
epɛ	9
enjɔɔ	9
enara	9
emip	9
embutɔ	9
ejara	9
ecuŋa	9
eYawuda	9
dɔŋke	9
dyɔ	9
dam	9
buci	9
bom	9
aŋmkpa	9
antɔŋ	9
ama	9
adaa	9
abɔ	9
aYawudaa	9
aSamariya	9
Owɛŋa	9
OMusa	9
Eŋge	9
Esuŋ	9
Elena	9
Ejut	9
Egbam	9
Afɔdu	9
ŋɛma	8
xsaa	8
wé	8
vun	8
tusu	8
teŋa	8
tate	8
pici	8
onta	8
one	8
okpiki	8
ogomnaa	8
ogaŋ	8
ocɛi	8
obɛŋa	8
obɔkɔ	8
obwaat	8
obom	8
obeɛ	8
oSɔdɔm	8
oLuka	8
oKuburus	8
oKayafa	8
oBetalami	8
nak	8
mɛ	8
mwɛsi	8
lɛya	8
jui	8
have	8
gbikpa	8
gapi	8
fuk	8
fqa	8
eŋmgbeŋ	8
eŋkpee	8
ezɛt	8
ezuŋ	8
eyona	8
ewak	8
ewaca	8
etɔ	8
epɛt	8
epɛi	8
epwoo	8
enɔkɔ	8
ennaa	8
enjaru	8
enciɛ	8
elim	8
ekanaa	8
ekan	8
ejɛp	8
ejutɔ	8
egɛdɛɛ	8
egyakpa	8
egbikpa	8
ebwa	8
dɛki	8
correct	8
but	8
box	8
books	8
bika	8
bawusi	8
b	8
aŋɔrɔk	8
avara	8
avai	8
akataru	8
afaŋɔ	8
adɛ	8
You	8
Otep	8
Otak	8
Onɔi	8
Ontap	8
Omvu	8
Okap	8
Ogbak	8
Odoo	8
OBarnabas	8
Élimba	8
É	8
Etaŋa	8
Eset	8
Egba	8
Efɔduɔ	8
Edɔŋ	8
Ataŋ	8
Adam	8
ŋuwasi	7
zhuruse	7
xsoo	7
xnáa	7
woro	7
waki	7
vɛsa	7
vɔ	7
vwei	7
vukpa	7
top	7
terms	7
tak	7
spelled	7
sarip	7
pyɛcisi	7
pyeci	7
oŋmgbum	7
oŋkee	7
oŋan	7
otɛ	7
osuɔ	7
osha	7
onziŋ	7
onse	7
onderigoɔ	7
olakumi	7
okyɔra	7
ojeɛ	7
ocut	7
ociɛ	7
oSolomon	7
oNataniyel	7
oListira	7
oKarniliyas	7
oBatsaida	7
naka	7
mwoci	7
laru	7
jɛt	7
how	7
goise	7
gbɛma	7
gbiru	7
gape	7
gante	7
fushasa	7
fq	7
faca	7
éwa	7
eŋmkpeŋ	7
élaŋ	7
ékyɔ	7
eyike	7
evɛse	7
etɛke	7
esara	7
enzhakiɛ	7
enkosheɛ	7
enkoshe	7
enaiɔ	7
enYawudiya	7
enKristi	7
emei	7
emashaa	7
ekɔrisa	7
ekpaŋ	7
egoɔ	7
egoi	7
efɛkpa	7
efɔduɔ	7
ecucu	7
ebɔt	7
ebat	7
dɔk	7
dop	7
cit	7
can	7
bwomasa	7
burum	7
bashise	7
aŋmgba	7
aŋko	7
aŋge	7
azɔp	7
ayɔŋa	7
asɔk	7
asui	7
anzariɛ	7
Ontɔ	7
Ogara	7
Odyɔŋɔ	7
Obunda	7
Nanci	7
Knowles	7
Horace	7
Ewe	7
Emenyaa	7
Elimba	7
Elenenci	7
Ekpaa	7
Ekoniya	7
Ekatarai	7
Eji	7
Efwa	7
Ee	7
Ecuruɔ	7
Aŋmkpɔrɔ	7
Amu	7
Amma	7
Amfɛt	7
Alfa	7
Akila	7
ŋɛɛ	6
ŋunu	6
zɛn	6
zampi	6
yum	6
wusha	6
what	6
wena	6
version	6
vap	6
u	6
tɔsi	6
torase	6
taŋasi	6
taŋase	6
tasa	6
spelling	6
sono	6
should	6
shokpa	6
shene	6
sene	6
s	6
oŋkum	6
ozɔp	6
owɛrɛfu	6
owadaya	6
otɔmbɔ	6
oncoco	6
onap	6
omvwoɔ	6
ombwɛrombwɛɛ	6
ombwon	6
olu	6
okopɔ	6
ogbei	6
odok	6
odinari	6
obaka	6
oZebedi	6
oYeriko	6
oTasalonika	6
oTaruwasa	6
oSirin	6
oNuwu	6
oKanana	6
oGayus	6
oBiriya	6
oBalzabul	6
name	6
mwɛsa	6
lin	6
lama	6
kasusi	6
kasu	6
jama	6
gona	6
gom	6
fwota	6
funa	6
évi	6
eŋui	6
énya	6
énna	6
eŋmkpeshe	6
ékpaa	6
ékoɔ	6
eŋgba	6
ébyɛ	6
ébat	6
eŋaraa	6
ezamɔ	6
eyuwa	6
etɛp	6
etete	6
etate	6
etaci	6
esat	6
entɔnvaa	6
enjep	6
eniɛ	6
endɔnɔ	6
encim	6
enap	6
enZebedi	6
enKeisar	6
emisha	6
eli	6
elaŋɔ	6
ekɔk	6
ekyɔ	6
ekpi	6
ekoro	6
ekeke	6
ekataraa	6
ekama	6
ejɛpe	6
ejinɔ	6
egbɛkpa	6
egbose	6
egbena	6
efuri	6
efunasi	6
edɛdɛ	6
ebyɛ	6
ebit	6
ebakpe	6
dampa	6
cuya	6
cucusa	6
chapter	6
bisha	6
baa	6
ayei	6
awaŋ	6
avu	6
ateŋa	6
antɛ	6
alɛ	6
aliga	6
akpa	6
akarfe	6
agaraa	6
acɛɛ	6
acoro	6
aci	6
abɛ	6
aborodiɛ	6
aborodi	6
abom	6
Type	6
Project	6
Oŋmkpede	6
Oŋkee	6
Onacɛɛ	6
Ombwɛrombwɛɛ	6
OMarta	6
OFestus	6
Émɛ	6
ÉAO	6
Etɛ	6
Eta	6
Eskariyoti	6
Eko	6
Edee	6
Ecorose	6
Cook	6
Bible	6
Atɛɛ	6
Atina	6
Atak	6
Artimas	6
ŋɔrɔse	5
yuru	5
wɛt	5
vuci	5
verses	5
ulu	5
tɔki	5
tool	5
toma	5
teŋ	5
text	5
team	5
taŋa	5
sonta	5
shakpa	5
seŋ	5
same	5
pyete	5
particular	5
oŋmgboŋ	5
oŋmgba	5
oŋkomɔ	5
oŋgaa	5
ozip	5
ozetun	5
ovuk	5
ovo	5
otura	5
other	5
osimaa	5
osakɔ	5
opwotɔ	5
opwot	5
onzhat	5
ondoi	5
omvwoi	5
omfuna	5
omastad	5
olitiri	5
oli	5
olaŋ	5
olato	5
okpik	5
okpa	5
ojɛɛ	5
oju	5
ogomna	5
ogodo	5
ogbaŋ	5
ofai	5
odubu	5
obwɛ	5
oYesuɔ	5
oTiyatira	5
oTitus	5
oTarsus	5
oSiyona	5
oKoronti	5
oKilikiya	5
oKana	5
oGomna	5
oFilimon	5
oDerbe	5
oBisidiya	5
nyinasi	5
nyakpa	5
number	5
nje	5
niɛ	5
next	5
nasa	5
lica	5
kɛtɛrɛ	5
jimasi	5
ji	5
into	5
gukusi	5
gbeshi	5
fira	5
fina	5
faa	5
évet	5
ésima	5
énume	5
éncɛŋ	5
énak	5
eŋmkpaa	5
eŋmgbe	5
émeiɔ	5
eŋkpem	5
éjin	5
édɔk	5
édɛi	5
eŋara	5
eŋa	5
ezeɛ	5
evupɔ	5
evica	5
eteŋa	5
etam	5
etak	5
eshene	5
eshat	5
enuiɔ	5
ensoke	5
engyishi	5
enaase	5
enYiridus	5
enShetan	5
emushɛ	5
elica	5
ejute	5
ejii	5
egyei	5
egbaŋ	5
efuɔ	5
edok	5
eden	5
ebyɛɛ	5
ebwop	5
drive	5
down	5
correctly	5
cishase	5
bɔta	5
by	5
aŋmkpɔk	5
aŋmkpeŋ	5
avuk	5
avoɔ	5
ashaki	5
ansɔiɔ	5
amuɔ	5
ale	5
akpoɔ	5
akat	5
ajin	5
agya	5
agot	5
abiɛ	5
Oŋkan	5
Osi	5
Osana	5
Onzh	5
Onacɛ	5
Ona	5
Omasha	5
Oi	5
Ogomnaa	5
Ofɔi	5
Ocut	5
OKarniliyas	5
Nɛka	5
Iskariyoti	5
Éti	5
Énje	5
Ezhetɔ	5
Ezhaŋ	5
Eze	5
Enshɛɛ	5
Encɛŋ	5
Enai	5
Egema	5
Efusha	5
Edɔi	5
Ede	5
Ebwɛɛ	5
David	5
C	5
Asak	5
Apolos	5
Ambei	5
Akap	5
Agara	5
Agaje	5
ACT	5
ŋaisi	4
ziŋ	4
zhet	4
zese	4
zesa	4
zam	4
yɛnta	4
yona	4
yaŋ	4
yat	4
yampe	4
xsana	4
wisa	4
wekpa	4
waru	4
vɔmpe	4
vwo	4
vom	4
use	4
tɛŋ	4
tɛru	4
told	4
tise	4
tampe	4
t	4
span	4
sim	4
shɔɔt	4
show	4
shirisi	4
sharisi	4
sete	4
sake	4
pɛ	4
puna	4
oŋkɛm	4
ozei	4
owɛi	4
ovwɔ	4
otɔɔ	4
otɔk	4
oteŋa	4
otaŋ	4
otaa	4
onzowa	4
onshɛp	4
only	4
onama	4
omur	4
omashaa	4
olɔ	4
okoshe	4
okataru	4
okat	4
ogilas	4
ogboseɛ	4
ogaŋɔ	4
odet	4
ocuke	4
oburum	4
oZaka	4
oZak	4
oYirudiya	4
oTiberiyas	4
oThesaloni	4
oSardis	4
oLida	4
oLazɛru	4
oKorinti	4
oKor	4
oJanisarat	4
oGatsemani	4
oFinikiya	4
oFilibi	4
oBiskila	4
oBartolomi	4
oBamfiliya	4
nyaa	4
numbers	4
nimpe	4
nim	4
nékee	4
ncai	4
many	4
mai	4
luu	4
left	4
laŋa	4
lat	4
language	4
laca	4
kɔŋ	4
kɔkɔrɔk	4
kyɔ	4
issues	4
if	4
hk	4
gyoma	4
green	4
gemase	4
gaan	4
fɔrɔsi	4
fum	4
foyi	4
flash	4
fara	4
ényaa	4
énaa	4
ému	4
élum	4
ékom	4
ékata	4
éfwa	4
éfan	4
édop	4
ébwat	4
eŋanu	4
ezowa	4
ezit	4
eyabo	4
ewaki	4
evɔŋa	4
etɛŋ	4
etora	4
esut	4
eshakiɛ	4
enzinariya	4
enui	4
enteŋ	4
enkyɔɔ	4
endɔɔ	4
endan	4
enYawuda	4
enSolomon	4
enSimon	4
emɛkpa	4
emwɛt	4
emii	4
elaru	4
ela	4
ekom	4
ekap	4
ejɛ	4
ejuk	4
egyɛsa	4
egoisi	4
efi	4
edesa	4
ecuse	4
ecii	4
ebɛɛ	4
ebinɔ	4
ebii	4
dɛma	4
dɔkɔ	4
different	4
curi	4
corosi	4
corner	4
combination	4
cn	4
cishasi	4
ci	4
cara	4
bɔci	4
brief	4
boxes	4
been	4
aŋɔrɔkɔ	4
azu	4
aziŋe	4
azeɛ	4
avaraa	4
atɛ	4
asuk	4
arrow	4
anyiɛ	4
anseɛ	4
ancoco	4
amvein	4
amfɛtɔ	4
aloŋɔ	4
ajirgi	4
agyidiɛ	4
aceiɔ	4
aburum	4
abara	4
aaye	4
X	4
Translation	4
To	4
Text	4
Send	4
Resource	4
Receive	4
Ovɛi	4
Ovet	4
Otaŋ	4
Osima	4
Onzhat	4
Ontɔɔ	4
Okop	4
Ogbose	4
Ogaraa	4
Ogaga	4
Ocuk	4
OLuka	4
OKiristi	4
Method	4
Jesus	4
It	4
In	4
How	4
Go	4
File	4
Éndo	4
Élɔ	4
Eŋkaŋ	4
Eŋgɔkɔ	4
Ewushaa	4
Evica	4
Etet	4
Etaliya	4
Etaa	4
Eson	4
Eskanderiya	4
Emvei	4
Eloyi	4
Elimbaa	4
Ele	4
Efu	4
Edɛ	4
Ecɔkɔbi	4
Ebwɛ	4
Ebebe	4
Bɔt	4
Aŋge	4
Awaŋ	4
Asu	4
Aristarkus	4
Arimatiya	4
Anana	4
Aminadab	4
Ambɔɔ	4
Aleluya	4
Alekzanda	4
Ademu	4
Abunda	4
Abasha	4
ŋɛŋ	3
ŋusu	3
ŋakpa	3
ŋaai	3
zɛsa	3
zowasa	3
zhosa	3
zhoot	3
zeŋasa	3
yɔŋa	3
yuwasa	3
yiri	3
yanɛ	3
xsée	3
xné	3
xnasa	3
wun	3
work	3
wacasi	3
wa	3
vɔk	3
vwena	3
versions	3
vak	3
using	3
type	3
tunyi	3
translate	3
tot	3
times	3
tick	3
through	3
there	3
them	3
textual	3
test	3
tama	3
taase	3
suŋka	3
sure	3
space	3
similar	3
shɔrɔsi	3
shé	3
shat	3
sénee	3
saŋki	3
sanaa	3
sampi	3
rowaniya	3
red	3
puk	3
permissions	3
passage	3
oŋɔnɔ	3
oŋkɛme	3
ozɛ	3
ozipɔ	3
oyasfa	3
owɛtereɛ	3
ovɔ	3
ove	3
ovara	3
otokpa	3
otepe	3
otalanti	3
otagula	3
oso	3
oshaki	3
osati	3
opɛ	3
onzɔ	3
onzhoot	3
onzhago	3
onze	3
ontɔɔ	3
onfɔp	3
omɛt	3
omɛ	3
omvap	3
omeleka	3
ombwɛr	3
ombwɛ	3
ombaŋ	3
omana	3
olikafani	3
okɔkɔrɔk	3
okyuɔra	3
okpi	3
okpaŋ	3
okosheɛ	3
okerfe	3
ojɛnka	3
ojin	3
ojei	3
ogbeiɔ	3
ofɔk	3
ofɔiɔ	3
ofɔduɔ	3
ofwa	3
ofaa	3
odoɔ	3
ocet	3
obwo	3
obundaa	3
oborodii	3
obebeɛ	3
obaptismaa	3
obakpe	3
oYezebel	3
oTorofimus	3
oTiyofolos	3
oTikikus	3
oSimirna	3
oSiluwam	3
oSheyeltiyel	3
oNineba	3
oNikodimus	3
oMiletus	3
oMik	3
oMatiyas	3
oKalodiyas	3
oJud	3
oGolgota	3
oGarasina	3
oGalatiya	3
oFirijiya	3
oFirauna	3
oFilidefiya	3
oDokas	3
oDiyotarifis	3
oDikafolis	3
oBuntus	3
oBirgamum	3
oBetafaji	3
oBarniki	3
oBariyata	3
nekeen	3
neke	3
need	3
names	3
n	3
mɛka	3
mɛk	3
move	3
mate	3
make	3
lɛru	3
lɛ	3
lukpase	3
luk	3
loŋke	3
looking	3
likely	3
like	3
letters	3
kponasi	3
kpishi	3
korose	3
konasa	3
kon	3
kat	3
kasa	3
kap	3
kaci	3
jɛte	3
juki	3
juka	3
jisu	3
gyo	3
gosi	3
gbɛpe	3
gboŋa	3
gbot	3
gbikpasa	3
gbenu	3
fɛkpase	3
funyi	3
from	3
foke	3
fii	3
facasi	3
éŋu	3
eŋup	3
éto	3
étaa	3
ési	3
énsok	3
éndoi	3
énap	3
émeie	3
élin	3
éli	3
élaca	3
eŋko	3
eŋgishi	3
édɔdɔk	3
édɔ	3
édyɔŋ	3
ébebe	3
ébe	3
ezɛtɔ	3
ezu	3
ezhim	3
ezhete	3
ezeŋase	3
ezeki	3
ezeke	3
ezaŋ	3
eyɔɔ	3
eyeke	3
ewukpa	3
ewake	3
evɔk	3
eviɛ	3
evimi	3
etunyi	3
etoi	3
eto	3
etaiɔ	3
eshi	3
eshari	3
enŋɛ	3
enyiɛ	3
enyinai	3
enyinaa	3
envaa	3
entɔ	3
enjeɛ	3
encɛŋɔ	3
enceiɔ	3
enZabura	3
enYesuɔ	3
enYesi	3
enShawulu	3
enLawi	3
enKiristi	3
enBabila	3
emɛisi	3
embei	3
emam	3
ekpɛmɔ	3
ekpɛiɔ	3
ekpusu	3
ekpasa	3
ekpampe	3
ekop	3
ekaŋ	3
ekataru	3
egyetasa	3
egye	3
egbɛt	3
egbip	3
egbame	3
egaraa	3
efuŋi	3
efuk	3
efaca	3
edɔt	3
edɛri	3
edɔiɔ	3
edɛi	3
edɛdɛɛ	3
edoi	3
ecɛka	3
ecuruk	3
ecaa	3
ebɛya	3
ebwomaa	3
ebwap	3
ebut	3
ebebei	3
dɛri	3
dowa	3
doka	3
denci	3
dena	3
datase	3
dark	3
cover	3
cimpa	3
carase	3
cai	3
bwɛɛ	3
bwora	3
bottom	3
bona	3
between	3
ben	3
bashisa	3
ban	3
aŋɛɛ	3
aŋmkpɔrɔ	3
aŋmgbot	3
aŋmgbodo	3
aŋgaŋcim	3
aŋai	3
azari	3
awɛciɛ	3
awaŋa	3
awatimi	3
avɛpɔ	3
atɔk	3
atate	3
assign	3
asha	3
asakɔ	3
apam	3
anvaŋ	3
another	3
anfwo	3
anciŋ	3
anacɛ	3
amam	3
also	3
allows	3
all	3
ali	3
akɔ	3
akpaŋ	3
akpai	3
ako	3
akilomita	3
agoŋgo	3
agbo	3
agbere	3
agbasu	3
agai	3
afu	3
afarisiɛ	3
adame	3
acecei	3
acara	3
abɔkɔ	3
about	3
abemɔ	3
abebei	3
abakpeɛ	3
aNikolata	3
Yes	3
Wade	3
Use	3
Tools	3
Select	3
Paratext	3
Oŋɔɔ	3
Oŋmkpedeɛ	3
Oŋge	3
Oyei	3
Ovɛp	3
Ovara	3
Otɔnva	3
Otepɔ	3
Osuu	3
Opening	3
Open	3
Ontom	3
Onna	3
Onisimus	3
Onderigoɔ	3
Oncu	3
Omega	3
Olin	3
Ogoŋgo	3
Ogbo	3
Ocɛrɛfu	3
Obɛ	3
Obwo	3
Oborodi	3
Obaptisma	3
Obam	3
OZakariya	3
OYakubu	3
OTomas	3
ONikodimus	3
ODimitiriyus	3
OBiskila	3
OBarabas	3
MRK	3
JN	3
Insert	3
Graham	3
Favourites	3
Eŋuɔ	3
Eŋun	3
Énjɔ	3
Eŋmkpede	3
Eŋgɔ	3
Eŋanu	3
Ezruna	3
Ezhat	3
Exsi	3
Ewot	3
Erimiya	3
Enɛki	3
Enyi	3
Enje	3
Eniɛ	3
Eniyasu	3
Encei	3
Emwɛ	3
Emmi	3
Embutɔ	3
Embut	3
Emat	3
Elɔ	3
Ekata	3
Egyɛi	3
Egap	3
Efɔdɔ	3
Ecoro	3
Dyɔɔ	3
DN	3
Collection	3
Below	3
Ba	3
Aŋgɔm	3
Aŋaa	3
Azɛ	3
Aziŋ	3
Avam	3
Asaci	3
Arasa	3
Antom	3
Anje	3
Amambwo	3
Ali	3
Afɔi	3
Acut	3
Abija	3
Abeɛ	3
ŋɔɔt	2
ŋɔsa	2
ŋuwase	2
ŋmkpe	2
ŋat	2
ŋarasi	2
ŋap	2
ŋanuse	2
ɛ	2
ɔ	2
zɔŋki	2
zɔrɔ	2
zoo	2
zoi	2
zhiya	2
zhise	2
zhisa	2
zhak	2
zampe	2
yɔŋasi	2
yɛnte	2
yokpa	2
yesa	2
yea	2
yase	2
xseen	2
xsána	2
wuasi	2
within	2
windows	2
wikpasi	2
white	2
where	2
ways	2
way	2
wat	2
was	2
vɔŋa	2
vɔsa	2
visa	2
vicasa	2
variants	2
vaat	2
va	2
up	2
tɔsha	2
tɛsasi	2
tura	2
translator	2
tototot	2
tomasi	2
toci	2
they	2
their	2
than	2
tata	2
tapa	2
tana	2
taa	2
sɔm	2
sɛkpa	2
suta	2
suna	2
steps	2
spell	2
sose	2
sonci	2
small	2
side	2
shɔi	2
showing	2
shopi	2
shop	2
shiri	2
shin	2
shena	2
shaŋka	2
shakise	2
shaka	2
sekpa	2
secondary	2
sc	2
sáná	2
sákaa	2
sasi	2
sak	2
sabaktani	2
roof	2
right	2
resources	2
repeat	2
references	2
re	2
quotes	2
pɛte	2
program	2
primary	2
possible	2
person	2
people	2
pe	2
oŋmkpaŋ	2
oŋmgboroɔ	2
oŋmgbeŋ	2
oŋkɔnɔ	2
oŋkpɔrɔ	2
oŋkpede	2
oŋkoŋa	2
oŋaa	2
ozu	2
ozinariyaa	2
ozhoɔ	2
ozeton	2
owɛterei	2
owɛtere	2
owɛrɛfuɔ	2
ovɔi	2
ovaraa	2
ovap	2
otufana	2
otora	2
otawul	2
otalantiɛ	2
otaki	2
otagulla	2
osuu	2
ososo	2
osoroniya	2
oshara	2
osa	2
order	2
opam	2
onzhot	2
onyiso	2
ontashee	2
onshɛpɔ	2
ondɛrɛ	2
ondoo	2
once	2
onardi	2
omɛtɔ	2
omɛm	2
omwon	2
omvui	2
ompaa	2
omfuru	2
ombɛi	2
ombwɛrombwɛ	2
ombaka	2
olɔŋɔ	2
olɛkɔ	2
oluru	2
oluba	2
olowani	2
olili	2
olikafaniɛ	2
okɔ	2
okyuɔraa	2
okobo	2
okilomita	2
ojinɔ	2
ojeŋ	2
ogoŋgoɔ	2
ogbok	2
ofɔp	2
odooɔ	2
odiŋ	2
odajɛ	2
occurs	2
obip	2
obamɔ	2
oZabura	2
oYustus	2
oYufiretis	2
oYosis	2
oYawuza	2
oYawudawa	2
oYasɔn	2
oYariyus	2
oYanisu	2
oYambris	2
oVaranda	2
oTim	2
oTartulus	2
oTadiyus	2
oSɔl	2
oSolomi	2
oSaratu	2
oSafiratu	2
oRaab	2
oPɛntikos	2
oPontus	2
oNatan	2
oNashon	2
oMesopotamiya	2
oMatatiya	2
oMatat	2
oMasiya	2
oMasarɔ	2
oManase	2
oMalki	2
oMalita	2
oMal	2
oMadayana	2
oLutu	2
oLodikiya	2
oLisiyas	2
oLidiya	2
oKorasin	2
oKolosi	2
oKirista	2
oKenan	2
oKayinu	2
oKalodiya	2
oKafadokiya	2
oJibiralu	2
oGaliyo	2
oGaliliɛ	2
oGalati	2
oFilipi	2
oFeresa	2
oDimitiriyus	2
oDemas	2
oDan	2
oBowaza	2
oBit	2
oBetasda	2
oBar	2
oBalak	2
oBafusa	2
nyiɛ	2
nyise	2
nyii	2
nyakpasa	2
not	2
nisa	2
nimpi	2
never	2
neken	2
nekee	2
nákaa	2
náase	2
naxsi	2
nasi	2
naaxsi	2
naasa	2
mɛt	2
mwona	2
more	2
mishasa	2
mfuk	2
meaning	2
mata	2
mam	2
maasi	2
maase	2
lun	2
lu	2
loŋa	2
look	2
long	2
lom	2
linci	2
likpa	2
leya	2
laŋke	2
kyatasi	2
kyapi	2
kpususa	2
kpashi	2
kpakpa	2
korosa	2
kée	2
keep	2
kana	2
kaisi	2
jɛɛ	2
jɛrusi	2
jɛru	2
jɛci	2
juŋa	2
jinte	2
jimase	2
jeɛ	2
jese	2
involved	2
include	2
i	2
his	2
here	2
helps	2
headings	2
hand	2
gɛ	2
gyɛpɔ	2
gyɛpe	2
gyɔmasi	2
gyasi	2
gyakpasa	2
gyakpa	2
gyaa	2
gosa	2
get	2
gemasi	2
gbɛci	2
gbip	2
gbenasa	2
gbat	2
gbasha	2
ganta	2
gaise	2
gai	2
fɔwa	2
fɛta	2
fɔsa	2
fɔrɔse	2
fɛkpasa	2
fwoci	2
fuwa	2
fucase	2
fowa	2
format	2
first	2
few	2
eŋɔrɔ	2
eŋɛma	2
évwam	2
eŋuna	2
étom	2
étante	2
étai	2
ésuŋ	2
éshit	2
éshet	2
éshatɔ	2
éndoɔ	2
éna	2
eŋmkpot	2
eŋmgbeŋɔ	2
élimbai	2
élimbaa	2
ékpɛi	2
eŋkee	2
eŋkede	2
eŋgɔɔ	2
égoŋgo	2
eŋgaŋ	2
éfanɔ	2
écuk	2
écece	2
eŋat	2
eŋani	2
eŋama	2
ezɛna	2
ezoro	2
eyum	2
eyucaa	2
eyara	2
exhaustive	2
example	2
ewena	2
evɔsa	2
evute	2
evum	2
evukpa	2
evu	2
evom	2
evisha	2
evi	2
evaruɔ	2
etɔɔ	2
etɛpe	2
etɛka	2
etii	2
eteŋ	2
eteet	2
etaŋnyi	2
etatɔ	2
esimasi	2
eshɛ	2
eshoni	2
eshin	2
esharisi	2
eshara	2
esaraa	2
errors	2
epɛci	2
epyekpa	2
epwoɔ	2
enɛbii	2
enutɔ	2
enut	2
enu	2
entɔndatɔ	2
entɔndat	2
entɛ	2
entaŋ	2
ensure	2
ensokɔ	2
enshetan	2
enshee	2
enshat	2
ensati	2
ennɛ	2
enkpik	2
enko	2
enju	2
enjepɔ	2
engya	2
engaje	2
enfɛ	2
enapɔ	2
enZarubabel	2
enZabaluna	2
enYawuza	2
enTitus	2
enSalmon	2
enNashon	2
enNaftali	2
enMatatiya	2
enMatat	2
enMalki	2
enMakidoniya	2
enLuka	2
enKilikiya	2
enKenan	2
enGalili	2
enFeresa	2
enBowaza	2
enBilatus	2
emɛt	2
emuɔ	2
emkpem	2
emiɛ	2
emfɛt	2
emeiɔ	2
emashai	2
emak	2
emai	2
em	2
elɛyaa	2
elɛme	2
elɛi	2
elɔi	2
elaŋa	2
elaca	2
elaa	2
ekɔŋ	2
ekora	2
ekonase	2
ekatatarai	2
ekante	2
ekanai	2
ejɛpɔ	2
ejuŋa	2
eja	2
either	2
egɔm	2
egɛdɛi	2
egyakpase	2
eguku	2
egose	2
egomɔ	2
egbai	2
egayi	2
egape	2
egaje	2
efɔt	2
efwɛke	2
efwabi	2
efoke	2
efo	2
efara	2
efamɔ	2
efaa	2
edɛɛt	2
edɔ	2
edenta	2
ecɛ	2
ecusi	2
ecuru	2
ecoroɔ	2
ecisha	2
ecaraa	2
ebwɛi	2
ebisi	2
ebi	2
ebewu	2
ebarip	2
ebara	2
eban	2
easily	2
each	2
dɛɛ	2
dove	2
dot	2
don	2
doing	2
det	2
darusa	2
cusu	2
cuseɛ	2
current	2
consultant	2
consistently	2
consistency	2
collection	2
cokpa	2
ciyase	2
circle	2
checks	2
change	2
cepe	2
cep	2
cashi	2
bwope	2
bwat	2
burning	2
bk	2
bisasi	2
bisa	2
bici	2
bi	2
bá	2
bawu	2
back	2
aŋmkpeshe	2
aŋmgbumɔ	2
aŋgoi	2
aŋgancim	2
aŋama	2
aŋ	2
azɔpɔ	2
azurfaa	2
azhak	2
azat	2
avwo	2
avae	2
audience	2
atɔɔ	2
atura	2
atoɔ	2
atokpa	2
atiti	2
atebut	2
atatɔ	2
asut	2
asue	2
arrows	2
anɛ	2
anzhoot	2
anyaa	2
antɔŋɔ	2
antoŋ	2
ansɔii	2
anjune	2
anjee	2
anfɔsa	2
andap	2
andak	2
ancan	2
anacɛɛ	2
anaa	2
an	2
amɛi	2
amwira	2
amui	2
ampɛi	2
amil	2
amgbot	2
amfuk	2
amfira	2
ambaŋ	2
allow	2
alikama	2
al	2
akyɔ	2
akobo	2
akanda	2
akanari	2
ajinɔ	2
aje	2
agyɛru	2
agomna	2
agburu	2
agbum	2
agbakpa	2
afuk	2
adding	2
adai	2
acɛi	2
aceie	2
ace	2
abundaa	2
abei	2
aYawudiya	2
aRoma	2
aKaya	2
Yɛmɛ	2
Yesu	2
XXA	2
Wordlist	2
Window	2
What	2
WA	2
Using	2
There	2
Temple	2
TI	2
TH	2
Son	2
Set	2
Saving	2
Sa	2
Punctuation	2
Paul	2
PE	2
Oŋɔ	2
Oŋmgboro	2
Oŋkɛm	2
Oŋkom	2
Oŋko	2
Ozinariya	2
Ozho	2
Ozei	2
Oye	2
Owɛtere	2
Owɛrɛfu	2
Owe	2
Otɔmbɔ	2
Otɛ	2
Otat	2
Osuŋa	2
Onyiso	2
Onesiforus	2
Once	2
Omu	2
Omfɛtɔ	2
Omeleka	2
Okpɛi	2
Oka	2
Ojirgi	2
Ogot	2
Ogbakɔ	2
Ofɔduɔ	2
Odɔŋ	2
Ody	2
Obɔk	2
Obom	2
Obida	2
Obeɛ	2
Obe	2
OYimeniyus	2
OTimoti	2
OSoroniya	2
OSolomon	2
OLazaru	2
OFelis	2
OFarisiɛ	2
OBabila	2
Normal	2
Naa	2
NOT	2
Material	2
MAT	2
Look	2
James	2
Illustrations	2
Iliyakim	2
House	2
For	2
Find	2
Éwaa	2
Énsok	2
Énjei	2
Ému	2
Eŋkee	2
Eŋga	2
Éfɔdu	2
Ezekiya	2
Eyik	2
Evɔm	2
Evaru	2
Etɛpe	2
Etante	2
Ese	2
Erim	2
Enɔsh	2
Enjeɛ	2
Enjei	2
Endeke	2
Encɛŋɔ	2
Enaa	2
Emɛ	2
Emos	2
Emawus	2
Emashaa	2
Emasha	2
Emani	2
Emambwo	2
Elɛm	2
Ellas	2
Eliyeza	2
Eliyaza	2
Eliyakim	2
Elenawa	2
Elaŋ	2
Elaca	2
Ekpa	2
Ekona	2
Ekom	2
Ejuŋ	2
Egyɛp	2
Egyishi	2
Egbikpa	2
Egara	2
Eganci	2
Efesi	2
Edɛdɛ	2
Edak	2
Ecu	2
Ecaraa	2
Ecai	2
Ebrane	2
Ebit	2
Dunham	2
Drafting	2
Darwin	2
Checking	2
CO	2
CN	2
Book	2
Bilatus	2
Biblical	2
B	2
Aŋɛt	2
Aŋmgboro	2
Aŋkom	2
Azuro	2
Aziŋe	2
Azaliya	2
Awɛci	2
Awaz	2
Avɛi	2
Avaa	2
Ava	2
Atɔmbɔ	2
Atɛ	2
Asus	2
Ashiru	2
Asa	2
Aruna	2
Arastus	2
Aran	2
Aram	2
Anunu	2
Anjei	2
Anderigo	2
Amɛɛ	2
Amfuru	2
Amfibi	2
Ameleka	2
Aman	2
Aliyudu	2
Alimba	2
Akim	2
Aka	2
Aji	2
Agbose	2
Agabas	2
Afarisiyawaa	2
Adi	2
Acɔkɔbi	2
Abiyudu	2
Abirija	2
Abila	2
AYawudaa	2
ŋɛŋɛ	1
ŋɔɔ	1
ŋɔta	1
ŋɔt	1
ŋɛsu	1
ŋɔrɔsa	1
ŋɛkpa	1
ɔyuca	1
ŋup	1
ŋunci	1
ŋmgban	1
ŋke	1
ŋgɔ	1
ŋawuse	1
ŋawu	1
ŋause	1
ŋata	1
ŋasusi	1
ŋanise	1
ŋam	1
ŋaini	1
ŋa	1
ŋ	1
zɔŋa	1
zɔŋ	1
zɛse	1
zɔru	1
zɛkpa	1
zɔk	1
zuŋki	1
zuŋke	1
zuŋka	1
zowo	1
zowase	1
zite	1
zhooci	1
zhiru	1
zhiise	1
zhete	1
zhate	1
zeŋase	1
zeze	1
zekit	1
zariɛ	1
zari	1
zai	1
yuvase	1
yut	1
yurusi	1
yuruse	1
yume	1
yoŋasi	1
yonase	1
yokpase	1
yokpasa	1
yiki	1
yicasi	1
yellow	1
yau	1
yara	1
yampi	1
yam	1
yaci	1
xxso	1
xxnoso	1
xsóo	1
xsó	1
xsono	1
xsokosi	1
xsi	1
xsee	1
xsánasi	1
xsáasi	1
xsanaa	1
xnó	1
xnési	1
xnése	1
xnesen	1
xnen	1
xneen	1
xnásaka	1
xnásaa	1
xnása	1
xnasi	1
xNa	1
wɔp	1
wuisi	1
writing	1
write	1
working	1
wordlist	1
women	1
wisi	1
wiise	1
wide	1
wica	1
whole	1
while	1
which	1
weno	1
wen	1
waŋa	1
watching	1
wasa	1
wants	1
wacase	1
wacasa	1
w	1
vɛɛsa	1
vɔŋase	1
vɛpi	1
vɛpe	1
vɛnike	1
vɔki	1
vɛe	1
vuut	1
vusu	1
vum	1
vukpasi	1
vuki	1
vuk	1
vuisi	1
vui	1
vise	1
vimisa	1
view	1
verso	1
veisi	1
vei	1
ve	1
used	1
until	1
uluu	1
ul	1
ui	1
tɛŋki	1
tɛpa	1
tɔke	1
tɔka	1
typed	1
two	1
tususa	1
turase	1
tree	1
traveling	1
translated	1
traditional	1
track	1
toŋ	1
tosu	1
torasi	1
torasa	1
tona	1
tomb	1
together	1
time	1
tied	1
ticked	1
third	1
think	1
thieves	1
then	1
teɛɛ	1
teŋki	1
texts	1
tesasi	1
tesa	1
term	1
tep	1
tense	1
templates	1
tells	1
tell	1
tega	1
teet	1
taŋke	1
tara	1
tanasi	1
tampi	1
taki	1
taise	1
tacit	1
table	1
sɔpa	1
sɔn	1
suŋa	1
suwa	1
suru	1
supplementary	1
stocks	1
statement	1
sset	1
speech	1
source	1
sound	1
soso	1
something	1
soldiers	1
sokɔ	1
soimaa	1
single	1
silversmiths	1
sikpu	1
shɔt	1
shɔrɔse	1
shɔrɔ	1
shows	1
shot	1
short	1
shoro	1
shoni	1
shom	1
shirise	1
ship	1
shikpa	1
shii	1
sheŋa	1
sheɛ	1
shepherds	1
shaŋa	1
sharu	1
sharin	1
share	1
shap	1
shakisa	1
shake	1
shaci	1
séne	1
sén	1
seya	1
sexsi	1
several	1
setɔ	1
setup	1
settle	1
series	1
sequences	1
sené	1
semicolons	1
selecting	1
section	1
second	1
seci	1
seba	1
sea	1
scroll	1
sán	1
saŋa	1
sazowa	1
saves	1
saved	1
satisfied	1
sason	1
sapi	1
sanaaxsi	1
sampa	1
sakaxsi	1
safely	1
saba	1
rudder	1
room	1
roofH	1
revised	1
restore	1
resource	1
repeated	1
remove	1
remain	1
religious	1
relate	1
reference	1
recorded	1
record	1
reading	1
reach	1
quoted	1
quotations	1
quotation	1
pɛse	1
pɛi	1
pyeta	1
pyere	1
pyena	1
pyekpasi	1
pyeere	1
pwose	1
pwawusi	1
puwa	1
put	1
purpose	1
pum	1
puisi	1
producing	1
produce	1
problems	1
privileges	1
present	1
pondom	1
pointing	1
po	1
plowing	1
plant	1
places	1
placed	1
place	1
pinnacle	1
pigs	1
picture	1
phrases	1
permission	1
passages	1
parallel	1
paragraphing	1
pairs	1
pair	1
pages	1
page	1
oŋmkpɔrɔɔ	1
oŋmkporo	1
oŋmkpedei	1
oŋmkpde	1
oŋmkpai	1
oŋmgbo	1
oŋmgban	1
oŋkɛmɔ	1
oŋkowaa	1
oŋkowa	1
oŋkaŋ	1
oŋkanɔ	1
oŋi	1
oŋgyɛ	1
oŋgboŋ	1
oŋgaŋ	1
oŋgai	1
oŋanu	1
oŋa	1
ozumurundu	1
ozumurudu	1
ozowa	1
ozoo	1
ozoiɔ	1
ozoi	1
oziŋ	1
ozhoot	1
ozhak	1
ozeze	1
ozam	1
oyɔŋa	1
oyɛn	1
oyunuk	1
oyik	1
oyakutu	1
oyakinta	1
oyadi	1
owɔp	1
own	1
owayi	1
owatimiɛ	1
owa	1
ovɛta	1
ovwɔi	1
ovwoɔ	1
ovete	1
ovaranda	1
ovaa	1
our	1
otɛtɛ	1
otɛru	1
otɔndatɔ	1
otɔkɔ	1
otɔ	1
oturaa	1
otoɔ	1
otototot	1
ototo	1
otofaz	1
oteŋ	1
otet	1
otebut	1
otebul	1
otawulɔ	1
otatɔ	1
osɔ	1
osumi	1
osui	1
osubaa	1
ososoɔ	1
osiwiyona	1
osiliki	1
osii	1
oshɛkel	1
oshugaba	1
osho	1
oshin	1
oshetɔ	1
oshetan	1
oshekel	1
oshaŋ	1
ose	1
osafir	1
osaa	1
opyɛŋ	1
opyɛtɛrɛ	1
opondom	1
operation	1
openti	1
opamɔ	1
oo	1
onzuru	1
onzhatɔ	1
onyiet	1
ontɔŋ	1
ontɔnvaa	1
ontɔndat	1
ontɔi	1
ontoŋ	1
ontomɔ	1
ontitiri	1
ontamɔ	1
onsɔi	1
onsha	1
onnai	1
onnacɛɛ	1
onnacɛ	1
onnaa	1
onloŋ	1
onke	1
onkat	1
onjuma	1
onjin	1
onis	1
onini	1
ongoi	1
onfɔiɔ	1
ondɛ	1
oncocoɔ	1
oncei	1
oncarogboŋ	1
omwɛt	1
omwep	1
omvɔ	1
omvei	1
ompɛiɔ	1
ompwap	1
omodobi	1
omkpeŋ	1
omisha	1
omil	1
omgbodoɔ	1
omfɛ	1
omfunaa	1
omfum	1
omfetɔ	1
omeriga	1
omejelisa	1
omeiɔ	1
ombwɛronbwɛɛ	1
ombwere	1
ombaŋɔ	1
ombama	1
ombafa	1
omba	1
omasta	1
omanna	1
omadara	1
olɛm	1
olutu	1
oloya	1
olowoni	1
oloni	1
oliliɛ	1
olilin	1
olezhe	1
olawoni	1
olatoɔ	1
olamɔ	1
olama	1
olagoɔ	1
olago	1
ola	1
okyɔɔ	1
okyɔraa	1
okuri	1
okpɛii	1
okptoro	1
okpotoro	1
okpiŋmgbiri	1
okpeɛ	1
okpati	1
okparkpata	1
okpaa	1
okoroba	1
okorban	1
okomɔ	1
okome	1
okolba	1
okok	1
okirisolat	1
okirisofaras	1
okirfa	1
okaro	1
okan	1
ojuɔ	1
ojirgii	1
ojim	1
ojavunvu	1
ojavu	1
ojanvuvun	1
ogɛ	1
ogɔ	1
ogyɛru	1
ogurasaa	1
ogote	1
ogomneti	1
ogomara	1
ogilasɔ	1
ogboŋɔ	1
ogboɔ	1
ogbodo	1
ogbeiɛ	1
ogbedere	1
ogbe	1
ogbaŋɔ	1
ogbaŋke	1
ogbasuɔ	1
ogban	1
ogbakpa	1
ogarura	1
ogapɔ	1
ogan	1
ogajeɛ	1
ogagafa	1
ogagaa	1
ofɔt	1
ofɔpɔ	1
ofɛfɛ	1
ofɔ	1
ofuk	1
ofop	1
odɔp	1
odɛkpo	1
odubuɔ	1
odooi	1
odooe	1
odoi	1
odoe	1
odebino	1
odata	1
odak	1
odado	1
ocɛrɛfui	1
ocuɔ	1
ocusi	1
ocumɔ	1
ocu	1
ocoroɔ	1
ocoroi	1
ocii	1
obɛna	1
obwoɔ	1
obwowa	1
obwop	1
obwon	1
obomɔ	1
obiri	1
oberil	1
obebei	1
obashi	1
obarip	1
obaptism	1
obakpeɛ	1
obakpei	1
obaftisma	1
obabilɔn	1
oawa	1
oZeyus	1
oZerefat	1
oZera	1
oZenas	1
oZarubabel	1
oZariya	1
oZaloti	1
oZabaluna	1
oYutikus	1
oYunis	1
oYuliyas	1
oYowel	1
oYowanan	1
oYosek	1
oYorima	1
oYoram	1
oYonam	1
oYol	1
oYoda	1
oYewoshafat	1
oYesui	1
oYesi	1
oYekoniya	1
oYared	1
oYana	1
oYakutu	1
oYakubo	1
oYak	1
oTudas	1
oTit	1
oTiranus	1
oTimon	1
oTera	1
oTarakunitas	1
oTamar	1
oTaliya	1
oTalanti	1
oTalamayas	1
oTabita	1
oSɛt	1
oSuzana	1
oSuria	1
oSubata	1
oSostanisu	1
oSirtis	1
oSirakusa	1
oSinaiɔ	1
oSinai	1
oSimeyon	1
oSilas	1
oShimeya	1
oShem	1
oShela	1
oShekem	1
oSharon	1
oSerug	1
oSariyin	1
oSargiyus	1
oSamutaraki	1
oSamos	1
oSamela	1
oSalukiya	1
oSalmoni	1
oSalmon	1
oSalima	1
oSalamis	1
oSakundus	1
oSaikar	1
oSaduku	1
oRut	1
oRufus	1
oRom	1
oRodusa	1
oRoda	1
oRigiyum	1
oReyu	1
oReyobowam	1
oResa	1
oRefan	1
oRama	1
oPudens	1
oProkorus	1
oPolos	1
oParminas	1
oNuu	1
oNiyapolis	1
oNiri	1
oNikolas	1
oNikapolis	1
oNikano	1
oNazarei	1
oNayum	1
oNayor	1
oNayin	1
oNaman	1
oNajaya	1
oNaftali	1
oMusai	1
oMolek	1
oMitilini	1
oMisiya	1
oMira	1
oMikailu	1
oMetusela	1
oMena	1
oMatata	1
oMatana	1
oManzani	1
oManayan	1
oMalkus	1
oMalaya	1
oMalalel	1
oMagadan	1
oMagadalaa	1
oMaat	1
oLɔis	1
oLukiyas	1
oLisaniyas	1
oLimas	1
oLikoniya	1
oLibiya	1
oLebeka	1
oLawudikiya	1
oLasiya	1
oLamek	1
oLainus	1
oKristi	1
oKosama	1
oKos	1
oKiyos	1
oKiristiɛ	1
oKiriniyus	1
oKinidas	1
oKilofas	1
oKiliyobas	1
oKidron	1
oKeisarɔ	1
oKefas	1
oKauda	1
oKasto	1
oKarbus	1
oKankiriya	1
oKandakatu	1
oJudiya	1
oJotam	1
oJoshuwa	1
oGomora	1
oGomara	1
oGergesena	1
oGaza	1
oGamaliya	1
oGalantiya	1
oGal	1
oGad	1
oGabata	1
oFiletus	1
oFil	1
oFeleg	1
oFarisiɛ	1
oFarisiyawa	1
oFarisi	1
oDyɔŋ	1
oDurusila	1
oDidymus	1
oDani	1
oDamaris	1
oDalmatiya	1
oDalmanuta	1
oBuwanarjis	1
oButiyoli	1
oBorkiyas	1
oBitiniya	1
oBinitiya	1
oBiliyaminu	1
oBilastasa	1
oBida	1
oBetsaida	1
oBenjamin	1
oBatmusa	1
oBatimayus	1
oBatara	1
oBasurofinikiya	1
oBasaba	1
oBarsaba	1
oBare	1
oBalamu	1
oBalam	1
oBabiliyas	1
oBa	1
oAinon	1
nɔɔ	1
nɔnɔ	1
nzek	1
nyowasi	1
nyowa	1
nyinɛ	1
nyam	1
nxá	1
nxa	1
nuwa	1
nu	1
nshaŋ	1
noyi	1
now	1
nomkpaa	1
noko	1
njuma	1
njauma	1
nikpu	1
niin	1
nii	1
ng	1
néke	1
nesi	1
neither	1
naŋka	1
náá	1
náaka	1
naŋa	1
nate	1
nat	1
nasu	1
nase	1
nanɛ	1
nantusi	1
nannɛ	1
nakáa	1
mɛŋase	1
mɛŋ	1
mɛsi	1
mɛsa	1
mɛi	1
mɔi	1
mwɛɛ	1
mwot	1
mwep	1
mvɔ	1
muɔ	1
miɛ	1
missing	1
mip	1
mfɔta	1
menus	1
meleka	1
measures	1
mbonɔ	1
marks	1
maps	1
manger	1
makpu	1
makpa	1
magic	1
made	1
lɔtɔ	1
lɛna	1
lɛn	1
lɛmpi	1
lunasi	1
luna	1
lukpasa	1
loŋasi	1
longer	1
lompe	1
loi	1
loci	1
ll	1
lini	1
lines	1
line	1
leyase	1
leyasa	1
lem	1
laŋki	1
laŋka	1
laying	1
latest	1
land	1
lafsur	1
labeled	1
kɔrɔk	1
kɔrɔ	1
kɔk	1
kɔca	1
kyap	1
kwaca	1
kumi	1
kpɛm	1
kputuru	1
kpususe	1
kpusha	1
kponase	1
kpoi	1
kpoci	1
kpisuse	1
kpiru	1
kpikise	1
kpet	1
kpena	1
kpema	1
kpawusi	1
kpausi	1
kpanyisi	1
kpampe	1
kpaase	1
kosheɛ	1
kose	1
kora	1
koon	1
konte	1
konci	1
kok	1
knows	1
know	1
kei	1
kea	1
kate	1
kataru	1
kasi	1
kashi	1
kape	1
kanteɛ	1
kamaa	1
kama	1
kagbak	1
jɛsi	1
jɛruse	1
jɛp	1
juŋ	1
jute	1
jinɔ	1
jinta	1
jinci	1
jina	1
jesa	1
jerusi	1
jeru	1
izob	1
items	1
issue	1
introductions	1
introducing	1
interpretive	1
input	1
information	1
informal	1
indicates	1
indicated	1
indicate	1
incense	1
important	1
immediately	1
illustration	1
hyphenation	1
horse	1
help	1
h	1
gɔmpe	1
gyɛpa	1
gyɛnyi	1
gyɛi	1
gyoci	1
gyase	1
gyakpasi	1
gukusa	1
gt	1
grinding	1
grammar	1
grain	1
gori	1
good	1
goisiɛ	1
going	1
gishi	1
gbɛte	1
gbɛsa	1
gbɛpɛ	1
gbɛ	1
gbose	1
gbaŋka	1
gbanyisi	1
gbakpase	1
gbakpasa	1
gayi	1
gate	1
gata	1
gasu	1
ganɔ	1
gane	1
ganci	1
gampi	1
gaanci	1
ga	1
fɛtasa	1
fɔrɔ	1
fɔpa	1
fɛp	1
fɔp	1
fɛfɛ	1
fɔdu	1
fɔci	1
fwɔrɔsi	1
fwotase	1
fwot	1
fwesa	1
fwekpa	1
fwasi	1
fuwasi	1
future	1
function	1
fuci	1
fruit	1
friends	1
fowasi	1
fot	1
forward	1
formal	1
foreign	1
footnotes	1
follow	1
folder	1
finished	1
find	1
finasi	1
file	1
fi	1
farase	1
farasa	1
faithful	1
faasi	1
eŋɛɛ	1
éŋuwa	1
eŋɛtɔ	1
eŋɛre	1
eŋɔ	1
ézhim	1
ézhet	1
ézet	1
éyusa	1
évɔi	1
évom	1
évoi	1
évisha	1
évetɔ	1
étɔnva	1
étɔm	1
étepɔ	1
étate	1
étak	1
ésiɛ	1
éshat	1
eŋop	1
ényina	1
énut	1
éntɔ	1
éntok	1
énjeɛ	1
énjei	1
éndoe	1
énceŋ	1
énakɔ	1
émɛŋai	1
émɛŋa	1
émɛtɔ	1
émɛt	1
émɛi	1
eŋmkpedeɛ	1
eŋmkpasa	1
eŋmgbɛŋ	1
eŋmgbeɛ	1
eŋmgbaa	1
émasha	1
élɛɛ	1
élɔɔ	1
élɔe	1
élɔ	1
élinɔ	1
ékɔk	1
eŋkpɛt	1
ékpɛmɔ	1
eŋkpe	1
ékora	1
eŋkomɔ	1
eŋkeɛ	1
eŋkanɔ	1
eŋkaa	1
eŋka	1
éjɛp	1
éjɛ	1
eŋi	1
égya	1
égoɔ	1
égot	1
égbena	1
égbat	1
eŋgbasheɛ	1
égbam	1
égba	1
égapeenje	1
égape	1
égan	1
éfɔduɔ	1
éfup	1
éfuk	1
édɛt	1
édɛ	1
écucu	1
éci	1
écek	1
ébwap	1
ébwa	1
ébo	1
ébinɔ	1
ébatɔ	1
eŋasu	1
eŋarasi	1
ezɛse	1
ezuŋki	1
eziŋ	1
ezip	1
ezina	1
ezim	1
ezi	1
ezhuru	1
ezhoot	1
ezhoma	1
ezho	1
ezhiɛ	1
ezhimɔ	1
ezhiiɛ	1
ezhat	1
ezhaki	1
ezeŋasi	1
ezeŋa	1
eyuru	1
eyucase	1
eyucai	1
eyikɔ	1
eyika	1
eyga	1
eyetɔ	1
eye	1
eyasha	1
eyakaci	1
eyaka	1
eyai	1
eyaai	1
extremely	1
express	1
explanation	1
exegetical	1
except	1
ewɛtere	1
ewɛki	1
ewɛciɛ	1
ewun	1
ewora	1
ewaŋa	1
ewat	1
ewasha	1
ewaraŋ	1
ewacaa	1
ew	1
evɔ	1
evwamɔ	1
evui	1
eviiɔ	1
evii	1
evetɔ	1
evet	1
every	1
evaruse	1
eu	1
etɔnvaa	1
etɔnva	1
etoɔ	1
etorase	1
etoma	1
etom	1
eteŋaa	1
eteta	1
etere	1
etebut	1
etaŋasi	1
etaŋase	1
etanyi	1
etante	1
etampyere	1
esumi	1
esu	1
est	1
esimaa	1
esima	1
eshɔi	1
eshugaba	1
eshom	1
eshokpa	1
eshii	1
esheŋa	1
eshé	1
eshena	1
eshaŋka	1
eshatɔ	1
eshap	1
eshakpa	1
eshakisi	1
eshakii	1
eshaci	1
esha	1
esé	1
eseɛ	1
esee	1
esaŋ	1
esam	1
epɛisi	1
epyere	1
epyenasi	1
epyena	1
epwot	1
epwose	1
epwom	1
epwere	1
epwekpa	1
epun	1
enŋɛɛ	1
enɛ	1
enziŋɔ	1
enyinasi	1
enva	1
enusu	1
enumɔ	1
enuk	1
entire	1
entante	1
ensɛ	1
enshatɔ	1
ensanɛ	1
ensa	1
ennya	1
ennu	1
enniɛ	1
ennasara	1
enmelekaa	1
enlɛkɔ	1
enliga	1
enkyɔraa	1
enkyɔ	1
enkpususa	1
enkpee	1
enkpede	1
enkpde	1
enkpaa	1
enka	1
enjuma	1
enjee	1
enjeb	1
enjara	1
enj	1
enike	1
engomnaa	1
engishi	1
enfɔp	1
enfɔdu	1
eneke	1
enee	1
enedeke	1
endoɔ	1
endoo	1
endoi	1
endo	1
enderigo	1
endee	1
end	1
encɛi	1
encɛ	1
encuɔ	1
encounters	1
enceie	1
encarogboŋ	1
encaragboŋ	1
encai	1
enbwɛ	1
enbwoma	1
enborodi	1
enbaptisma	1
enat	1
enape	1
enakɔ	1
enZeyus	1
enZakariya	1
enYunusa	1
enYowanan	1
enYosek	1
enYorima	1
enYoram	1
enYonam	1
enYoda	1
enYirudiya	1
enYewoshafat	1
enYekoniya	1
enYasɔn	1
enYariyus	1
enYared	1
enYana	1
enTufana	1
enTimayus	1
enTera	1
enTasalonika	1
enSɛt	1
enSimiyon	1
enSila	1
enSidon	1
enShimeya	1
enSheyeltiyel	1
enShetanɔ	1
enShem	1
enShela	1
enSerug	1
enSamela	1
enSaduku	1
enRuben	1
enRoma	1
enReyu	1
enReyobowam	1
enResa	1
enRam	1
enNuwu	1
enNiri	1
enNayum	1
enNayor	1
enNajaya	1
enMisiya	1
enMetusela	1
enMena	1
enMatata	1
enMatana	1
enMasar	1
enMaryamu	1
enManason	1
enManasa	1
enMalelel	1
enMalaya	1
enMaat	1
enLutu	1
enLikiya	1
enLidiya	1
enLebeka	1
enLamek	1
enKuza	1
enKuburus	1
enKosama	1
enKoronti	1
enKish	1
enKarniliyas	1
enJuda	1
enJotam	1
enJosiya	1
enJoshuwa	1
enJeshuwa	1
enGayus	1
enGamaliya	1
enGaje	1
enFontus	1
enFirauna	1
enFilibus	1
enFeleg	1
enFarus	1
enFanuyila	1
enEzruna	1
enEr	1
enEnɔk	1
enEli	1
enEber	1
enBiliyaminu	1
enBeyor	1
enBerikiya	1
enBamfiliya	1
enBalzabul	1
enBalamu	1
enArtimas	1
enAlmasiwu	1
enAlmadama	1
enAlfa	1
enAfasha	1
emɛŋaa	1
emɔɔ	1
emɛtɔ	1
emɛk	1
emɔiɔ	1
emwɛsi	1
emwɛse	1
emwoci	1
emwet	1
emvɔ	1
emushɛi	1
empɛrɛ	1
empwom	1
empae	1
emokpa	1
emma	1
eminɔ	1
emfɛtɔ	1
emfɛte	1
emen	1
emeie	1
embwo	1
embo	1
embiɛ	1
embeɛ	1
embeke	1
emba	1
ematɔ	1
emaraa	1
emara	1
eman	1
emambwo	1
emad	1
elɔɔm	1
elɛmɔ	1
elu	1
eloŋa	1
elitiri	1
elin	1
elimbai	1
elek	1
elat	1
elama	1
ekyai	1
ekwaca	1
ekpɛɛ	1
ekpɛie	1
ekpususe	1
ekposha	1
ekpiru	1
ekpemɔ	1
ekpe	1
ekpashi	1
ekpamɔ	1
ekpai	1
ekpaai	1
ekote	1
ekotakota	1
ekoraa	1
ekei	1
ekazhaŋ	1
ekaterai	1
ekataruɔ	1
ekatarae	1
ekasusi	1
ekarata	1
ekantep	1
ekanasi	1
ekamaa	1
ejɛruse	1
ejuy	1
ejukɔ	1
ejiya	1
ejisuɔ	1
ejisu	1
eject	1
ejami	1
ehsaŋ	1
egɛedɛ	1
egɛde	1
egyɛtasa	1
egyɔmasi	1
egyɛ	1
egyoma	1
egyee	1
egyapa	1
egwomasi	1
egoŋgo	1
egonase	1
egon	1
egom	1
egogoɔ	1
egogoi	1
egbɛpɛ	1
egbɛpe	1
egbɛndara	1
egbɛci	1
egbikpase	1
egbeŋɔ	1
egbei	1
egbedere	1
egbe	1
egbase	1
egbamɔ	1
egbakpa	1
egbaa	1
egate	1
egapi	1
egapa	1
eganɔ	1
egama	1
ega	1
efɔrɔ	1
efɔp	1
efɛfɛ	1
efɔdɔ	1
efwɛki	1
efwote	1
efwai	1
efuŋ	1
efusa	1
efunyi	1
efuii	1
efanɔ	1
efaise	1
efacaa	1
eemi	1
eego	1
ee	1
edɔŋke	1
edɛɛ	1
edɔsi	1
edɛkpa	1
edɔdɔk	1
edoo	1
edoiɔ	1
editing	1
edisi	1
edeɔ	1
edetɔ	1
edenɔ	1
edampe	1
edake	1
edaa	1
ecɛsuɔ	1
ecɛsu	1
ecɛrɛfu	1
ecɛk	1
ecuŋai	1
ecusa	1
ecuk	1
ecosa	1
ecarai	1
ecai	1
ebwuwa	1
ebwot	1
ebwomase	1
ebwom	1
ebweci	1
ebwasu	1
ebunda	1
eboɔ	1
ebona	1
eboma	1
ebo	1
ebiɛ	1
ebitɔ	1
ebisha	1
ebirja	1
ebici	1
ebgɛp	1
ebgɛkpa	1
ebaŋɔ	1
ebatɔ	1
ebanta	1
eating	1
early	1
earlier	1
eWelena	1
eSuu	1
eSaka	1
eRoma	1
eNyankpa	1
eLikoniya	1
dɔɔrɔ	1
dɔŋki	1
dɛsi	1
dɛsasa	1
dɔrɔ	1
dɛkpa	1
dɛdɛɛ	1
dski	1
drafting	1
domestic	1
doisi	1
dn	1
distinctive	1
discussion	1
discples	1
dinari	1
difference	1
device	1
dete	1
delivery	1
definitions	1
deena	1
decisions	1
decision	1
decide	1
decending	1
dasu	1
daruse	1
dangerous	1
daasu	1
da	1
d	1
curuse	1
currencies	1
cukpa	1
could	1
correction	1
coroseɛ	1
cooperation	1
cook	1
continuers	1
content	1
confused	1
concordance	1
completed	1
compare	1
committee	1
commas	1
coming	1
combinations	1
colons	1
colleagues	1
colleague	1
co	1
clicked	1
clear	1
ciyasa	1
cisi	1
cisa	1
cimpi	1
cimpe	1
cici	1
cia	1
chariot	1
cet	1
certain	1
centurion	1
cece	1
categories	1
cases	1
caragboŋ	1
capitalization	1
canon	1
camel	1
bɛtasa	1
bɛse	1
bɔici	1
bɛ	1
bɔ	1
byɛci	1
bwɛn	1
bwopi	1
bwoci	1
bweci	1
bwaat	1
bwa	1
buwasi	1
button	1
bute	1
bush	1
buru	1
burn	1
buise	1
bui	1
brackets	1
both	1
borrowed	1
borodi	1
boat	1
blue	1
bixsa	1
bitɔ	1
bita	1
bip	1
biisi	1
bii	1
biblical	1
bewuse	1
betasa	1
before	1
bebeɛ	1
basically	1
basic	1
barip	1
bara	1
bar	1
banyi	1
backward	1
backup	1
background	1
baba	1
aŋɔm	1
aŋɛ	1
aŋwira	1
aŋuɔ	1
aŋmkpshe	1
aŋmkpedeɛ	1
aŋmkpaŋ	1
aŋmkparaŋ	1
aŋmgboŋ	1
aŋmgbaŋ	1
álɔ	1
aŋkoɔ	1
aŋkomɔ	1
aŋkaam	1
aŋgaŋ	1
aŋgam	1
aŋgaa	1
aŋaɛtɔ	1
aŋaet	1
azuɔ	1
aziŋɔ	1
aziŋke	1
aza	1
ayakaa	1
ayaa	1
awɛtere	1
awɛrɛfuɔ	1
awɛcii	1
awɛcie	1
awatimiɛ	1
awasa	1
awafɔp	1
avukɔ	1
avei	1
available	1
atɛtɛ	1
atɛru	1
atɔnvaa	1
atɔnva	1
atɔci	1
atiɛ	1
ateteɛ	1
ataŋa	1
atatabara	1
atarai	1
atapyere	1
atagulaa	1
asɔkɔ	1
asɔcɛi	1
asumi	1
asima	1
ashuga	1
asheŋa	1
ashakiɛ	1
ashakii	1
asaka	1
asaci	1
asa	1
as	1
arrangement	1
arranged	1
arrange	1
around	1
apɛi	1
apwot	1
appear	1
apearing	1
anziŋ	1
anyɔŋa	1
anyii	1
anyam	1
anvuk	1
anvaap	1
antɔm	1
antɔk	1
answered	1
ansuk	1
anshoɔ	1
ankyap	1
anise	1
angels	1
aneyt	1
anera	1
ancu	1
anci	1
ancaiɔ	1
anbe	1
anasara	1
amvwɛtu	1
amvwo	1
amve	1
ammaa	1
amita	1
amimira	1
amiliyɔn	1
amgbɛ	1
amgbum	1
amgbotɔ	1
amfɔ	1
amfuŋɔ	1
amfuri	1
amfufuk	1
amfu	1
amfibii	1
ametis	1
ambwere	1
ambiguity	1
ambama	1
amamɔ	1
amaa	1
alɛɛ	1
alɔɔ	1
alɔtɔ	1
always	1
alim	1
alikamaa	1
aleɛ	1
alee	1
alawa	1
alago	1
alabasita	1
ala	1
akuri	1
akpɛie	1
akposha	1
akpoi	1
akpi	1
akpakpata	1
akoɔ	1
akom	1
akimi	1
akeke	1
akataŋko	1
ajufu	1
ajiɔ	1
ajavuvun	1
agɛdɛ	1
agyidie	1
agydi	1
agree	1
agoisi	1
agogo	1
agodo	1
agboɔ	1
agbasuɔ	1
agarai	1
aganvunvu	1
agan	1
afɔiɔ	1
afɔduɔ	1
afup	1
after	1
affect	1
afaŋe	1
afarisiyawaa	1
afam	1
adogari	1
adinari	1
adet	1
addressed	1
adak	1
adaje	1
acɛrɛkpo	1
acɛrɛfuɔ	1
achieve	1
aceii	1
accidentally	1
accessible	1
abɛɛ	1
abɔt	1
abwooro	1
abwap	1
abona	1
abiri	1
abebeɛ	1
abbreviations	1
abaraa	1
abakpɛ	1
aaji	1
aYawudai	1
aYadwudawa	1
aSitokiya	1
aSamariyawa	1
aRam	1
aNazare	1
aLarba	1
aKirista	1
aGarasina	1
aFartiya	1
aFarisiɛ	1
aFarasii	1
Zek	1
XXB	1
Wycliffe	1
Word	1
Wineskin	1
Wine	1
Who	1
Which	1
Whenever	1
Wenger	1
Weights	1
Wai	1
Waa	1
Vɛɛ	1
Vɛ	1
VERY	1
Users	1
Urushelima	1
Urshelimaa	1
Uriya	1
Uper	1
Under	1
Ude	1
USB	1
Tɛke	1
Two	1
Translators	1
Town	1
Timothy	1
Tick	1
Thompson	1
Textual	1
Testament	1
Tapi	1
Tai	1
TIT	1
TIF	1
Sunny	1
Storm	1
States	1
Starred	1
Spirit	1
Spelling	1
Source	1
Solomon	1
Soko	1
Skins	1
Similar	1
Silas	1
Sheep	1
Shaŋki	1
Shakisi	1
Sha	1
Separate	1
Section	1
Save	1
Saa	1
Rɛ	1
Run	1
Roman	1
Roles	1
Rev	1
Renee	1
Remember	1
ROM	1
REV	1
Quotations	1
Pwo	1
Put	1
Publishing	1
Projects	1
Prodigal	1
Principles	1
Priest	1
Porch	1
Policy	1
Policies	1
Poetical	1
Phone	1
Philosophy	1
Philip	1
Permissions	1
PHP	1
PHM	1
Oŋmkpɔrɔ	1
Oŋmkporwa	1
Oŋmgbum	1
Oŋkpede	1
Oŋkoɔ	1
Oŋkaŋɔ	1
Oŋkanɔ	1
Oŋga	1
Oŋe	1
Ozetun	1
Oyeɛ	1
Oyet	1
Oyesu	1
Owɛi	1
Ovwo	1
Ovo	1
Ove	1
Otɛɛ	1
Otoɔ	1
Other	1
Oteŋa	1
Otalita	1
Otaa	1
Osiya	1
Oshin	1
Oshet	1
Osati	1
Osaratu	1
Osa	1
Orthographical	1
Opam	1
Onzowa	1
Onziŋ	1
Onzhoot	1
Onze	1
Ontɔe	1
Ontaa	1
Onga	1
Onfina	1
Ondoɔ	1
Oncei	1
Omvap	1
Omur	1
Omfetɔ	1
Omeriga	1
Omelekaa	1
Ombwɛrambwɛɛ	1
Omastad	1
Omagog	1
Olinzamiɛ	1
Okyɔraa	1
Okpiki	1
Okpakpata	1
Okpaa	1
Okoro	1
Oko	1
Ojirgiɛ	1
Ojin	1
Oji	1
Oje	1
Ogog	1
Ogbakpa	1
Ogayus	1
Ofɛ	1
Ofup	1
Odyo	1
Odo	1
Odisi	1
Ocɛŋa	1
Ocɛi	1
Ocek	1
Obɛŋa	1
Obɔkɔ	1
Obut	1
Oborodii	1
Obatɔ	1
Obat	1
Obara	1
Obamɔ	1
OZetun	1
OZarubabel	1
OZariya	1
OZaka	1
OZabura	1
OYuliyas	1
OYubulus	1
OYirudus	1
OYirudiya	1
OYesui	1
OYesi	1
OYawuza	1
OYasɔn	1
OYariyus	1
OVaranda	1
OTiyofolos	1
OTitus	1
OTabita	1
OTH	1
OT	1
OSima	1
OSila	1
OSiba	1
OSalmon	1
ORabboni	1
ORabbi	1
OMarkus	1
OLisiyas	1
OLimas	1
OLidiya	1
OLazɛru	1
OLayila	1
OLawi	1
OKrizens	1
OKirisbus	1
OKayafa	1
OKafarnawum	1
OJosiya	1
OJariyus	1
OGaliyo	1
OFirauna	1
OFijelus	1
ODiyonisiyus	1
ODiyitarifis	1
OBurum	1
OBida	1
OBetani	1
OBaptisma	1
Nyinɛ	1
Notice	1
Nor	1
Nigeria	1
Next	1
New	1
Near	1
Nasarawa	1
Mustard	1
Moving	1
Move	1
Mort	1
Money	1
Medium	1
Mbe	1
May	1
Markers	1
Many	1
Mana	1
Man	1
Make	1
Mai	1
Luk	1
Lpkaa	1
Lowering	1
Lost	1
Location	1
Locating	1
List	1
Leader	1
Language	1
Lamps	1
LUK	1
Ku	1
Kpa	1
Knowels	1
Kiristi	1
Kai	1
Kaduna	1
Ka	1
Jews	1
Jerusalem	1
Je	1
JUD	1
JHN	1
JAS	1
Ituriya	1
Introduction	1
Intro	1
Index	1
Inc	1
IMPORTANT	1
Holy	1
Hold	1
HEB	1
Greek	1
Gordon	1
Goal	1
Glossary	1
Gareth	1
GLO	1
GAL	1
Formatting	1
Footnotes	1
Flat	1
Fishermen	1
FRT	1
Ézɛt	1
Ézhii	1
Ézet	1
Étep	1
Étae	1
Ésima	1
Ényinai	1
Ényina	1
Ényaa	1
Énut	1
Énumɔ	1
Énume	1
Énap	1
Énaa	1
Ématɔ	1
Émambwo	1
Élimbai	1
Élimbaa	1
Ékoɔ	1
Ékop	1
Eŋkei	1
Éjut	1
Égya	1
Eŋgishi	1
Égema	1
Éfwa	1
Éfu	1
Édɔiɔ	1
Édɔi	1
Ébwat	1
Ébat	1
Eŋara	1
Éao	1
Eŋani	1
Eŋai	1
Ezɛtɔ	1
Ezhise	1
Ezhiiɛ	1
Ezhete	1
Ezeɛ	1
Ezeke	1
Ezei	1
Eyɛn	1
Eyoo	1
Eyo	1
Eyikɔ	1
Eyet	1
Eyabo	1
Eyaai	1
Eya	1
Extra	1
Exegesis	1
Evɛ	1
Evii	1
Eunoch	1
Etɛŋ	1
Etoi	1
Ethopian	1
Eteŋa	1
Etete	1
Etat	1
Etak	1
Etaci	1
Esuwa	1
Esute	1
Esut	1
Estifanas	1
Eshoni	1
Eshee	1
Eshakiɛ	1
Eshakii	1
Esese	1
Esara	1
Erimasa	1
Er	1
Epɛt	1
Epɛi	1
Epyet	1
Epyere	1
Ephesians	1
Enɔk	1
Enɛbiɛ	1
Enzhaki	1
Enyinase	1
Enyinaa	1
Entɔvaa	1
Ensoke	1
Ensheɛ	1
Ensanɛ	1
Enjɔ	1
Endnotes	1
Encu	1
Enaŋ	1
Enasara	1
Enak	1
Enaase	1
En	1
Emɛŋaa	1
Emɛk	1
Empty	1
Emodeɛ	1
Emne	1
Emii	1
Emfɛt	1
Embɔkɔ	1
Embii	1
Eman	1
Elimbai	1
Elimbae	1
Elica	1
Eli	1
Elesha	1
Elema	1
Elaruɔ	1
Ekuri	1
Ekpɛiɔ	1
Ekpiru	1
Ekpam	1
Ekotaa	1
Ekora	1
Ekatara	1
Ekanasi	1
Ejɛ	1
Eje	1
Ejara	1
Egyɛsa	1
Egyeta	1
Egbɛt	1
Egbɛkpa	1
Egbikpase	1
Egbase	1
Eganɔ	1
Egan	1
Efɔdui	1
Efwot	1
Efup	1
Efui	1
Efiremu	1
Efes	1
Efata	1
Efara	1
Efaiɔ	1
Efaise	1
Efai	1
Edumiya	1
Edoiɔ	1
Editing	1
Edam	1
Edaki	1
Eda	1
Ecɛka	1
Ecuŋai	1
Ecue	1
Ecit	1
Ecii	1
Ecara	1
Ebɛta	1
Ebwop	1
Ebwomai	1
Ebwap	1
Ebwaa	1
Ebiliyim	1
Eber	1
Eba	1
EPH	1
EBilayim	1
Dɔŋ	1
Double	1
Do	1
Dimitrius	1
Dialectal	1
Definition	1
Cross	1
Cows	1
Control	1
Consultants	1
Cokpa	1
Co	1
Ciya	1
Christ	1
Choose	1
Characters	1
Chapter	1
Categories	1
COL	1
Bɔci	1
Bwoma	1
Burum	1
Brief	1
Branch	1
Ben	1
Be	1
Base	1
Aŋɛɛ	1
Aŋɛ	1
Aŋmkpa	1
Aŋko	1
Aŋgɔmɔ	1
Aŋama	1
Azotus	1
Aziŋɔ	1
Aze	1
Ayuba	1
Ayub	1
Ayoyi	1
Ayei	1
Ayaka	1
Awawu	1
Awai	1
Awaa	1
Avɛɛ	1
Avɛpɔ	1
Avɛp	1
Avo	1
Atɛŋa	1
Ato	1
Atete	1
Atat	1
At	1
Assign	1
Asakɔ	1
Arranging	1
Arkilayus	1
Arkibus	1
Apɛ	1
Anzariɛ	1
Anyankpa	1
Antibatiris	1
Antibas	1
Anseɛ	1
Ankat	1
Anjɔ	1
Andiawus	1
Anderigoɔ	1
Ancei	1
Anatu	1
Ana	1
Amvein	1
Amos	1
Amor	1
Amojenis	1
Amfibolis	1
Amei	1
Ambɔm	1
Ambaŋ	1
Amam	1
Amagidɔn	1
Alɔɔ	1
Alɛkzanda	1
Alumɔ	1
Alum	1
Also	1
Almadama	1
All	1
Alena	1
Alaŋ	1
Akyɔɔ	1
Akpa	1
Akaya	1
Akarfe	1
Akaldama	1
Agustas	1
Agribas	1
Agerwa	1
Agbasuɔ	1
Agaripa	1
Agaraa	1
Afɛ	1
Afoliyon	1
Afiya	1
Afasha	1
Afang	1
Afan	1
Adidaa	1
Adariya	1
Adaramitiya	1
Acɛrɛfu	1
Acuŋa	1
Aceiɔ	1
Abwɛ	1
Abuwu	1
Aborodi	1
Aboloniya	1
Abiyus	1
Abiyata	1
Abiliya	1
Abikuriya	1
Abba	1
Abakpe	1
Abafaras	1
Abadon	1
Aba	1
AYawudawa	1
ASe	1
ASamariya	1
ASaduki	1
AGirik	1
AFarisiyawa	1
AD	1
