na	6733
na̱	4757
bwa	3275
aba	2687
be̱	2239
naa	2045
ma	1716
ta	1548
Yeesu	1532
Hwe̱n	1497
ana	1166
hin	1124
awyatu	1059
nii	1047
nata̱	996
wyan	976
wana	940
iri	930
mazama	897
buu	804
ta̱hyan	776
butu	774
shi	759
Na	691
hyo̱	683
nama	656
ga̱n	634
nda	610
ga̱hin	576
ne̱e̱	564
koo	535
hyan	533
o̱to̱	526
bunaa	512
ndaabwa	473
Butu	442
Sa̱i	427
taa	418
nje̱	415
gaa	406
kunnu	405
jaa	384
jwarigi	382
Na̱	355
ina	350
abaa	336
Ama	333
wyatu	326
ri	321
Aba	318
sa̱i	317
ndaaba	312
ha̱ni	296
Bulusu	296
mꞌba	295
O̱to̱	292
ga̱tu	289
Ala̱masiihu	287
Bwa	276
nda̱i	274
gura̱a̱	274
nꞌgata	272
tuma	267
za	265
hange̱	263
bwaa	260
huri	257
Ayaahudiya	254
ja̱a̱	252
pa̱ni	250
na̱nna	248
hwe̱n	243
ta̱ꞌo̱to̱	241
wuun	240
bina̱	239
pinsan	237
gata	237
mꞌbaa	236
ara	236
ribi	235
be̱e̱	232
bisa̱ga̱	227
ka̱	221
ya̱nu	220
ku	218
u	216
Yoohana	212
paaku	204
Hyo̱	202
haruwa	200
paa	199
huku	199
Be̱	199
ama	195
ta̱ba	192
hyuhyu	192
ba	191
tanaa	190
Maatiyu	190
Biituru	188
shami	185
Ta	185
Luka	182
ndaa	179
ro̱pe̱	178
zumaa	175
ame̱	175
ce̱pe̱	174
yana	170
Ga̱n	169
nimi	168
ma̱ni	167
maa	163
Marukusu	163
nde̱e̱be̱	162
hwarapi	162
ubwa	161
ra̱ni	160
zhagu	159
yaan	159
ki	158
Hurushaliima	158
hyaan	157
Awyatu	157
nu	156
ayaan	153
ta̱gwama	151
na̱maa	150
Nꞌgira̱nshin	149
ninhin	148
baa	148
sa̱ra̱ri	146
shii	145
re̱	145
buyaan	144
shani	139
ga̱a̱	138
ta̱nda	137
mahanda	133
buya̱	133
ta̱ni	131
shici	130
na̱a̱	130
wuce	129
haku	129
ta̱naa	127
nda̱tu	126
mꞌmwaan	125
we̱	124
sha	124
Too	124
pana	123
kaun	122
hiku	122
ha̱nta̱ni	121
ce̱nye̱n	121
Uhwe̱n	120
wuci	118
báni	117
buyoo	117
ke̱nye̱n	113
rukwanyan	112
koya̱	112
Ina	112
ta̱ndaabwa	111
ta̱pana	110
Ga̱hin	110
Buyoo	110
binaa	109
anii	109
takaada	108
nꞌta̱ra̱ga̱da̱	108
gama	108
kawyatu	107
muu	106
yo̱n	105
ta̱kai	105
a̱	105
ree	103
mahwa	103
ndaga	102
paaka	101
n	101
ndaaka	100
sha̱pi	99
Muusa	99
ta̱ꞌwaba	98
hantun	98
ta̱suuga̱	97
Ana	96
yigo	95
Koo	95
ibe̱	93
hura̱gi	93
ndaaki	92
hwii	92
bi	92
bishi	91
naru	90
yata	89
hira̱	88
Bunaa	87
yan	85
nꞌhwe̱n	85
Iri	85
cima	84
ngwan	83
ha̱nga	83
ga̱mi	82
Wana	82
hiiki	81
bunii	81
una	80
ta̱ta	80
kuta̱ꞌwa̱	80
ta̱ruba̱	79
swa	79
sa̱	79
cita̱ga̱	78
nꞌara	77
kaba	77
ga̱gaagana	76
da̱ba	76
bugwama	76
ta̱ra̱ga̱da̱	75
nꞌgana	75
Gaalili	75
Bihwaanwun	75
wuma	74
pina	74
ma̱	74
zhaaro	73
mayaan	73
hoo	73
ta̱	72
pa̱ri	72
hura̱	72
apirisiti	72
Yaakubu	72
kana	71
do̱ko̱	71
bigata	71
Afaraasiya	71
tazwara	70
nꞌgani	70
cici	70
Mahanda	70
to̱n	69
nꞌwya̱ra̱mi	69
nꞌta̱kai	69
nami	69
buꞌa̱	69
Ha̱ni	68
Gaa	68
ta̱yansun	67
ta̱ga̱gaagana	67
hunrun	67
bugyama	67
ꞌwaa	66
aꞌuba̱	66
hunrani	65
bunwan	65
baba̱tiisa̱ma	65
tanda	64
nꞌce̱nye̱n	64
niina	64
niimi	64
bisa̱a̱	64
iyeebe	63
ta̱guma	62
pa̱	62
nꞌndaaba	62
nasu	62
anaa	62
aka̱	62
pa	61
haka	61
cita̱a̱ga̱	61
aꞌa̱	61
ma̱ncin	60
kota̱ni	60
hunranhunran	60
buka̱	60
Hirudu	60
xata	59
ndaya	59
bisa̱	59
ruzha̱a̱	58
ꞌye̱n	57
yansun	57
sabu	57
ke̱ne̱	57
hiin	57
ga̱ga̱ga̱	57
ayuwa	57
ta̱gi	56
rubara̱ka	56
inaa	56
ha̱nka̱na̱	56
zumaancin	55
ashi	55
Iba̱	55
Dawuda	55
ꞌwi	54
ta̱hani	54
sundaaba	54
kunta	54
taatu	53
paga	53
ndaabi	53
upwa	52
ta̱wya̱ri	52
gagu	52
duwa̱ni	52
da̱nda̱	52
Kunnu	52
shaani	51
ra	51
nꞌree	51
kai	51
iyaa	51
ba̱ni	51
Rooma	51
Maariyamu	51
Ada	51
ta̱nde̱e̱be̱	50
ta̱ha̱mba̱ga̱	50
reeko	50
kope	50
ka̱ji	50
inii	50
Naa	50
Mazama	50
yuwa	49
ushi	49
niinhin	49
ge̱	49
uwa̱	48
ta̱shi	48
da̱da̱da̱	48
bushi	48
ambishiri	48
Bilaatu	48
ꞌwa̱	47
wya̱ri	47
naka	47
maya̱nu	47
biin	47
bigudu	47
Siima	47
ꞌye̱e̱	46
sha̱a̱	46
nꞌgira̱nshin	46
goo	46
gita	46
Isiraaꞌila	46
Ga̱tu	46
wyanzan	45
ta̱ꞌwa̱ri	45
suba	45
nꞌta̱hyan	45
njeke	45
komba̱ri	45
ji	45
e̱she̱	45
Hwaanwun	45
pa̱shi	44
káji	44
fo	44
da̱bi	44
Yusufu	44
Buyaan	44
Ayaan	44
waabe̱	43
ta̱re̱	43
ta̱niimi	43
shana	43
ribici	43
ra̱a̱	43
mꞌbuna	43
kwan	43
Shawulu	43
ta̱jwara̱ga	42
ta̱a̱ni	42
suuga̱	42
ruba̱	42
nꞌta	42
kuda̱gahini	42
ka̱ta̱ku	42
funa̱	42
Yaahuda	42
yancin	41
yaanyini	41
suguma	41
nꞌyo̱	41
nꞌnii	41
mꞌpirwa	41
ishi	41
a̱cii	41
Yaahudiya	41
Bi	41
ꞌwe̱e̱	40
uba̱	40
kwashe̱e̱ke̱	40
jaga	40
hara̱	40
guguji	40
bisa̱gi	40
ba̱	40
ta̱ndaabi	39
tahyan	39
nda̱a̱tu	39
gyama	39
duwa̱na̱	39
Timooti	39
Iyaa	39
Biwya̱ra̱mi	39
ta̱ga̱da̱ri	38
ta̱be̱	38
tapana	38
sumo̱	38
sooja	38
rwaga	38
ruba	38
ndagi	38
kubutu	38
ha̱a̱n	38
aya̱too	38
atuma	38
Gwatana	38
ꞌwa̱gi	37
ta̱ka̱	37
ta̱baa	37
naazhin	37
me̱	37
kunrun	37
huwa̱	37
ga̱ndu	37
buki	37
asooja	37
Ubwa	37
Nii	37
Nde̱e̱	37
Ibiraahin	37
Haruwa	37
Bara̱naba	37
ta̱to̱n	36
suniinhin	36
shiri	36
goki	36
bucita̱a̱ga̱	36
ayishe	36
ashin	36
Nda	36
Kaisa	36
Bupira̱	36
wau	35
ta̱kuna	35
nꞌniinhin	35
kuje	35
kinai	35
bubwa	35
aꞌa̱yo	35
Baba̱tiisa̱ma	35
wa̱ka̱mi	34
ta̱na̱	34
tasha	34
tahoo	34
suhyu	34
nꞌta̱hani	34
cita̱	34
adaadoo	34
Shii	34
íye̱	33
ta̱jikita̱na̱	33
tashi	33
raa	33
nꞌta̱ha̱mba̱ga̱	33
isa	33
de̱be̱	33
butuma	33
buna	33
bike̱nye̱n	33
ba̱re	33
a̱rici	33
ata	33
agyama	33
Nꞌna̱maa	33
Bwaa	33
waabwa	32
ta̱cita̱	32
kuda̱ga	32
ha̱mba̱ga̱na̱	32
cíin	32
bambanu	32
aha̱nka̱ri	32
acita̱a̱ga̱	32
Ka̱i	32
ꞌyapa	31
uya̱	31
ta̱ndaya	31
ta̱ma	31
mꞌmazama	31
mawuna̱ni	31
gudu	31
ayigo	31
Be̱e̱	31
Anii	31
ta̱ꞌwa̱	30
ta̱niinhin	30
nꞌshi	30
mꞌpa̱ni	30
kuna	30
ka̱shi	30
hwashe̱	30
e̱nshe̱n	30
bibe̱e̱	30
ajaa	30
Rwaga	30
Hiika̱	30
undu	29
ta̱ndaaba	29
shaana	29
nꞌrabi	29
nꞌjooshiipa	29
mandaabwa	29
kúshiike̱	29
jwara̱ga	29
banshaun	29
anje̱	29
ala̱ka̱wa̱ri	29
tuun	28
ta̱ꞌungwa	28
ta̱swee	28
ta̱hura̱	28
rupa	28
kúshe̱	28
ce̱be̱	28
akwane̱	28
Kuu	28
Kupita	28
Jaa	28
Filibu	28
Antiyaakiya	28
Ai	28
zha̱a̱	27
yaba	27
wuta̱ni	27
ta̱kun	27
ta̱bisa̱ga̱	27
piree	27
nꞌta̱ga̱gaagana	27
nꞌna̱maa	27
maniimi	27
kuu	27
kuta̱gwama	27
kaki	27
insan	27
iba̱	27
he̱e̱n	27
ha̱ngagici	27
bwe̱	27
buta	27
bana	27
aꞌwana	27
ada̱a̱da̱	27
Kuuyaan	27
Iliya	27
Bugwama	27
ya̱na̱	26
wunhin	26
uhwe̱n	26
nꞌta̱ꞌwaba	26
nda̱ci	26
mashi	26
kunna	26
kuna̱	26
kaasu	26
jikita̱ni	26
ha̱mba	26
cigi	26
bujaa	26
aya̱na̱	26
Naazare	26
Masa	26
Abaa	26
ta̱taga	25
ta̱sha̱a̱	25
ta̱pa	25
ta̱gwaan	25
ta̱gumunu	25
shapa	25
nꞌta̱naa	25
nata̱a̱	25
maree	25
jabagu	25
gware̱	25
gumunu	25
fo̱n	25
bu	25
Tuma	25
Koya̱	25
Ija̱a̱	25
Aya̱too	25
ta̱ꞌmꞌbaa	24
ta̱gura	24
sume̱	24
raaga	24
pa̱nii	24
nꞌtaatu	24
mahiin	24
kuuyaan	24
kuga̱n	24
kiri	24
inza̱n	24
iinabi	24
hakuu	24
gwamina	24
ga̱mii	24
bunje̱	24
bikico̱	24
aya̱na̱ba	24
ahari	24
adubo	24
Takaada	24
Naazhin	24
Afisa	24
yishe	23
yanshin	23
wuco	23
unii	23
ta̱shika	23
tacita̱	23
shita̱	23
pyara	23
nꞌwe̱	23
nꞌta̱gwama	23
nꞌne̱e̱	23
nꞌina	23
mariga̱	23
kwane̱	23
kada	23
hunrana	23
hiika̱	23
gyasa	23
dibi	23
bihwaanwun	23
biha̱na̱	23
a̱ri	23
akuri	23
Ubuki	23
ta̱ruma	22
ta̱nda̱ra̱	22
tari	22
tande̱	22
sha̱a̱gi	22
pita	22
mande̱e̱be̱	22
kuma̱	22
ha̱nsha̱nha̱na̱	22
hasaa	22
ga̱tun	22
ga̱ri	22
buroodi	22
bika̱	22
Uyaan	22
Ta̱matamanrinyan	22
Saila	22
Kunta	22
yansan	21
xbuta	21
umuntun	21
uhuri	21
ta̱ndaaka	21
ta̱biha̱na̱	21
ta̱a̱	21
ruꞌure̱	21
rumunro̱n	21
nꞌungwa	21
nꞌkogi	21
nꞌjaa	21
nꞌhwaanwun	21
nꞌcice̱pe̱	21
mana̱nna	21
kwade̱ge̱	21
kuga̱hin	21
kaꞌuba̱	21
gwama	21
da̱i	21
apa̱ni	21
aka̱ta̱ku	21
ahin	21
Ta̱ga̱gaagana	21
Niina	21
zhe̱nke̱n	20
yaburi	20
xanje̱	20
ta̱ꞌwa̱ga̱	20
ta̱zhiga̱ni	20
ta̱yincincin	20
sunu	20
pa̱ga̱ni	20
pagana	20
nꞌupwa	20
nꞌta̱ruba̱	20
nꞌribi	20
nꞌawyatu	20
nje̱ce̱	20
ndaakaka	20
mana	20
kii	20
iyansun	20
gooji	20
da̱	20
buza	20
buya̱na̱	20
buja̱a̱	20
a̱nta̱ni	20
ana̱maa	20
aga	20
Ta̱kun	20
Buza	20
Azumanu	20
wyanzun	19
waanwan	19
ta̱swa	19
ta̱sha	19
ta̱sabu	19
ta̱nii	19
ta̱hiika̱	19
tanii	19
sa̱nsan	19
paakii	19
nꞌta̱kun	19
nꞌta̱ga̱da̱ri	19
nꞌga	19
nuu	19
kubwa	19
kina	19
hange̱ce̱	19
ga̱a̱ci	19
cita̱gi	19
bizhe̱nke̱n	19
binii	19
aꞌwa̱ta̱gi	19
ane̱e̱	19
ahira̱	19
Ta̱hanrinyan	19
Shi	19
Nꞌina	19
Na̱nna	19
Kala̱ma	19
Kaisariya	19
xapa̱ni	18
wyaan	18
waaba	18
utuma	18
upyara	18
tutuu	18
tutu	18
ta̱shapaciga	18
ta̱bisa̱a̱	18
swa̱	18
pira̱	18
nꞌnjeke	18
nꞌndaabwa	18
maza	18
mamboo	18
kunrin	18
koori	18
kooci	18
kayaan	18
iꞌmꞌbaa	18
iya	18
ita	18
inje̱	18
guna̱ni	18
guba̱	18
buwuma	18
buniimi	18
azurufa	18
atari	18
aja̱a̱	18
U	18
Kabata	18
Hura̱	18
Bike̱nye̱n	18
wuma̱ni	17
ta̱ta̱na̱	17
ta̱panaa	17
ta̱ne̱e̱	17
ta̱nda̱a̱tu	17
ta̱na̱nna	17
ta̱cita̱ga̱	17
taga	17
so	17
ruꞌwa̱	17
rundaabwa	17
riini	17
reenu	17
pa̱ncin	17
nꞌruzha̱a̱	17
nꞌreeko	17
nꞌgudu	17
makicihinaa	17
kiike̱nye̱n	17
ka̱ra̱bi	17
kataga	17
isagi	17
hambe̱	17
giyo	17
gii	17
fogi	17
dura̱	17
col	17
cikaa	17
ayami	17
Makidooniya	17
Kushi	17
Fesutusu	17
Buyaahudiya	17
Aka̱	17
xta̱naa	16
xbushi	16
too	16
tif	16
ta̱taa	16
ta̱jaa	16
ta̱hiku	16
tane̱e̱	16
takasa	16
suyishe	16
sudo̱n	16
shápi	16
nge̱n	16
kutuma	16
kuda̱gahinai	16
ika̱	16
ijaa	16
hira̱ree	16
hiika̱hini	16
ha̱mba̱gi	16
hakii	16
gwatani	16
gwatagi	16
ga̱tuu	16
ceeku	16
buya̱tu	16
buhin	16
aꞌupwa	16
ashe̱re̱	16
Ta̱yaan	16
Isiyaaku	16
Bigudu	16
Asaduukiya	16
Agiripa	16
zwa̱ga̱ni	15
zaa	15
uza	15
uha̱ni	15
uce̱pe̱	15
ta̱ya̱nu	15
ta̱shiri	15
ta̱ja̱a̱	15
ta̱hakana	15
tajwara̱ga	15
suwya̱rugooba	15
shukuu	15
shiragi	15
she̱nshe̱n	15
nꞌwyatu	15
nꞌta̱yansun	15
nꞌta̱nda̱ra̱	15
nꞌkataga	15
nꞌharu	15
na̱nshin	15
mbishiri	15
ma̱a̱	15
maniinhin	15
mahin	15
maga̱ga̱a̱gi	15
macimi	15
kuubwa	15
kuri	15
kunaa	15
kumazama	15
ka̱ta̱ni	15
inda̱i	15
haki	15
ga̱hiin	15
bure	15
bune̱e̱	15
biniimi	15
awya̱rugo	15
ada̱bi	15
Zakaariya	15
Yoo	15
Ta̱pana	15
Aasiya	15
ꞌya̱pi	14
ꞌwaan	14
yo̱	14
wyantancin	14
wakaa	14
ucibiri	14
ta̱makwaakaa	14
ta̱ci	14
tahiika̱hina̱	14
suha̱nka̱ri	14
suga̱hin	14
ra̱rabi	14
pe̱e̱n	14
nꞌyaan	14
nꞌna̱nshin	14
mꞌmbwa	14
maza̱ki	14
mawaani	14
mandaaba	14
maka̱	14
makaka	14
mahyaan	14
mahwarapi	14
mahooshi	14
kuunaa	14
kuta̱ba	14
ke̱ce̱e̱ke̱	14
ka̱cihini	14
kata	14
kabata	14
hya̱su	14
handa	14
hana	14
gunii	14
dubo	14
cininhin	14
bánai	14
buꞌmꞌbaa	14
bupa̱ni	14
bicice̱pe̱	14
atakaada	14
aga̱a̱	14
Ta̱ꞌo̱to̱	14
Shatan	14
Laawi	14
Ita	14
Isitafanu	14
Ishaaya	14
Imbata	14
Dimasiku	14
Butuma	14
Bubwa	14
Baa	14
zuzu	13
yinzha̱nkani	13
xbuyaan	13
xbunje̱	13
xanaa	13
ura̱ku	13
ta̱ꞌisa	13
tasha̱a̱	13
shurugo	13
sha̱pa̱cigi	13
ruwashi	13
runrun	13
nꞌta̱ba	13
nꞌgwasu	13
nꞌgaaga	13
mꞌbiin	13
mata	13
manyan	13
kúshihine̱	13
kuꞌuya̱	13
kuyaan	13
ko	13
kiigata	13
ka̱da̱gi	13
kami	13
jábagi	13
jwara̱gagani	13
jamaa	13
iyo̱	13
iyaan	13
hantana	13
ga̱ga̱a̱ga̱ni	13
e̱nshe̱nshe̱n	13
ciripe̱	13
cipani	13
ciin	13
biꞌa̱	13
biwya̱ra̱mi	13
bishita̱	13
azinaari	13
atumashini	13
aaya	13
Ya̱	13
Suuriya	13
LUK	13
Koneliyusu	13
Kaba	13
Inii	13
Feelisi	13
Apirisiti	13
Aliizabatu	13
zha̱munkun	12
ya̱a̱cigi	12
wyasa	12
ungwa	12
ta̱ꞌyantan	12
ta̱ꞌira̱	12
ta̱ꞌinsan	12
ta̱taana	12
ta̱mbiha̱ni	12
ta̱maꞌunpa̱n	12
ta̱ma̱ncin	12
shiraagi	12
rupani	12
nꞌyina̱	12
nꞌyancin	12
nꞌhwarapi	12
nꞌgwama	12
nꞌguma	12
namaa	12
mꞌpana	12
maꞌunso̱n	12
mata̱ma̱nriin	12
masuunran	12
mantan	12
macita̱ga̱	12
maca̱ma̱nta̱n	12
kuta̱suuga̱	12
kupa̱ri	12
kota̱ga̱ni	12
ka̱a̱	12
jwárige̱	12
jikita̱ga̱	12
iyan	12
ipa̱ni	12
ihin	12
hina	12
haru	12
dubu	12
du	12
da̱shi	12
buyata	12
buruba̱	12
bihiiki	12
ba̱ha̱ni	12
azumba̱	12
ataaro	12
asha̱pi	12
aruba̱	12
anda̱i	12
ahwarapi	12
agura̱a̱	12
agai	12
adubu	12
Zaitu	12
Una̱nna	12
Ta̱gwama	12
Taaya	12
Shiraga	12
Pangu	12
Oniisimusu	12
Kunnunu	12
Kapanahu	12
Joodan	12
Jaga	12
Iꞌwe̱e̱	12
Ikaasu	12
Hunranhunran	12
Hanaaninyan	12
Filibi	12
Buna̱nna	12
Bufaraasiya	12
Baaba	12
Aya̱na̱	12
Ata	12
zumba̱	11
zhaa	11
uyaan	11
uka̱nrin	11
ujabagu	11
uguguji	11
ta̱yaan	11
ta̱wuce	11
ta̱bita̱riga	11
taruba̱	11
tandaaka	11
takaba	11
suhari	11
sa̱a̱nha̱na̱a̱	11
riinha̱nu	11
paaki	11
nꞌta̱panaa	11
nꞌta̱mantan	11
nꞌsuyishe	11
nꞌsuguma	11
nꞌndaaki	11
nꞌndaabi	11
nꞌko̱ro̱	11
mꞌpyanda	11
maga̱a̱ga̱nu	11
kwayaa	11
kuꞌana	11
kuhwe̱n	11
kadaga	11
ija̱a̱	11
he̱re̱ge̱	11
ha̱mba̱ga̱	11
ha̱ba̱	11
gwatana	11
gida̱ga̱gi	11
ciga̱	11
buyancin	11
butumashini	11
bugura̱a̱	11
biyaan	11
be̱re̱	11
a̱yo	11
azumanu	11
awyantancin	11
awyababa	11
aco̱ko̱	11
abaaba	11
Zhagu	11
Zabadi	11
Yaarisu	11
Uya̱nu	11
Ushi	11
Taitusu	11
Suleemaanu	11
Sidon	11
Raa	11
Nꞌnii	11
Majaa	11
Kai	11
Hura̱gi	11
Aꞌisiraaꞌila	11
zinaari	10
ya̱biza̱gi	10
xawyatu	10
uzumaa	10
utakaada	10
unje̱	10
ta̱ya̱	10
taꞌunda	10
ta̱ndái	10
taꞌmꞌbaa	10
ta̱huwa̱	10
tataga	10
tandaga	10
sundaabwa	10
shiraga	10
sha̱a̱ga̱	10
ra̱ga̱ni	10
pwan	10
nꞌta̱ꞌwa̱	10
nꞌta̱jwara̱ga	10
nꞌta̱ce̱pe̱	10
nꞌsumo̱	10
nꞌsuhyu	10
nꞌsoso	10
nꞌnde̱e̱be̱	10
nꞌnda̱a̱tu	10
nꞌkáji	10
nꞌkaba	10
nꞌjwarigi	10
nꞌdunduun	10
njibi	10
naawan	10
mꞌburoodi	10
mataatu	10
masa̱ta	10
manii	10
maka̱ri	10
makaki	10
kádaagi	10
kuꞌnꞌgira̱nshin	10
kuꞌnꞌcice̱pe̱	10
kushiika	10
jwara̱gani	10
iꞌwaa	10
ikaasu	10
iga̱a̱	10
hunraani	10
huba̱	10
hooso	10
gwashe̱	10
gbi	10
de̱be̱ce̱	10
ciga̱hini	10
cibiri	10
buribi	10
bibiin	10
bibe̱	10
aꞌmꞌbaa	10
azha̱a̱zha̱a̱	10
ayan	10
ahuri	10
Yunuusa	10
Yaan	10
Ta̱panaa	10
Samaariya	10
Pana	10
Nꞌyan	10
Mayaan	10
Magadalina	10
Kwayaa	10
Kuburusu	10
Joopa	10
Iyan	10
Inaa	10
Filimo	10
Binii	10
Be̱tani	10
Baraba	10
Ashin	10
ꞌwa̱ga̱	9
ꞌwana	9
yibaku	9
xapa̱	9
wuna̱ni	9
tundushi	9
ta̱yata	9
ta̱tuba̱	9
ta̱taatu	9
ta̱raa	9
ta̱pa̱ni	9
ta̱mpa̱ni	9
ta̱mataa	9
taꞌisaga	9
ta̱bishi	9
ta̱bani	9
tamawuna̱na̱	9
tajwárige̱	9
tabisa̱a̱	9
rwaru	9
ruꞌwana	9
rundaabi	9
randa	9
paakuu	9
nꞌza	9
nꞌta̱sha̱a̱	9
nꞌta̱pana	9
nꞌsume̱	9
nꞌshima	9
nꞌratu	9
nꞌno̱no̱	9
nꞌnda̱i	9
nꞌndaaka	9
nꞌhuri	9
nꞌhunjo̱	9
nꞌhoo	9
nuunu	9
mꞌmahwa	9
mꞌmahanda	9
ma̱a̱ncin	9
mandaabi	9
kuꞌawyatu	9
kuta̱taga	9
kuha̱ni	9
kugaa	9
kuce̱nye̱n	9
kiibe̱	9
ka̱i	9
kapa	9
jwarigici	9
hwaanwun	9
huwa̱gi	9
hantaana	9
hakata	9
ha	9
guna̱a̱	9
gooda̱	9
cuun	9
c	9
bushikaa	9
bura̱a̱	9
buna̱nna	9
buhuri	9
biyina̱	9
binje̱	9
aꞌye̱e̱	9
aꞌiyo̱	9
aza̱zama	9
aribi	9
apinsan	9
angwo	9
andaaki	9
akota̱ni	9
ade̱be̱	9
Ya̱nu	9
Wyatu	9
Ta̱ba	9
Ri	9
Nꞌribi	9
Mꞌba	9
Kiriiti	9
Hakata	9
Bunii	9
Ba̱re	9
Aꞌa̱	9
Ata̱gi	9
Asooja	9
Antipasi	9
ꞌwara	8
zooni	8
ya̱	8
yaaciga	8
xuta	8
xbutibi	8
xaga̱a̱	8
wya̱nzhin	8
wa̱tu	8
uta	8
udura̱	8
ubwaa	8
tá̱ni	8
tibici	8
tibi	8
ta̱za	8
ta̱yoo	8
ta̱yaba	8
ta̱wuta̱	8
ta̱we̱	8
ta̱raaga	8
ta̱maanwyana	8
ta̱kasa	8
ta̱gaa	8
ta̱da̱ba	8
tashana	8
tapasa	8
takuna	8
tabáni	8
taagana	8
sushoo	8
sunda̱a̱tu	8
rukuta̱	8
ruhaki	8
rigijiga̱	8
pata	8
paan	8
nꞌta̱ruma	8
nꞌta̱	8
nꞌrukwanyan	8
nꞌra̱a̱	8
nꞌnje̱	8
nꞌga̱tu	8
nꞌaba	8
njé̱e̱	8
mꞌmaba	8
mo̱nshe̱n	8
mbata	8
ma̱a̱nwya̱ni	8
kuꞌnꞌara	8
kuꞌaꞌuba̱	8
kuyo̱n	8
kuta̱naa	8
kuta̱ha̱mba̱ga̱	8
kushiikwa	8
kota̱ga̱na̱	8
korogo	8
kiigudu	8
kashi	8
kagura̱	8
jwara̱gagana	8
iyaagi	8
imbata	8
ibwa	8
hwaanyan	8
huza̱a̱ga̱	8
husana	8
hura̱ga̱	8
hoogi	8
ha̱nka̱ri	8
hamba	8
hakaci	8
gáa	8
gwataagi	8
gidigi	8
diin	8
cina̱na̱	8
ciinha̱ni	8
buya̱a̱	8
bushii	8
buhwaanyan	8
bisa̱a̱ga̱	8
bina̱nna	8
awyamu	8
ashira̱	8
akandaga	8
akaca	8
agurubi	8
adaada	8
Zaka	8
Yisiti	8
Yansun	8
Uhuri	8
Toruwasu	8
Tasaloonika	8
Samiinu	8
Paaku	8
Mahooshi	8
Hunrana	8
Buꞌa̱	8
Bushikaa	8
Bushiinhin	8
Buroodi	8
Bugyama	8
Biꞌundu	8
Bisa̱	8
Baitalaami	8
Ashi	8
Arooma	8
Andaraawa	8
Abaaba	8
ꞌwa̱ta̱gi	7
zuba	7
zha̱a̱nta̱ni	7
zha̱a̱nta̱na̱	7
zhaaga	7
yoo	7
ye̱e̱	7
yami	7
yaburagi	7
xbuyansun	7
xbunda̱i	7
xbinje̱	7
xashi	7
xakwane̱	7
wyansun	7
vwainvwain	7
uꞌwe̱e̱	7
uyo̱n	7
uja̱a̱	7
ujaa	7
ta̱shapa	7
ta̱re̱e̱	7
taꞌnꞌgana	7
ta̱ndaaki	7
ta̱na̱a̱	7
ta̱hunrana	7
ta̱hin	7
ta̱hibwa	7
ta̱ha̱ni	7
ta̱ha̱nga	7
ta̱hange̱	7
ta̱goki	7
ta̱ge̱	7
ta̱duwa̱na̱	7
ta̱báni	7
tare̱	7
taraa	7
taha̱nga	7
tagaa	7
tada̱ba	7
tabísa̱gi	7
tabishi	7
tabisa̱	7
taaga	7
suꞌuya̱	7
suhwaa	7
sa̱pi	7
ruzhanna	7
ruru	7
riinshina̱	7
rigijigi	7
pitila	7
nꞌta̱maanwyana	7
nꞌsa̱nka̱ri	7
nꞌribici	7
nꞌja̱a̱	7
nꞌhuunruun	7
nꞌga̱a̱	7
nꞌgaga	7
ngiswan	7
ndupa	7
na̱nnda̱ree	7
na̱ma	7
mꞌpa̱	7
mꞌmaya̱nu	7
munsan	7
me̱mi	7
mayata	7
mawuna̱na̱	7
mata̱	7
mapa	7
manda	7
maga̱gaaga	7
kuubwaa	7
kuta̱a̱	7
kuswa	7
kusu	7
kura	7
kuharuwa	7
kuda̱gahinaa	7
kuda̱gagi	7
kota̱na̱	7
koopi	7
kinaa	7
kasuwa	7
kasooja	7
kaka	7
iꞌnꞌjwarigi	7
iꞌa̱ri	7
iza	7
iyaagagi	7
inro̱n	7
ijwara̱ga	7
ihuri	7
ibishi	7
híike	7
hwa	7
huwo	7
huwa̱ga̱	7
hura̱ni	7
hk	7
hincin	7
hiika̱hina̱	7
ha̱mbagi	7
gwaan	7
guna̱	7
gira	7
ga̱ta̱a̱gi	7
díbe̱	7
caanhina	7
bísa̱gi	7
buza̱a̱	7
buuꞌye̱e̱	7
bushici	7
buhange̱	7
buga̱	7
bubwaa	7
bo̱do̱	7
bisa̱nka̱ri	7
bine̱e̱	7
ba̱ra̱gi	7
ba̱ha̱na̱a̱	7
basagana	7
baariki	7
baaba	7
b	7
ayo̱n	7
atanaa	7
ashii	7
ara̱rabi	7
apaga	7
ana̱nna	7
ahyu	7
ahange̱	7
ace̱pe̱	7
Yo̱n	7
Uya̱	7
Undu	7
Ta̱hani	7
Ta̱bishi	7
Rubara̱ka	7
Mbata	7
Mata̱ma̱nriin	7
Ma	7
Lisitira	7
Kusu	7
Kuraane	7
Kubutu	7
Kilikiya	7
Iya	7
Images	7
Ikooniya	7
Huri	7
Hiruudiya	7
Cina̱na̱	7
Butataga	7
Buna	7
Buka̱	7
Aꞌye̱e̱	7
Akota̱ni	7
Ahoo	7
Aaꞌa	7
yisiti	6
xbusha̱pi	6
xbunaa	6
xanda̱i	6
xaja̱a̱	6
xUhwe̱n	6
xMashi	6
xBushi	6
wya̱ra̱mi	6
wun	6
wucici	6
wa̱shi	6
wa̱ra̱	6
wasa	6
ure̱ntun	6
ungwan	6
unda	6
ta̱ꞌyapa	6
ta̱zwagana	6
ta̱yansan	6
ta̱shiraga	6
ta̱ra̱ka̱ni	6
ta̱ra	6
ta̱pa̱	6
ta̱nshi	6
ta̱ndatu	6
ta̱masha̱a̱ga̱	6
ta̱maga̱a̱ga̱nu	6
ta̱kuda̱gahina	6
ta̱huunha̱na̱	6
ta̱huri	6
ta̱hiika̱hina̱	6
ta̱ha̱mba̱ga̱ncin	6
ta̱cii	6
ta̱ciga̱hina̱	6
ta̱bina̱	6
tayansun	6
tapa	6
tanje̱	6
tana	6
takáji	6
taana	6
suniimi	6
sundaabi	6
shiici	6
ra̱a̱ci	6
raan	6
pyanda	6
pa̱m	6
pasa	6
panaa	6
paawu	6
nꞌundu	6
nꞌtumunsun	6
nꞌta̱ꞌo̱to̱	6
nꞌta̱yincincin	6
nꞌta̱shapaciga	6
nꞌta̱nda	6
nꞌta̱bita̱riga	6
nꞌruꞌure̱	6
nꞌrumunro̱n	6
nꞌndukwa	6
nꞌkorogo	6
nꞌka̱shi	6
nꞌka̱a̱	6
nꞌhyun	6
nꞌhin	6
nꞌhamba	6
nꞌguzha̱ni	6
nꞌcininhin	6
nde̱e̱	6
ndaakici	6
na̱ta̱	6
mꞌpa	6
mꞌmahiin	6
mꞌbaagi	6
munrun	6
maꞌwe̱n	6
mazooni	6
mawya̱shi	6
mawundu	6
mawaana	6
maba	6
kíciike̱	6
kuꞌiri	6
kuꞌina	6
kuta̱wuce	6
kuta̱panaa	6
kunga̱tu	6
kuhyo̱	6
kuge̱	6
kuga̱tu	6
kuda̱gahina	6
katanu	6
katana	6
kapirisiti	6
kaniimi	6
jwaci	6
ja̱a̱cii	6
ja̱a̱ci	6
iyaanyini	6
ire̱	6
ipa̱	6
inco̱n	6
ikai	6
ihoo	6
ihange̱	6
igura̱a̱	6
ide̱be̱	6
icici	6
ibisa̱a̱	6
hya̱	6
hyaabu	6
hure	6
hoosa̱ga̱gi	6
hiika̱ki	6
ha̱nta̱a̱ni	6
ha̱mba̱a̱gi	6
hanshinhina	6
gurubi	6
gura̱a̱ci	6
gooda̱ga̱	6
ga̱a̱gi	6
fo̱nje̱	6
foga̱	6
da̱a̱rici	6
dabu	6
cwaagaga	6
cwaaga	6
báhine̱	6
bwa̱ci	6
buꞌwa̱ta̱gi	6
buwya̱ri	6
buwuci	6
bunda̱i	6
buna̱maa	6
buga̱a̱	6
bishashabi	6
bindaabwa	6
biko	6
bija̱a̱	6
bijaa	6
biikorogo	6
biha̱ni	6
bigwaga	6
ba̱nriin	6
ba̱nii	6
ba̱iko	6
a̱sa̱a̱ga̱ni	6
a̱sa̱a̱ga̱na̱	6
azware̱	6
aya̱na̱nhin	6
ayansun	6
ata̱ni	6
are̱	6
arara	6
aputu	6
apitila	6
andaabwa	6
andaa	6
ambyau	6
ajwara̱ga	6
ahunraana	6
Zaabura	6
Yeriiko	6
Uro̱pe̱	6
Unii	6
Ungwan	6
Uha̱ni	6
Tiyoofilu	6
Ta̱mawuna̱na̱	6
Ta̱helena	6
Ta̱hantana	6
Ta̱hakana	6
Tana	6
Shiinhin	6
Shici	6
Sha̱a̱	6
Ruba̱	6
Pee	6
Pa̱ri	6
Nꞌta	6
Nꞌshi	6
Nuhu	6
Mꞌburoodi	6
Mara̱ta	6
Kuunje̱	6
Kuta̱naa	6
Ku	6
Kawyatu	6
Jesus	6
Iyaan	6
Isikariyo̱ti	6
Ishi	6
Imba̱	6
Igura̱a̱	6
Hoosaana	6
Ha̱nga	6
Ga̱gaagana	6
Faraasiya	6
Ce̱nye̱n	6
Buya̱tu	6
Buyata	6
Buta	6
Bujaa	6
Biyaan	6
Biriya	6
Binaa	6
Baꞌala̱zabu	6
Batasaida	6
Aꞌafisa	6
Aratemisu	6
Anje̱	6
Ane̱e̱	6
Afolosu	6
zwagagana	5
zumanu	5
zuga	5
zoo	5
yimo̱	5
yima̱a̱	5
ya̱ba̱ni	5
xubutu	5
xbuta̱ni	5
xbupa̱ni	5
xbuga̱a̱	5
xandaaki	5
xakota̱ni	5
xaha̱mba	5
wuta̱	5
wuma̱a̱na̱	5
wuciha̱ni	5
utari	5
upirisiti	5
ufuna̱	5
uda̱bi	5
tára̱kani	5
tutumaa	5
tunu	5
the	5
ta̱ꞌnꞌga	5
ta̱ꞌiya	5
taꞌyapa	5
ta̱yaaciga	5
ta̱ta̱	5
ta̱sumu	5
ta̱nje̱	5
ta̱mba̱ra̱	5
ta̱maruba̱	5
ta̱káji	5
ta̱hinje	5
ta̱hantaana	5
ta̱gwatana	5
ta̱bisa̱	5
ta̱a̱ga̱gi	5
taza	5
tayancin	5
tata	5
tandaya	5
tamanrinyaan	5
taja̱a̱	5
tajaa	5
tahin	5
tacita̱ga̱	5
tabana	5
taamaa	5
taagaga	5
sáanhinai	5
swe̱n	5
suwa	5
suu	5
sura	5
suka̱	5
soo	5
shuyo	5
shinran	5
shinraanwyan	5
sa	5
ruꞌwa	5
ruwa	5
rigi	5
rana	5
punshin	5
pa̱gi	5
nꞌza̱zama	5
nꞌwya̱ri	5
nꞌta̱ꞌmꞌbaa	5
nꞌta̱ndatu	5
nꞌta̱maa	5
nꞌta̱gumunu	5
nꞌta̱baa	5
nꞌsungo	5
nꞌshita̱	5
nꞌshani	5
nꞌsa̱ra̱ri	5
nꞌrubara̱ka	5
nꞌniimi	5
nꞌndaya	5
nꞌnda	5
nꞌja̱maa	5
nꞌja̱a̱ci	5
nꞌhyoo	5
nꞌhura̱gi	5
nꞌduunrin	5
nꞌcima	5
njiwo	5
nge̱nshe̱n	5
nga̱nga̱nda̱	5
ngazana	5
ndaakaki	5
mꞌpe̱re̱	5
mꞌmaꞌwe̱n	5
mꞌbashi	5
munta̱	5
maꞌiya	5
maꞌira̱	5
mata̱nda̱ra̱	5
masoo	5
masha̱a̱ga̱	5
mareeko	5
mape̱e̱n	5
manaa	5
makwasa	5
mahusani	5
mahantaana	5
maanwyana	5
liilin	5
kwashe̱	5
kuꞌwe̱e̱	5
kuta̱ma	5
kuta̱huwa̱	5
kuta̱duwa̱na̱	5
kupita	5
kunnunu	5
kungwan	5
kunai	5
kukoya̱	5
kuhantun	5
kuga̱mi	5
kuce̱pe̱	5
koya̱a̱	5
kaꞌupwa	5
ka̱fu	5
ka̱da̱a̱gi	5
ka̱ciga̱ni	5
ka̱bi	5
kaya̱too	5
kasu	5
kala̱ma	5
ja̱maa	5
jabaga	5
iꞌisa	5
iyo	5
iyancin	5
ina̱nna	5
ika̱ra̱bi	5
iiro̱pe̱	5
iindaaki	5
iduwa̱ni	5
hurupa̱ga̱ni	5
hurici	5
hura̱hina̱	5
huna̱	5
hiriga	5
hiika̱ni	5
ha̱nsha̱nha̱ni	5
haasana	5
guzha̱ni	5
guna̱a̱ni	5
gumaka	5
giye	5
giya̱ga̱	5
ga̱ci	5
dukuta	5
cina̱ni	5
ca̱ma̱ncin	5
ca̱guda̱a̱gi	5
ca̱guda̱a̱ga̱gi	5
ca̱a̱n	5
bwake̱	5
bwaga	5
buꞌwi	5
buuhin	5
butanaa	5
butaa	5
bushápi	5
busha̱pi	5
bucici	5
biya̱a̱	5
bindaabi	5
bina̱na̱	5
bikorogo	5
bikoopi	5
be̱te̱re̱ge̱	5
baka	5
aꞌa̱yoo	5
aya̱nu	5
ayata	5
ata̱gi	5
atanda	5
ataatu	5
ashoo	5
apa̱	5
ano̱no̱	5
aniinii	5
akunai	5
aka̱bi	5
ahoo	5
aguni	5
adiini	5
abishi	5
abisa̱a̱	5
aba̱ba	5
aapa̱ni	5
Za	5
Yeese	5
Wade	5
WA	5
Unje̱	5
Tikikusu	5
The	5
Ta̱ꞌwaba	5
Ta̱taga	5
Ta̱ruba̱	5
Ta̱kai	5
Ta̱jwara̱ga	5
Ta̱hiika̱	5
Ta̱hange̱	5
Ta̱báni	5
Tarususu	5
So̱do̱m	5
Sooja	5
Shiraaga	5
Shapa	5
Sabu	5
Piree	5
Pamafiliya	5
Nꞌza	5
Nꞌwya̱ra̱mi	5
Nꞌshii	5
Nꞌne̱e̱	5
Nꞌnda̱i	5
Nꞌhwe̱n	5
Mꞌmwaan	5
Maya̱nu	5
Mana̱nna	5
Mahwarapi	5
Laazaru	5
Korinti	5
Koloosi	5
Jooshuwa	5
Janiisarata	5
Iyancin	5
Isa	5
Ihoo	5
Hala̱fa	5
Gwamina	5
Darabe	5
Bu	5
Birisikila	5
Atina	5
Aruba̱	5
Arisitarakusu	5
Ambishiri	5
Aleka̱zanda	5
Akiila	5
Aja̱a̱	5
Ahin	5
Ahelena	5
Aha̱nta̱ni	5
Afilibi	5
Ace̱pe̱	5
ꞌya̱piga̱su	4
ꞌyama	4
ꞌwa̱ruꞌwa̱ru	4
íyaagi	4
zwa̱ri	4
zumani	4
zhe̱mbe̱	4
za̱ka̱ri	4
zaga	4
yinzhin	4
ye̱ge̱ye̱ge̱	4
ya̱wa̱ni	4
ya̱na̱ba	4
xutaa	4
xta̱shi	4
xnꞌnje̱	4
xinje̱	4
xbude̱be̱	4
xbide̱be̱	4
xaꞌye̱e̱	4
xare̱	4
xama̱a̱nwya̱ni	4
xahuri	4
xahoosa̱ga̱ni	4
xahin	4
xahange̱	4
xAta	4
xAshi	4
wya̱rugo	4
wyashika	4
wuta̱na̱	4
wuna̱a̱ni	4
wo̱nro̱n	4
wa̱ta̱ku	4
wanyin	4
uꞌa̱cii	4
usooja	4
ushuyo	4
ushaani	4
ugura̱a̱	4
ufuni	4
ucagudana	4
tuba̱	4
ta̱ꞌwapa	4
ta̱zhaa	4
ta̱yana	4
ta̱yan	4
ta̱wyashikaka	4
ta̱wuma̱na̱	4
ta̱suswee	4
ta̱sha̱a̱ga̱	4
ta̱rana	4
ta̱nu	4
ta̱nribici	4
ta̱nnje̱	4
ta̱nnda̱i	4
ta̱ncin	4
ta̱naawan	4
ta̱na	4
taꞌmꞌpana	4
ta̱mawaana	4
ta̱manyan	4
ta̱makicihinaa	4
ta̱makaka	4
ta̱mahoosa̱ga̱ga̱	4
ta̱kadaga	4
ta̱jaga	4
taꞌisa	4
ta̱in	4
ta̱hurugo	4
ta̱hoo	4
ta̱cina̱na̱	4
ta̱ciga̱	4
ta̱bure	4
ta̱banana	4
ta̱a̱biha̱ni	4
tawyashika	4
tata̱na̱	4
taswa	4
tara̱kana	4
tara̱a̱	4
tanaawan	4
takatana	4
takada	4
tahunrana	4
tahiika̱	4
taani	4
swaga	4
suun	4
sunda	4
sháapi	4
shiragici	4
shiraaga	4
she̱re̱	4
shenje	4
sha̱pici	4
shapaga	4
shapaciga	4
sa̱nka̱ri	4
saan	4
ruyaan	4
rushi	4
runiimi	4
runa̱nna	4
rocu	4
roci	4
re̱ntun	4
re̱ge̱	4
re̱ga	4
pirisiti	4
pira̱ga̱	4
pantaan	4
of	4
nꞌya̱nu	4
nꞌyan	4
nꞌun	4
nꞌturaare	4
nꞌta̱ya̱	4
nꞌta̱sha	4
nꞌta̱pa	4
nꞌta̱makwaakaa	4
nꞌta̱hinje	4
nꞌta̱gooda̱	4
nꞌsweeswee	4
nꞌshiraga	4
nꞌshii	4
nꞌshami	4
nꞌo̱to̱	4
nꞌnaanyin	4
nꞌka̱	4
nꞌkagura̱	4
nꞌjwara̱ga	4
nꞌjogo	4
nꞌfo	4
nꞌana	4
nga̱zhin	4
nga̱za̱ni	4
ndái	4
nda̱ya̱gi	4
naanyin	4
mꞌmꞌbaa	4
mꞌmayaan	4
mꞌmariga̱	4
mꞌmaraba	4
mꞌbishi	4
mꞌbisa̱a̱	4
mꞌbiha̱ni	4
mbaa	4
maꞌunso̱ncin	4
ma̱nta̱in	4
mayibaku	4
mawuzhira̱	4
mawuna̱a̱nyin	4
masuka	4
mashiragi	4
mashikani	4
masha̱pi	4
masha̱a̱	4
masha	4
manu	4
manje̱	4
majaa	4
maha̱nda̱ga̱su	4
magiici	4
magii	4
maduwa̱na̱	4
macigi	4
mabisa̱a̱	4
mabiha̱ni	4
maba̱ha̱ni	4
kwashe̱he̱ne̱	4
kuꞌmꞌmwaan	4
kuꞌasa̱pi	4
kuta̱sha̱a̱	4
kuta̱maanwyana	4
kushi	4
kupaa	4
kunshaani	4
kuka̱ta̱ku	4
kugwamina	4
koota̱ga̱	4
kokobi	4
kiꞌiri	4
kiyaan	4
kiloomita	4
kiikorogo	4
kiibe̱e̱	4
ka̱a̱ci	4
kaza	4
kayana	4
kasa	4
kanii	4
kane̱e̱	4
kanda̱i	4
kandaga	4
kandaabwa	4
kacita̱a̱ga̱	4
jábani	4
jikita̱	4
iꞌe̱nshe̱n	4
iyagi	4
iwya̱nzhin	4
irici	4
imi	4
ika̱mbiga̱gi	4
iihin	4
ihwa̱	4
hya̱a̱	4
hwaa	4
huzhi	4
huza̱	4
hura̱a̱ga̱	4
hunraana	4
hoosa̱ga̱ga̱	4
hiika̱ka̱	4
hiika̱hina̱a̱	4
ha̱nka̱nka̱na̱	4
ha̱ngaga	4
ha̱mba̱ga̱ncin	4
haan	4
gwataga	4
gwasa	4
guna̱a̱nyin	4
guna̱a̱nwya̱n	4
googoogoo	4
gigiriga̱hina̱a̱	4
gba̱a̱nta̱a̱na̱	4
gai	4
fukaa	4
duwa̱ga̱na̱	4
dike̱	4
da̱a̱ra̱	4
daba	4
cipana	4
ciga̱hina̱	4
cice̱pe̱	4
buzumba̱	4
buzaa	4
buta̱ni	4
butahura̱	4
butahoo	4
busupi	4
bushaani	4
bugai	4
bubishi	4
bubisa̱a̱	4
biwya̱ri	4
bisumma	4
bishici	4
bini	4
bika̱ra̱bi	4
biindakwa	4
bihin	4
bibibe̱e̱	4
ba̱sa̱ni	4
ba̱ri	4
ba̱na̱ni	4
ba̱ha̱na̱	4
banu	4
a̱sa̱ga̱na̱	4
aꞌnꞌkwane̱	4
a̱nta̱a̱ni	4
aꞌa̱ri	4
azha̱a̱	4
aza	4
ayoo	4
aya̱ndoo	4
ayamboo	4
ata̱nda̱ra̱	4
asumo̱	4
ashiraaga	4
are̱e̱	4
aree	4
ara̱ni	4
ara̱a̱	4
apusa̱ka	4
antana	4
anje̱ce̱	4
ange̱nshe̱n	4
ange̱	4
anga̱nga̱nda̱	4
ande̱e̱be̱	4
andagi	4
akuda̱gagi	4
aka̱da̱a̱gi	4
ai	4
ahwe̱n	4
aciga̱hini	4
aca̱a̱sa̱	4
abisa̱gi	4
aazúmani	4
aandaaki	4
Zerubaabili	4
Yaso̱no̱	4
XAhin	4
Utuma	4
Utari	4
Utakaada	4
Upwa	4
Toma	4
Ta̱ꞌwa̱	4
Ta̱yaahudiya	4
Ta̱ra̱ga̱da̱	4
Ta̱ne̱e̱	4
Ta̱nda	4
Ta̱na̱	4
Ta̱ma̱ncin	4
Suta̱hyan	4
Shin	4
Sheyalitiyali	4
Sha	4
Salumu	4
Ruzha̱a̱	4
Ro̱pe̱	4
Pisidiya	4
Pe̱kata	4
Peruzu	4
Pa	4
Obedi	4
Nꞌzumaanyin	4
Nꞌyo̱	4
Nꞌyaan	4
Nꞌjwárige̱	4
Nasho	4
Mꞌpirwa	4
Militusu	4
Matata̱	4
Mataatiya	4
Maaliki	4
Liida	4
Lawudikiya	4
Kuyaan	4
Kushiikwa	4
Kuga̱n	4
Knowles	4
Kiinje̱	4
Kiinii	4
Kiinda̱i	4
Kenan	4
Kaꞌaana	4
Kayaapa	4
Itaaliya	4
Iniyasu	4
Ine̱e̱	4
Inda̱i	4
Icita̱gici	4
Horace	4
He̱zuro	4
Ha̱nnu	4
Ga̱tuu	4
Gata̱samaani	4
Firiꞌauna	4
Finikiya	4
E̱lai	4
Ee	4
Cikaa	4
Buruba̱	4
Buntu	4
Bunaazare	4
Bowaazu	4
Bidura̱	4
Bibe̱	4
Banisi	4
Baatalomi	4
Baabila	4
Atuma	4
Asamaariya	4
Aramu	4
Apaforiditusu	4
Ana̱maa	4
Amiinada	4
Alekazandiriya	4
Ajaa	4
Agyama	4
Aga̱a̱	4
Agarasa̱na	4
Adamu	4
Acincin	4
Abafarasu	4
ꞌyafu	3
ꞌwa̱ruba̱ni	3
ꞌYe̱n	3
ꞌWaan	3
zwa̱ga̱ga̱ni	3
zwagani	3
zooga̱na̱	3
zhizhiba	3
zhinyan	3
zhimbira	3
yeree	3
ya̱bi	3
yamboo	3
xta̱nnje̱	3
xta̱nje̱	3
xma	3
xbuja̱a̱	3
xbujaa	3
xbuhange̱	3
xbugwataga	3
xbugura̱a̱	3
xbinda̱i	3
xbinaa	3
xbijaa	3
xaꞌya̱pi	3
xaꞌisa	3
xaꞌa̱nta̱a̱ni	3
xayansun	3
xata̱zhiga̱ni	3
xataa	3
xaro̱be̱	3
xaka̱bi	3
xajaa	3
xabishi	3
xaba̱ni	3
xaba̱ha̱ni	3
xUbutu	3
xBwa	3
xAka̱bi	3
wyanfo̱n	3
wuna̱a̱na̱	3
uzuzu	3
uya̱nu	3
uta̱ni	3
ushici	3
uro̱be̱	3
uraakumi	3
upyanda	3
unpin	3
unje̱ce̱	3
une̱e̱	3
uka̱	3
uhunranhunran	3
uhantun	3
tumunsun	3
te̱ne̱	3
ta̱ꞌá̱sa̱a̱ga̱ni	3
ta̱ꞌye̱n	3
ta̱ꞌnꞌjwara̱ga	3
ta̱ꞌnꞌgana	3
ta̱wyashika	3
ta̱wungumana	3
ta̱wuna̱a̱na̱	3
taꞌwa̱	3
ta̱wajigaa	3
taꞌura̱ku	3
ta̱tundushi	3
ta̱tuba̱ga̱	3
ta̱ta̱ni	3
ta̱ta̱hura̱	3
ta̱tazhigana	3
ta̱shiragi	3
ta̱shani	3
ta̱shana	3
ta̱sa̱a̱nha̱na̱a̱	3
ta̱rupa	3
ta̱ribici	3
ta̱re̱ga	3
ta̱pa̱ncin	3
taꞌnꞌkáji	3
ta̱nribi	3
ta̱ndupa	3
ta̱na̱maa	3
ta̱mbiha̱na̱	3
ta̱maꞌunso̱ncin	3
ta̱mashapaciga	3
ta̱maribici	3
ta̱kaka	3
ta̱kacigana	3
ta̱kaba	3
ta̱jabaga	3
taꞌiya	3
ta̱hwarapi	3
ta̱huza̱a̱ga̱	3
ta̱huwa̱ga̱	3
ta̱ha̱mbara	3
ta̱ha̱mbaga	3
ta̱ha̱mba	3
ta̱hantana	3
ta̱gyama	3
ta̱gwataga	3
ta̱gunii	3
ta̱guni	3
ta̱gooda̱	3
ta̱ga̱wa̱	3
ta̱funda	3
ta̱foga̱	3
ta̱duwa̱ni	3
ta̱de̱be̱	3
ta̱da̱ba̱ga̱	3
ta̱cigi	3
ta̱bwaciga	3
ta̱biyana	3
ta̱bisa̱gi	3
ta̱bira	3
ta̱ba̱ha̱na̱a̱	3
ta̱ba̱ha̱na̱	3
ta̱banrinyan	3
ta̱a̱nici	3
ta̱a̱kuda̱gahini	3
tazhigana	3
tazhigaaga	3
tazhaa	3
tawuce	3
tashici	3
taru	3
tamantan	3
tamanrinyan	3
tama	3
takunaa	3
takinda̱	3
takadaga	3
tahunraana	3
tahe̱e̱n	3
taha̱mba̱ga̱	3
taciga̱hina̱	3
tabira	3
tabe̱re̱ce̱	3
taan	3
taahini	3
taabisa̱	3
suta̱hyan	3
suhuba̱	3
suce̱be̱	3
subaa	3
shápagi	3
shikici	3
shika	3
shiipa	3
sheeda	3
sha̱a̱ta̱ni	3
shanaa	3
sa̱n	3
sa̱mbi	3
sa̱a̱nha̱ni	3
san	3
ruya̱nu	3
rushama	3
runiinhin	3
rota̱ga̱	3
rokuuco	3
riyishe	3
ra̱ncin	3
rara	3
raakumi	3
pé̱e̱	3
pwasa	3
puuka̱	3
punsa̱n	3
pigira̱ni	3
pa̱a̱	3
nꞌíye̱	3
nꞌzumaa	3
nꞌzhe̱nke̱n	3
nꞌya̱a̱cigi	3
nꞌwyanzan	3
nꞌwuzu	3
nꞌtuma	3
nꞌtugusu	3
nꞌta̱ꞌyapa	3
nꞌta̱ꞌinsan	3
nꞌta̱yaan	3
nꞌta̱taa	3
nꞌta̱swa	3
nꞌta̱suuga̱	3
nꞌta̱shika	3
nꞌta̱pasa	3
nꞌta̱ndaya	3
nꞌta̱naawan	3
nꞌta̱ma	3
nꞌta̱kuda̱gahinaa	3
nꞌta̱jikita̱na̱	3
nꞌta̱ha̱nsha̱nha̱na̱	3
nꞌta̱hange̱ce̱	3
nꞌta̱duwa̱na̱	3
nꞌta̱cita̱ga̱	3
nꞌta̱cina̱na̱	3
nꞌtanaa	3
nꞌsuhwaa	3
nꞌsuce̱be̱	3
nꞌshiragi	3
nꞌna̱nna	3
nꞌnaa	3
nꞌkuna	3
nꞌkuda̱gahini	3
nꞌkota̱ni	3
nꞌkota̱ncin	3
nꞌko	3
nꞌkaki	3
nꞌhyaan	3
nꞌha̱nta̱ni	3
nꞌgwaga	3
nꞌguni	3
nꞌga̱ga̱ri	3
nꞌfwaru	3
nꞌduwa̱ni	3
nꞌdura̱	3
nꞌce̱pe̱	3
nꞌa̱	3
nꞌadaadoo	3
nguncin	3
naruba	3
namii	3
mꞌpyara	3
mꞌmansan	3
mꞌmahunre̱n	3
mꞌmagwashe̱	3
mꞌmaa	3
mꞌbure	3
muru	3
mawyasa	3
mawuna̱a̱na̱	3
mashici	3
mamunsana	3
mame̱ma	3
makusuma̱a̱	3
mahoosa̱ga̱gi	3
magiya̱	3
maga̱ci	3
maako	3
lb	3
kóta̱ni	3
kíne̱	3
kuꞌmꞌba	3
kuꞌayaan	3
kuza	3
kuutuma	3
kuugwama	3
kuta̱yaan	3
kuta̱taa	3
kuta̱pana	3
kuta̱kai	3
kuta̱jwara̱ga	3
kuta̱hiika̱	3
kuta̱gwaan	3
kuta̱ga̱gaagana	3
kuta̱bara	3
kushihinani	3
kusa	3
kunu	3
kukataga	3
kujabagu	3
kuguguji	3
kubina̱	3
kuba̱re	3
koota̱	3
kiꞌina	3
kinji	3
kimii	3
kiiyaan	3
kiishita̱	3
kiinii	3
kicihinaa	3
ka̱mbigi	3
kaꞌa̱	3
kaya̱na̱nhin	3
katari	3
katakii	3
kahoo	3
kadaaga	3
kacigana	3
ka	3
jwára̱gani	3
jwasu	3
jikita̱na̱	3
iꞌwaan	3
iꞌnꞌkota̱ni	3
iꞌe̱she̱	3
ishii	3
isaa	3
ira̱a̱	3
in	3
iiyancin	3
iiha̱mba̱ga̱ncin	3
iigooji	3
iha̱mba̱ga̱	3
icita̱gici	3
ibukuta̱gi	3
ibisa̱gi	3
ibe̱e̱	3
hyoo	3
hwara̱pigaga	3
hwan	3
hwaani	3
hwaama	3
hurupa̱ga̱na̱	3
hura̱na̱	3
hoosa̱	3
hira̱gaga	3
ha̱sa̱a̱	3
ha̱nda̱	3
ha̱mbara	3
ha̱mbaga	3
gyamaa	3
gwatancin	3
gwatagana	3
gwataaga	3
gura̱ha̱na̱	3
gura	3
guniincin	3
gubi	3
gisa	3
gida̱ga̱na̱	3
ge̱e̱ge̱e̱	3
gba̱a̱nta̱ni	3
ga̱ru	3
gataaga	3
daadoo	3
daada	3
cíinha̱ni	3
cágudani	3
cwara	3
cwaagani	3
cina̱ncin	3
ciga̱gi	3
cibi	3
ciba̱	3
ca̱a̱sa̱	3
cagudana	3
bwé̱e̱	3
bwani	3
buꞌnꞌra̱a̱	3
buꞌnꞌjwara̱ga	3
buꞌnꞌguni	3
buꞌa̱cii	3
buya̱na̱a̱nhin	3
buyansun	3
buyan	3
buura̱a̱	3
butahange̱ce̱	3
busoo	3
bushe̱nshe̱n	3
bura̱ni	3
buniinhin	3
bunda̱a̱tu	3
bundaaki	3
buma̱nta̱a̱ni	3
bukúshiike̱	3
bukwade̱ge̱	3
bujwara̱ga	3
buja̱a̱ci	3
buhwashe̱	3
buhoo	3
bugwataga	3
bubiha̱ni	3
biꞌwici	3
biꞌwi	3
biꞌmꞌbaa	3
biꞌa̱sa̱a̱ga̱ni	3
biya̱	3
biwya̱ra̱mii	3
bita	3
birire̱ke̱	3
bina̱maa	3
bikúshe̱e̱	3
bikuda̱gahini	3
bijooshiipa	3
biigudu	3
bihuri	3
bihanda	3
beree	3
ba̱ra̱shina̱	3
ba̱da̱	3
basana	3
bara̱nwyan	3
a̱ra̱ga̱ni	3
azha̱a̱gi	3
ayancin	3
awyánzhin	3
awya̱rubo	3
ata̱	3
atahoo	3
ataa	3
asa̱pi	3
aruun	3
areeko	3
apira̱	3
apa̱ga̱ni	3
andái	3
ana̱ma	3
amunsani	3
ama̱ma̱ni	3
amakaka	3
akura̱na̱	3
aka̱da̱gi	3
ajamaa	3
ahwaanyan	3
ahiiki	3
aha̱ni	3
agwataga	3
agura̱	3
agida̱ga̱gi	3
aduwa̱ni	3
acici	3
ace̱be̱	3
aaꞌye̱e̱	3
aamunsani	3
Yusutusu	3
XAka̱bi	3
Wyanzun	3
Wakaa	3
Uzumaancin	3
Uza	3
Una	3
Uhwarapi	3
Ta̱ꞌnꞌga	3
Ta̱wuma̱na̱	3
Ta̱wanyan	3
Ta̱shapa	3
Ta̱sha	3
Ta̱ribi	3
Ta̱pa	3
Ta̱naa	3
Ta̱cita̱	3
Tarofimusu	3
Tara̱tulusu	3
Tapata	3
Tabiita	3
Suwa	3
Suba	3
Shaana	3
Pita	3
Pinsan	3
Pina	3
Pe̱ntiko	3
Paaka	3
Paa	3
Nꞌtumunsun	3
Nꞌta̱nda̱ra̱	3
Nꞌrabi	3
Nꞌkaba	3
Nꞌja̱a̱	3
Nꞌhange̱	3
Nꞌgata	3
Nineba	3
Mꞌbishi	3
Manje̱	3
Maka̱nta̱ni	3
Maataya	3
Luutu	3
Louise	3
Lisiyasu	3
Liidiya	3
Kuꞌana	3
Kuutuma	3
Kuta̱hin	3
Kuswa	3
Kushiika	3
Kunrun	3
Kuna	3
Kuga̱hin	3
Kubwa	3
Kiihwaanwun	3
Ka̱a̱ta̱ra̱	3
Kayishe	3
Kanii	3
Kanda̱i	3
Kalaudiyusu	3
Ji	3
Iꞌmꞌbaa	3
Iriminyan	3
Imba̱nu	3
Ika̱	3
Iizumani	3
Iiro̱pe̱	3
Iihin	3
Iiha̱mba̱ga̱ncin	3
Ihange̱	3
Iga̱a̱	3
Hure	3
Hunraana	3
Haki	3
Habasha	3
Ga̱tun	3
Ga̱ga̱ga̱	3
Galiyo	3
Galaatiya	3
Firijiya	3
Do̱ko̱	3
Demasu	3
Cita̱	3
Cipana	3
Butanda	3
Busamaariya	3
Buna̱maa	3
Buki	3
Bucici	3
Bo̱do̱	3
Biza	3
Bisorooniya	3
Bine̱e̱	3
Bina̱	3
Bikorogo	3
Batafaji	3
Bass	3
Bana	3
A̱sa̱ga̱a̱ga̱	3
Aꞌiyo̱	3
Aꞌa̱cii	3
Azha̱a̱zha̱a̱	3
Aya̱nu	3
Ashira̱	3
Ashibo	3
Asa̱mba̱ri	3
Arimatiya	3
Ana̱nna	3
Ame̱	3
Akorinti	3
Akoloosi	3
Aka̱shi	3
Akaya	3
Adubo	3
Ada̱a̱da̱	3
Abiija	3
A	3
ꞌyápi	2
ꞌye̱e̱ce̱	2
ꞌya̱pa̱gi	2
ꞌyapaga	2
ꞌyantani	2
ꞌwa̱ga̱hina̱	2
á̱sa̱a̱ga̱ni	2
zóogi	2
zware̱	2
zwara	2
zwage̱	2
zwaan	2
zumaana	2
zoona̱	2
zhinyaana	2
zhinyaan	2
zhintani	2
zhintaana	2
zhe̱nye̱n	2
zha̱a̱nta̱n	2
zha̱a̱gi	2
za̱nda̱	2
za̱ka̱	2
zaci	2
zaantan	2
yánshin	2
yo̱o̱	2
yimani	2
ye̱nce̱n	2
yama	2
yabi	2
xuupa̱	2
xuhantun	2
xta̱ta	2
xta̱nhuri	2
xta̱ngwataaga	2
xnꞌta	2
xnꞌgii	2
xiꞌisa	2
xita	2
xishi	2
xbuꞌe̱nshe̱n	2
xbuya̱na̱	2
xbuposhi	2
xbundaaki	2
xbukáji	2
xbujwara̱ga	2
xbuhuri	2
xbuha̱mbana	2
xbuha̱mba	2
xbugiye	2
xbuciin	2
xbuciga̱hini	2
xbucaanhini	2
xbita	2
xbima̱a̱nwya̱ni	2
xbiga̱a̱gi	2
xbiga̱a̱	2
xbicici	2
xbica̱guda̱a̱ga̱gi	2
xbibisa̱a̱	2
xaꞌwaan	2
xaꞌnꞌgani	2
xawuma̱a̱ni	2
xatibi	2
xata̱ha̱ni	2
xashápi	2
xasha̱pi	2
xarúpe̱	2
xanjé̱e̱	2
xandagi	2
xana	2
xamaꞌa̱sa̱a̱ga̱ni	2
xamawuna̱ni	2
xamata̱gi	2
xakunai	2
xajábagi	2
xajwara̱ga	2
xahántani	2
xahurogo	2
xahunraana	2
xaha̱nta̱ni	2
xade̱be̱	2
xacina̱ni	2
xTa̱shapaciga	2
xTa̱nya̱bi	2
xNꞌhwe̱n	2
xBuyaan	2
xButa	2
xAwyatu	2
wyagadaga	2
wunsa̱n	2
wumo̱	2
wuguda̱ni	2
with	2
wa̱shici	2
wa̱jiga̱a̱	2
washi	2
uꞌnꞌye̱e̱	2
uꞌara	2
uzumaancin	2
uzhe̱nke̱n	2
uyo̱	2
uyata	2
uwuna̱a̱ni	2
uupa̱ni	2
utanda	2
ushigi	2
ushani	2
usa̱nsan	2
ururo	2
uriga̱	2
ura̱ka̱ku	2
ura	2
upataruwa	2
unta̱nta̱un	2
unfuun	2
unaa	2
umacaanhini	2
ukada	2
uhyuhyu	2
uhwa̱	2
uhurici	2
uhin	2
ugwamina	2
uguma	2
uga̱a̱	2
ugagu	2
uduun	2
ubáni	2
ubuki	2
ubisa̱a̱	2
táagagi	2
tutumaanwyan	2
tutuba̱ni	2
turaare	2
ta̱ꞌye̱e̱	2
ta̱ꞌura̱ku	2
ta̱ꞌupwa	2
ta̱ꞌnꞌcita̱a̱ga̱	2
ta̱ꞌmꞌpana	2
ta̱ꞌisahina	2
ta̱zumaancin	2
ta̱zumaa	2
ta̱zhiga̱ncin	2
ta̱zhiga̱a̱gi	2
ta̱ya̱wa̱hina̱	2
taꞌya̱pi	2
ta̱ya̱a̱cigi	2
ta̱yancin	2
ta̱yaburi	2
ta̱yabana	2
ta̱wyasa	2
ta̱wuzuwuzu	2
ta̱wuci	2
taꞌwi	2
taꞌwa̱ga̱	2
ta̱tumaa	2
ta̱tibici	2
ta̱ta̱ha̱na̱	2
ta̱tansan	2
ta̱shée	2
ta̱shici	2
ta̱she̱e̱n	2
ta̱sha̱pi	2
ta̱ruba	2
ta̱ro̱pe̱	2
ta̱ribi	2
ta̱ra̱a̱	2
ta̱raan	2
ta̱nꞌwaanyin	2
ta̱nꞌnꞌgani	2
taꞌnꞌkasa	2
ta̱nꞌiyaagi	2
ta̱nshii	2
ta̱nndaaki	2
ta̱nda̱i	2
ta̱ndani	2
ta̱ndaga	2
ta̱mha̱mba̱ga̱ncin	2
ta̱mawyasa	2
ta̱mawuna̱na̱	2
ta̱matamanrinyan	2
ta̱maha̱mba̱ga̱	2
ta̱maga̱gaaga	2
ta̱maa	2
ta̱kwane̱	2
ta̱koota̱ga̱	2
ta̱ki	2
ta̱ka̱kasa	2
ta̱jábagi	2
ta̱hya̱su	2
ta̱hwii	2
ta̱huwo	2
ta̱hurogo	2
ta̱hurici	2
ta̱hobi	2
ta̱ha̱nsha̱nha̱na̱	2
ta̱ha̱mba̱ga̱na̱	2
ta̱guzha̱ni	2
ta̱guna̱	2
ta̱ga̱ci	2
ta̱cipana	2
ta̱ciga̱hini	2
ta̱bware̱	2
ta̱busa̱ga̱	2
ta̱buka	2
ta̱be̱sa	2
ta̱ba̱ni	2
ta̱a̱wuna̱a̱na̱	2
ta̱a̱ndaya	2
ta̱a̱gi	2
ta̱a̱cigi	2
taꞌara	2
tazwagana	2
tawuta̱na̱	2
tawuna̱na̱	2
tata̱taagaga	2
tataahini	2
tashiici	2
tashapa	2
tariga̱	2
taribici	2
tarana	2
tapiree	2
tapira̱	2
tapa̱ni	2
tapagana	2
tansha	2
tano̱o̱	2
tanje̱ce̱	2
tandaakaka	2
tamasha̱a̱ga̱	2
takota̱ni	2
takota̱na̱	2
takadaagi	2
tajaga	2
tahíike	2
tahwe̱nce̱n	2
tahoosa̱ga̱na̱	2
tahiin	2
taha̱nsha̱nha̱na̱	2
taha̱mbaga	2
taha̱mba	2
tahanshinhina	2
tahange̱ce̱	2
tahange̱	2
tahambe̱	2
taguna̱ni	2
taguna̱	2
tagiya	2
tafogi	2
tade̱be̱ce̱	2
tacíin	2
tabwata	2
taba̱ha̱na̱	2
taaꞌinsan	2
taapana	2
taandaaka	2
taacigaga	2
taabiha̱na̱	2
sáanhine̱	2
swa̱gi	2
swa̱ci	2
swain	2
swagi	2
suꞌuba̱	2
suꞌmꞌbaa	2
suya̱nu	2
suyata	2
suwya̱rugoo	2
sutanaa	2
suta	2
suru	2
sukuje	2
suhwarapi	2
sugaa	2
sudubo	2
sowa̱	2
soso	2
sooso	2
shé̱e̱n	2
shishimaa	2
shirigi	2
shira̱	2
shinraan	2
shikita̱gici	2
shiitaku	2
shiikani	2
shiiba	2
she̱nre̱n	2
she̱ke̱re̱ke̱	2
shapacigaga	2
sa̱nsain	2
sa̱mba̱ri	2
sa̱ku	2
sa̱a̱nha̱na̱	2
sa̱a̱	2
sabaka̱taani	2
ruyata	2
ruun	2
ruta	2
rune̱e̱	2
runde̱e̱be̱	2
robi	2
riga̱	2
riba	2
re̱gi	2
re̱ce̱	2
ra̱shi	2
rama	2
páshi	2
páni	2
pyashi	2
pyasa	2
puuki	2
poshi	2
pinra̱a̱n	2
pe̱kata	2
pee	2
pa̱nciin	2
pasaga	2
pagaga	2
nꞌzumaancin	2
nꞌzinaari	2
nꞌyisiti	2
nꞌyigo	2
nꞌyaburi	2
nꞌwuta̱ni	2
nꞌwuci	2
nꞌuwa̱	2
nꞌtuguma	2
nꞌto̱n	2
nꞌta̱ꞌisa	2
nꞌta̱yancin	2
nꞌta̱wya̱ri	2
nꞌta̱taga	2
nꞌta̱shiri	2
nꞌta̱ribici	2
nꞌta̱re̱ce̱	2
nꞌta̱ra	2
nꞌta̱nyansun	2
nꞌta̱njeke	2
nꞌta̱ni	2
nꞌta̱maꞌunpa̱n	2
nꞌta̱ma̱ncin	2
nꞌta̱mawaana	2
nꞌta̱mashapaciga	2
nꞌta̱koya̱	2
nꞌta̱kota̱na̱	2
nꞌta̱huwa̱	2
nꞌta̱hiku	2
nꞌta̱hiika̱	2
nꞌta̱hantana	2
nꞌta̱gwaan	2
nꞌta̱guma	2
nꞌta̱bisa̱ga̱	2
nꞌtari	2
nꞌtane̱e̱	2
nꞌtande̱	2
nꞌtaga̱a̱ci	2
nꞌtaa	2
nꞌswagiswagi	2
nꞌsuhari	2
nꞌshuwa	2
nꞌshiri	2
nꞌshiraagici	2
nꞌshiraagi	2
nꞌshasu	2
nꞌsha	2
nꞌruꞌwa	2
nꞌruzupi	2
nꞌro̱pe̱	2
nꞌre̱ntun	2
nꞌre̱e̱gi	2
nꞌnꞌgani	2
nꞌnje̱ce̱	2
nꞌnguncin	2
nꞌkuni	2
nꞌka̱ji	2
nꞌinro̱n	2
nꞌhyan	2
nꞌhange̱	2
nꞌhanda	2
nꞌgwatana	2
nꞌga̱hin	2
nꞌdúubagi	2
nꞌcici	2
nꞌce̱e̱n	2
nꞌa̱nta̱ni	2
nꞌa̱cii	2
nꞌasooja	2
nꞌadiini	2
numa	2
ndakwa	2
ndaashi	2
naansuun	2
mꞌpa̱ncin	2
mꞌpa̱ci	2
mꞌpaga	2
mꞌmo̱nshe̱n	2
mꞌmbwaga	2
mꞌmasuunran	2
mꞌmamboo	2
mꞌmaka̱ri	2
mꞌmaanwyana	2
mꞌbwake̱	2
mꞌbuꞌa̱	2
mꞌbutu	2
mꞌbisa̱gi	2
mꞌbisa̱ga̱	2
mꞌbisa̱	2
mꞌba̱ba	2
mꞌbata	2
máni	2
mánai	2
mbwa	2
maꞌwa̱ruba̱ga̱ni	2
maꞌunpa̱n	2
ma̱nta̱n	2
ma̱ncincin	2
ma̱a̱nyin	2
mazwagana	2
mazooga̱na̱	2
maya̱a̱suba̱	2
maya̱a̱cigi	2
mayaaciga	2
mawya̱shiki	2
mawyanzan	2
mata̱ni	2
mata̱ma̱nriincin	2
matamanrinyan	2
matamanrinyaan	2
maswa̱ta̱ni	2
maribi	2
maraba	2
mapa̱	2
mapagana	2
manwyanrin	2
mansuunran	2
manra̱ncinye̱n	2
mandaaka	2
mana̱nshin	2
manaawan	2
mamunsani	2
mama̱a̱	2
makusuma̱	2
mahunraanyin	2
mahumuni	2
mahoosa̱ga̱ni	2
mahoosa̱ga̱ga̱	2
mahooga̱a̱ga̱	2
maha̱nda̱	2
mahakataga	2
magumahincin	2
magumahinaa	2
magumahina	2
maga̱gaagana	2
mafundata	2
mado̱ge̱	2
macíta̱gi	2
maciinha̱ni	2
maanwyan	2
lama	2
kúshitani	2
kúshe̱e̱	2
kúsagi	2
kínai	2
kátani	2
kuꞌundu	2
kuꞌuba̱	2
kuꞌnꞌta̱kun	2
kuꞌmꞌbuna	2
kuꞌata̱nda̱ra̱	2
kuꞌapirisiti	2
kuꞌaka̱ta̱ku	2
kuꞌadiini	2
kuꞌace̱pe̱	2
kuꞌaba	2
kuzuzu	2
kuya	2
kuwuco	2
kuuꞌa̱	2
kuuyoo	2
kuuya̱tu	2
kuurupani	2
kuunii	2
kuundái	2
kuukwane̱	2
kuuka̱	2
kuuhwii	2
kuuga̱a̱	2
kuucita̱a̱ga̱	2
kuta̱ꞌwaba	2
kuta̱yincincin	2
kuta̱shapaciga	2
kuta̱nii	2
kuta̱nda	2
kuta̱munsan	2
kuta̱ma̱ncin	2
kuta̱mantaan	2
kuta̱hyan	2
kuta̱huwo	2
kuta̱hin	2
kuta̱ha̱nka̱na̱	2
kuta̱biha̱na̱	2
kusuwya̱rugoohin	2
kusuwya̱rugooba	2
kusuwa	2
kushihina	2
kushici	2
kusha̱ru	2
kushami	2
kusa̱ra̱ri	2
kurwaga	2
kurara	2
kupinsan	2
kuma̱ni	2
kumaya̱nu	2
kumanii	2
kumahanda	2
kukoo	2
kuhunranhunran	2
kuha̱na̱	2
kudura̱	2
kuda̱gahinii	2
kota̱ncin	2
koko	2
kobo	2
kiꞌibe̱	2
kini	2
kiiꞌuꞌwe̱e̱	2
kiiꞌmꞌbaa	2
kiizhe̱nke̱n	2
kiinje̱	2
kiikoya̱	2
kiiko	2
kiihiin	2
kiibiin	2
ke̱nce̱n	2
ke̱ce̱he̱ne̱	2
ka̱jici	2
kaꞌawyatu	2
kaꞌabotubotu	2
kayuwa	2
kayishe	2
kaya̱na̱ba	2
kawya̱rugo	2
katuma	2
katama̱ncincin	2
kasa̱pi	2
kasa̱a̱nha̱ni	2
kandaabi	2
kaka̱ra̱a̱gi	2
kahunraani	2
kadagi	2
kaba̱ba	2
kabaaba	2
kabaa	2
kaaco̱	2
jwábani	2
jwa̱bi	2
jwa	2
jira	2
ja̱pita̱ni	2
iꞌíye̱	2
iꞌwe̱e̱	2
iꞌnꞌga̱a̱	2
iꞌina	2
iꞌe̱nshe̱nshe̱n	2
iyo̱n	2
iwumo̱	2
ita̱ni	2
ita̱ndani	2
itasha	2
itacita̱gici	2
iswa̱gi	2
ishici	2
ishaani	2
isaga	2
isaaga	2
iribi	2
ire̱gi	2
ira̱	2
ira	2
ipi	2
ine̱e̱	2
indakwa	2
indaaki	2
imba̱nu	2
imata̱ma̱nriin	2
imahooshi	2
ijwara̱gagani	2
iita̱	2
iishii	2
iiguni	2
iga̱ga̱a̱ga̱ni	2
icima	2
icigi	2
há̱mba̱a̱gi	2
háasani	2
hwa̱	2
hwana	2
hwaatagi	2
hwaamani	2
hwaamana	2
hwaamaa	2
huuta̱ni	2
huunha̱ni	2
husani	2
hurupa̱a̱ga̱ga̱	2
hunkuntana	2
hundara	2
hundani	2
humuni	2
hoosa̱ni	2
hoosa̱ga̱ni	2
hiriki	2
hiree	2
ha̱riki	2
ha̱nsha̱nha̱na̱a̱	2
ha̱nji	2
ha̱ngagi	2
ha̱mba̱ri	2
ha̱mba̱ra̱gi	2
ha̱mbaraga	2
ha̱hamba	2
ha̱a̱sa̱ni	2
ha̱a̱sa̱ncin	2
hari	2
hanyan	2
gwátani	2
gwataagani	2
gwataagana	2
gwasu	2
gwashi	2
gwaga	2
gusa̱	2
gura̱kakani	2
gura̱a̱cii	2
gumahinai	2
gumagira̱	2
guma	2
guba̱ga̱	2
goka̱	2
giya̱	2
gira̱nshin	2
gida̱ga̱ga̱	2
gida̱ba	2
ga̱gaaga	2
gawa	2
de̱e̱be̱	2
da̱du	2
da̱ba̱gi	2
da̱ba̱	2
da̱a̱da̱a̱	2
da̱a̱da̱	2
dabana	2
cé̱e̱	2
cwáanrinye̱n	2
cwakara̱ka	2
cwaagi	2
ciita̱a̱gi	2
ciinha̱na̱a̱	2
ciinha̱na̱	2
ciga̱hinii	2
cagudaagaga	2
caanhini	2
bíshe	2
bántani	2
bwata	2
buꞌye̱e̱	2
buꞌya̱pi	2
buꞌwaan	2
buꞌuuta̱ni	2
buꞌnꞌribi	2
buꞌnꞌga̱a̱	2
buꞌnꞌgani	2
buꞌiyo̱	2
buꞌisa	2
buꞌa̱sa̱ga̱ni	2
buzooga̱ni	2
buzha̱a̱	2
buya̱na̱a̱ba	2
buuzúmani	2
buuzwa̱ga̱ni	2
buusha̱a̱gi	2
buuro̱pe̱	2
buupa̱shi	2
butanda	2
butaha̱nga	2
busowa̱	2
busháapi	2
busa̱n	2
busa̱ga̱	2
buruma	2
buribici	2
bure̱	2
bupira̱	2
bupa̱nii	2
bupa̱	2
buna̱ma	2
bunaawan	2
bumaꞌa̱npa̱nta̱ni	2
bukuta̱gi	2
bukunai	2
bukinai	2
bukakani	2
buhwii	2
buhuunha̱ni	2
buhurici	2
buhiiki	2
buga̱ga̱a̱gi	2
bude̱be̱	2
buciinha̱ni	2
bubáni	2
buburi	2
biꞌuꞌwe̱e̱	2
biꞌisa	2
bizu	2
biza	2
biwuci	2
bitabáni	2
bitaa	2
biswa̱	2
bisusooru	2
bisa̱ci	2
bisa̱a̱gi	2
bisa̱a̱ci	2
biroci	2
bire̱	2
binje̱ce̱	2
binde̱e̱be̱	2
bindaashi	2
bina	2
bimuu	2
bimbwa	2
bikwashe̱e̱ke̱	2
bikeeke	2
biigata	2
bihoo	2
bigwasu	2
bigura̱a̱	2
bigita̱	2
bigira̱nshin	2
biga	2
bibishi	2
bibisa̱a̱	2
biba̱ni	2
be̱te̱re̱ge̱ce̱	2
ba̱nra̱nyin	2
bashi	2
basa	2
banrinyan	2
aꞌya̱pa̱gi	2
aꞌuya̱	2
aꞌunfuun	2
a̱sa̱ga̱ni	2
a̱sa̱ga̱a̱ga̱	2
aꞌnꞌndaaki	2
aꞌnꞌgani	2
aꞌnꞌduwa̱ni	2
aꞌmꞌpa̱ni	2
aꞌisagi	2
aꞌisaga	2
aꞌibwa	2
aꞌe̱nshe̱n	2
a̱a̱	2
azwa̱ga̱ni	2
ayisiti	2
ayimirike	2
aya̱wa̱ni	2
aya̱bi	2
aya̱ba̱ni	2
aya̱a̱cigi	2
ayanshin	2
awyaanwyana	2
awo̱nro̱n	2
atutuu	2
ateeburu	2
ata̱zhiga̱ni	2
atataga	2
ataruba̱	2
atabisa̱	2
asowa̱	2
asooni	2
ashiragi	2
asha̱a̱gi	2
asa̱ku	2
arwaga	2
aro̱pe̱	2
arinda	2
aribici	2
apyami	2
apiri	2
ape̱e̱n	2
antaana	2
animi	2
ango	2
and	2
ana̱maꞌmꞌpaga	2
ambi	2
amba̱ka̱sa̱	2
amaꞌunpin	2
ama̱ni	2
amata̱a̱	2
amasáanwyain	2
akíciike̱	2
akuta̱ma̱	2
akuda̱gahinai	2
ake̱ne̱	2
aka̱ta̱ni	2
aka̱ji	2
ajwarigi	2
aja̱maa	2
ahwii	2
ahuunhuni	2
ahusani	2
ahuni	2
aha̱mba̱ga̱	2
agyasa	2
agii	2
afucukwa	2
adiindiin	2
ada̱ma̱a̱	2
acita̱gi	2
aca̱gu	2
abáni	2
abwagi	2
abwaagagi	2
abwaa	2
aburoodi	2
abuki	2
abaaboo	2
aasa̱a̱ki	2
aakunai	2
aabwe̱	2
aabisa̱gi	2
Zeyusu	2
Zeeno	2
Zaduku	2
Zabuluna	2
Yuwanan	2
Yuuda	2
Yutikusu	2
Yusuka̱	2
Yuna̱ma̱	2
Yuliyusu	2
Yowana	2
Yotama	2
Yosiya	2
Yorima̱	2
Yorama	2
Yekoniya	2
Ya̱ma̱	2
Yanna	2
Yanisu	2
Yambirisu	2
Yahoshafata	2
Yaaridi	2
Wun	2
Waanwan	2
Uꞌwe̱e̱	2
Uzuzu	2
Uzumaa	2
Uziya	2
Utanda	2
Ushiri	2
Upataruwa	2
Uja̱maa	2
Ujaa	2
Uguba̱	2
Tim	2
Teera	2
Ta̱ꞌmꞌbaa	2
Ta̱ꞌibiraaniya	2
Ta̱ꞌaramaya	2
Ta̱yabana	2
Ta̱tazhigana	2
Ta̱ta	2
Ta̱shika	2
Ta̱shapaciga	2
Ta̱re̱	2
Ta̱nii	2
Ta̱ndaya	2
Ta̱ndaaki	2
Ta̱na̱manhuwa̱	2
Ta̱maꞌunpa̱n	2
Ta̱makwaakaa	2
Ta̱koota̱ga̱	2
Ta̱jaa	2
Ta̱hyan	2
Ta̱ha̱nga	2
Ta̱gwaan	2
Ta̱guma	2
Ta̱bisa̱gi	2
Ta̱biha̱na̱	2
Ta̱basa	2
Tadaawusu	2
Taa	2
TI	2
Sinai	2
Sikeba	2
Shiraaye	2
Shimeya	2
She̱ke̱me̱	2
Shemu	2
Sheela	2
Sheeba	2
Sha̱tu	2
Serugu	2
Sa̱a̱nha̱na̱a̱	2
Samaaꞌila	2
Saloomi	2
Safiiratu	2
Ruꞌwana	2
Ruyaan	2
Rushama	2
Rupa	2
Rukwanyan	2
Ruhaki	2
Re̱sa	2
Re̱	2
Reeyu	2
Rahobowama	2
Rahaba̱	2
Pe̱le̱gu	2
Para̱ga	2
Pafosa̱	2
Nꞌta̱ya̱	2
Nꞌta̱	2
Nꞌshiraga	2
Nꞌsa̱n	2
Nꞌre̱e̱gi	2
Nꞌnje̱	2
Nꞌndaaki	2
Nꞌna	2
Nꞌkáji	2
Nꞌkorogo	2
Nꞌjwaci	2
Nꞌja̱a̱ci	2
Nꞌjaa	2
Nꞌiyaagi	2
Nꞌhwaanwun	2
Nꞌhoo	2
Nꞌgwama	2
Nꞌguni	2
Nꞌduwa̱ni	2
Niiri	2
Ngwan	2
Ndaaka	2
Natani	2
Najaaya	2
Nahuru	2
Nahum	2
Nafitali	2
Mꞌpa̱nii	2
Mꞌpa̱ni	2
Mꞌmꞌbaa	2
Mꞌbisa̱a̱	2
Misiya	2
Me̱na	2
Metuseela	2
Mesopotaaminyan	2
Meeleya	2
Ma̱ni	2
Maꞌata	2
Maya̱	2
Matana	2
Mataata	2
Mape̱e̱n	2
Manje̱ce̱	2
Manaase	2
Mala̱ta	2
Mahaleele	2
Magwatani	2
Lasiya	2
Laamiki	2
Kuꞌwe̱e̱	2
Kuyishe	2
Kuuza	2
Kuubwa	2
Kunta̱wuta̱	2
Kungwan	2
Kumanje̱	2
Kuda̱ga	2
Kota̱na̱	2
Kosama	2
Koraasi	2
Koori	2
Kirisita	2
Kimii	2
Kiiribi	2
Kiipa̱ni	2
Kiihuri	2
Kiide̱be̱ce̱	2
Ka̱ta̱ku	2
Kayaan	2
Kata̱a̱ga̱ni	2
Kadaga	2
Jibiraaꞌilu	2
JAS	2
Iꞌíye̱	2
Iyeebe	2
Iyaanyini	2
Itanaa	2
Ishii	2
Ishici	2
Ishami	2
Irígijige	2
Ira̱	2
Inje̱	2
Imaawu	2
Iliyiza̱ra̱	2
Iliyakimi	2
Ilimadaama	2
Iiyirigani	2
Ihin	2
Ibiru	2
Ibe̱	2
Hyuhyu	2
Hyan	2
Hwarapi	2
Himiniyusu	2
Hezekiya	2
Helena	2
Heeli	2
Ha̱nka̱na̱	2
Ha̱mba̱ga̱	2
Hasaa	2
Haruuna	2
Hara̱	2
Harana	2
Hanasu	2
Hamba	2
Haku	2
Habiila	2
Gola̱gota	2
God	2
Ga̱mii	2
Gamaaliye	2
Gaayusu	2
Finiki	2
Fantusu	2
E̱no̱shu	2
E̱no̱ku	2
Erasutusu	2
Eliyudu	2
Eliyakimi	2
Eleyazara	2
EPH	2
Dunham	2
Dokasu	2
Dimitiriyusu	2
DN	2
Buzaa	2
Buya̱na̱	2
Buya̱	2
Buwuna̱a̱ni	2
Buushiinhin	2
Butasha	2
Bunje̱	2
Bune̱e̱	2
Bumama̱a̱	2
Bulaawi	2
Buhin	2
Buhelena	2
Bucita̱a̱ga̱	2
Bubwaa	2
Bitaꞌwaan	2
Bitanda	2
Bita	2
Binje̱	2
Bigata	2
Bibiin	2
Bibiha̱ni	2
Be̱njami	2
Ba̱iko	2
Bara̱saba	2
Aꞌwa̱ta̱gi	2
Azoru	2
Azaaliya	2
Ayo̱n	2
Ayishe	2
Aya̱na̱wan	2
Aya̱na̱ba	2
Ayami	2
Ayaa	2
Atasha̱a̱	2
Ataruba̱	2
Atanda	2
Atanaa	2
Asusu	2
Asha̱pi	2
Asa	2
Arufakushadu	2
Amosu	2
Amonu	2
Alimasa	2
Akwane̱	2
Akipusu	2
Akimu	2
Aka̱bi	2
Ahaza	2
Ahari	2
Ahange̱	2
Agabusu	2
Adi	2
Abwake̱	2
Abwaa	2
Abihudu	2
ACT	2
ꞌya̱pici	1
ꞌya̱pa̱gici	1
ꞌya̱pa̱a̱	1
ꞌwa̱rici	1
ꞌwa̱ga̱ga̱	1
ꞌwa̱a̱pi	1
ꞌwarubana	1
ꞌwaanyin	1
ꞌWe̱e̱	1
ꞌWaa	1
﻿MAT	1
íyagi	1
zúmaani	1
zwiici	1
zwii	1
zwa̱rici	1
zwagana	1
zura	1
zumaani	1
zooga̱ni	1
zooga̱ga̱	1
zhintaani	1
zhincinyan	1
zhimbaa	1
zhe̱n	1
zha̱ma̱nra̱a̱n	1
zha̱a̱nta̱ncin	1
zha̱a̱gici	1
za̱zama	1
za̱ta̱ni	1
za̱ta̱a̱	1
zatagana	1
zataa	1
zaagwa	1
yáacige̱	1
yinzhinkana	1
yinzhinkakana	1
yina̱	1
yimaga̱ru	1
ye̱be̱	1
ya̱na̱wan	1
ya̱na̱a̱	1
ya̱a̱ciga̱gi	1
yansaan	1
yaanu	1
xuꞌara	1
xuuta̱	1
xuupa̱ni	1
xushi	1
xupyara	1
xunje̱	1
xunaa	1
xumwii	1
xuguni	1
xugagu	1
xubunwan	1
xubisa̱a̱	1
xubiha̱ni	1
xu	1
xta̱ꞌwaan	1
xta̱ꞌa̱ri	1
xta̱yinzha̱nkani	1
xta̱ta̱zhiga̱ni	1
xta̱ta̱	1
xta̱ruba̱	1
xta̱re̱	1
xta̱ra̱a̱	1
xta̱pa̱	1
xta̱nta̱	1
xta̱nshii	1
xta̱nshi	1
xta̱nsha̱pa̱cigi	1
xta̱nka̱shi	1
xta̱nga̱a̱	1
xta̱ndaaki	1
xta̱maruba̱	1
xta̱maka̱nta̱ni	1
xta̱kwane̱	1
xta̱ja̱a̱	1
xta̱hin	1
xta̱ha̱nta̱ni	1
xta̱a̱ha̱nta̱ni	1
xshii	1
xshi	1
xnꞌshi	1
xnꞌnda̱i	1
xnꞌjwara̱ga	1
xnꞌja̱a̱	1
xnꞌhure	1
xnꞌgudu	1
xmꞌmwaan	1
xmata̱ra̱ka̱ni	1
xmata̱a̱cigi	1
xmata	1
xmashi	1
xmanje̱	1
xmanaa	1
xmahanda	1
xmacibi	1
xmaashaagi	1
xmaaduwa̱ni	1
xmaa	1
xkota̱ni	1
xiri	1
ximandaakaki	1
xija̱a̱	1
xiiya̱a̱cigi	1
xga̱hin	1
xbwa	1
xbuꞌnꞌguni	1
xbuꞌnꞌgani	1
xbuya̱a̱cigi	1
xbuyanshin	1
xbuwya̱shi	1
xbuuꞌnꞌgani	1
xbuubisa̱a̱	1
xbututumaa	1
xbuta̱ndani	1
xbushiraga	1
xbusa̱a̱nha̱ni	1
xburáagi	1
xburo̱pe̱	1
xbure̱	1
xbura̱a̱	1
xbupé̱e̱	1
xbunjé̱e̱	1
xbundagi	1
xbunaawan	1
xbuma̱	1
xbumashe̱nre̱n	1
xbumaka̱nta̱ni	1
xbukwashe̱	1
xbukwade̱ge̱	1
xbukota̱ni	1
xbukota̱ga̱ni	1
xbuke̱ne̱	1
xbuka̱ta̱ni	1
xbujwa̱ba̱ni	1
xbuhya̱su	1
xbuhooshi	1
xbuhoosa̱ni	1
xbugwa̱shi	1
xbugwatani	1
xbugwatagana	1
xbuguni	1
xbugida̱ga̱ni	1
xbuga̱ga̱a̱gi	1
xbuduwa̱ni	1
xbuduwa̱a̱gi	1
xbucíin	1
xbucina̱ni	1
xbubishi	1
xbubini	1
xbiꞌa̱nta̱ni	1
xbiya̱a̱cigi	1
xbiwuce	1
xbita̱ni	1
xbiswa̱	1
xbisha̱a̱ta̱a̱gi	1
xbinjé̱e̱	1
xbimabiha̱ni	1
xbikwane̱	1
xbikuda̱gahini	1
xbihuri	1
xbiguni	1
xbigudu	1
xbigata	1
xbibishi	1
xbiba̱ni	1
xbiba̱ha̱ni	1
xaꞌíye̱	1
xaꞌwaanyin	1
xaꞌmꞌbaaga	1
xaꞌmꞌbaa	1
xaꞌiyaagi	1
xaꞌisaa	1
xaꞌe̱nshe̱n	1
xaꞌa̱	1
xazware̱	1
xazuragi	1
xazumani	1
xazooga̱ni	1
xaya̱a̱cigi	1
xayaan	1
xata̱zumani	1
xata̱zhiga̱a̱gi	1
xata̱ni	1
xata̱gi	1
xata̱a̱cigi	1
xata̱a̱ciga̱gi	1
xashé̱e̱n	1
xashira̱	1
xashii	1
xashe̱nre̱n	1
xashani	1
xasa̱n	1
xasa̱a̱nha̱ni	1
xarágani	1
xaráa	1
xare̱gi	1
xara̱ni	1
xara̱a̱	1
xapáni	1
xapági	1
xamunsain	1
xamaꞌunso̱n	1
xamasáanwyain	1
xamape̱e̱n	1
xamaga̱ga̱a̱gi	1
xakúshiike̱	1
xakwashe̱e̱ke̱	1
xakwashe̱	1
xakuda̱gahini	1
xaka̱ta̱ga̱ni	1
xaka̱cihini	1
xaka̱a̱ci	1
xaja̱ba̱gi	1
xahya̱su	1
xahura̱gi	1
xahunrana	1
xaha̱sa̱a̱	1
xaha̱mba̱ga̱	1
xagwatani	1
xagura̱a̱	1
xagidigi	1
xagida̱ga̱gi	1
xaga̱ga̱a̱ga̱ni	1
xaduwa̱nii	1
xacita̱gi	1
xabisa̱gi	1
xabisa̱a̱	1
xaba̱sa̱ni	1
xaba	1
xaazha̱a̱nta̱ni	1
xaata̱zhiga̱ni	1
xaata̱zhiga̱a̱gi	1
xaapa̱ni	1
xaanje̱	1
xaaha̱mba̱ri	1
xaabishi	1
xUtaa	1
xUta	1
xUpa̱ri	1
xUjabagu	1
xUhunranhunran	1
xTa̱sha̱a̱	1
xTa̱nra̱a̱	1
xTa̱kwane̱	1
xTa̱ka̱a̱ci	1
xTa̱ja̱ba̱gi	1
xTa̱ja̱a̱	1
xTa̱huri	1
xTa̱ga̱a̱	1
xTa̱ba	1
xMꞌmwaan	1
xIri	1
xIiya̱a̱cigi	1
xBupira̱	1
xBubwa	1
xAꞌa̱	1
xAzooga̱ni	1
xAtasha	1
xAtaa	1
xAnaa	1
xAna	1
xAme̱	1
xAja̱a̱	1
xAjaa	1
xAhunraana	1
xAhooshi	1
xAga̱ga̱a̱ga̱ni	1
xAga̱a̱	1
xAbaaba	1
wya̱shi	1
wyashikaka	1
wyanzaan	1
wuzhiri	1
wuta̱gi	1
wura̱binaa	1
wunsun	1
wungumani	1
wunfunrani	1
wuna̱a̱nyin	1
wuma̱na̱	1
wuciha̱na̱	1
woman	1
wipes	1
wind	1
where	1
wa̱shishi	1
wa̱na̱a̱ni	1
wa̱i	1
waves	1
was	1
waro̱be̱ne̱	1
wanyan	1
wanaa	1
wajigaa	1
waanhini	1
wa	1
vwain	1
uꞌwaan	1
uꞌunshin	1
uꞌundu	1
uꞌnꞌkúshihine̱	1
uꞌisa	1
uꞌiri	1
uꞌina	1
uꞌibwa	1
uꞌazurufa	1
uꞌaga	1
uzinaari	1
uyansun	1
uyanshin	1
uwuci	1
uwuce	1
uwa̱a̱	1
uuꞌíye̱	1
uukota̱ni	1
uukakici	1
uuhina̱a̱	1
utára̱kani	1
uta̱ꞌye̱e̱	1
uta̱zhiga̱a̱gi	1
uta̱ra̱ka̱ni	1
uta̱nshin	1
uta̱mbiha̱ni	1
uta̱ka̱shi	1
uta̱	1
utata̱nkasa	1
utata̱mbisa̱a̱	1
utakasa	1
utagaa	1
ushiri	1
ushe̱re̱	1
usa̱ra̱ri	1
urwaru	1
uribi	1
ura̱a̱	1
urara	1
upinsan	1
upa̱shi	1
upa̱ni	1
unu	1
undaa	1
una̱nna	1
una̱maa	1
un	1
umbwaata	1
uma̱a̱ncin	1
umata̱ma̱nriin	1
umanje̱ce̱	1
umagii	1
uma	1
ulooya	1
ulikita	1
ukuswa	1
ukunrunkunrun	1
ukuda̱ga	1
ukina	1
uke̱ne̱	1
uka̱ta̱ku	1
ukapa	1
ujwara̱ga	1
ujwaci	1
uja̱a̱ci	1
uhwarapi	1
uhwaa	1
uhuwo	1
uhuunha̱ni	1
uhurukutu	1
uhumuni	1
uhoogi	1
uhiiki	1
ugwashe̱	1
ugwambwa	1
ufogi	1
udiin	1
udibi	1
udaanrun	1
uciripe̱	1
ucima	1
uciin	1
ucigi	1
ubwasu	1
ubuga̱	1
ubini	1
ubiha̱ni	1
tára̱kaaki	1
tági	1
táani	1
two	1
tuuta̱a̱ga̱	1
tura̱ni	1
tupa̱ni	1
tunfunriin	1
tumaa	1
tuba̱gi	1
to	1
time	1
tibii	1
that	1
tears	1
ta̱ꞌyapaga	1
ta̱ꞌwa̱ni	1
ta̱ꞌwa̱ga̱hina̱	1
ta̱ꞌwa̱a̱go	1
ta̱ꞌwarubana	1
ta̱ꞌwaan	1
ta̱ꞌushiga̱ga̱	1
ta̱ꞌuri	1
ta̱ꞌnꞌkuna	1
ta̱ꞌnꞌkaka	1
ta̱ꞌnꞌguna̱	1
ta̱ꞌnꞌgani	1
ta̱ꞌnꞌgaaga	1
ta̱ꞌnꞌcaanhini	1
ta̱ꞌiye̱	1
ta̱ꞌinca̱a̱n	1
ta̱ꞌa̱sa̱a̱ga̱na̱	1
ta̱ꞌa̱ri	1
ta̱ꞌa̱ra̱ga̱ncin	1
ta̱zóogi	1
ta̱zura	1
ta̱zumana	1
ta̱zhin	1
ta̱ya̱wa̱nincin	1
ta̱ya̱bizoo	1
ta̱ya̱biza̱gi	1
ta̱yanshin	1
ta̱wuta̱ni	1
ta̱wugujigaga	1
ta̱wo	1
ta̱wa̱jiga̱a̱	1
ta̱wa̱	1
ta̱wasa	1
ta̱wanyan	1
ta̱ta̱zhiga̱a̱gi	1
ta̱ta̱nndaaka	1
ta̱ta̱ndana	1
ta̱ta̱na	1
ta̱ta̱n	1
ta̱ta̱ha̱ni	1
ta̱tazhigaaga	1
ta̱tasha	1
ta̱tande̱	1
ta̱tanaa	1
ta̱tahyan	1
ta̱tahange̱ce̱	1
ta̱sáanyin	1
ta̱shiraagi	1
ta̱shinran	1
ta̱shii	1
ta̱shanaanyin	1
ta̱shaani	1
ta̱san	1
ta̱rumii	1
ta̱ruba̱a̱	1
ta̱rota̱	1
ta̱riin	1
ta̱riijiga̱	1
ta̱re̱e̱hina	1
ta̱ree	1
ta̱ra̱mi	1
ta̱ra̱a̱ga̱gi	1
ta̱pwasa	1
ta̱puuka̱	1
ta̱pa̱ga̱ni	1
ta̱pa̱ga̱na̱	1
ta̱pa̱a̱gi	1
ta̱pasa	1
ta̱pagana	1
taꞌnꞌíye̱	1
taꞌnꞌta̱ci	1
taꞌnꞌta	1
taꞌnꞌshinraanwyan	1
taꞌnꞌribi	1
taꞌnꞌra̱ma̱nhina̱a̱	1
taꞌnꞌkádaagi	1
taꞌnꞌkaka	1
taꞌnꞌisaaga	1
taꞌnꞌhambe̱	1
taꞌnꞌguna̱	1
taꞌnꞌgaaga	1
taꞌnꞌcaanhina	1
ta̱nzóogi	1
ta̱nza	1
ta̱nya̱bi	1
ta̱nwuciha̱ni	1
ta̱nswa̱	1
ta̱nsha̱a̱gi	1
ta̱nsha̱a̱ga̱	1
ta̱nshapa	1
ta̱nriinha̱na̱na̱	1
ta̱nre̱	1
ta̱nra̱a̱	1
ta̱nndaaka	1
ta̱njé̱e̱	1
ta̱njeke	1
ta̱nhunrana	1
ta̱nhin	1
ta̱ngii	1
ta̱nga̱gaagana	1
ta̱nga̱a̱	1
ta̱ngaa	1
ta̱ndushi	1
ta̱nda̱a̱ba	1
ta̱ndana	1
ta̱nbisa̱a̱	1
ta̱na̱nshin	1
ta̱na̱manhuwa̱	1
ta̱na̱a̱nwun	1
ta̱namaa	1
taꞌmꞌpa̱ncin	1
taꞌmꞌbaaga	1
ta̱muunyin	1
ta̱munsan	1
ta̱mpiri	1
ta̱mpa̱ncin	1
ta̱mpa̱	1
ta̱mmantan	1
ta̱mbwa	1
ta̱mbishi	1
ta̱mbisa̱a̱	1
ta̱maꞌyapaga	1
ta̱ma̱ni	1
ta̱mawuna̱a̱na̱	1
ta̱mawaani	1
ta̱mapé̱e̱	1
ta̱mapyaan	1
ta̱manta̱a̱	1
ta̱mantan	1
ta̱mantaan	1
ta̱manpa̱ci	1
ta̱mana	1
ta̱makumbura̱na̱	1
ta̱makota̱na̱	1
ta̱makambiga	1
ta̱mahumuna̱	1
ta̱mahooshi	1
ta̱mahantaana	1
ta̱maguna̱na̱	1
ta̱maduga	1
ta̱maburaga	1
ta̱mabiha̱na̱	1
ta̱kúne̱	1
ta̱kácigani	1
ta̱kushihinana	1
ta̱kushihina	1
ta̱kura	1
ta̱kunaa	1
ta̱kuke	1
ta̱kuda̱gahini	1
ta̱kuda̱ga	1
ta̱koya̱	1
ta̱kota̱ni	1
ta̱kota̱na̱	1
ta̱koota̱	1
ta̱kinaa	1
ta̱ke̱ne̱	1
ta̱katana	1
ta̱kaki	1
ta̱kaata	1
ta̱jwárige̱	1
ta̱jwasu	1
ta̱jwara̱gana	1
ta̱ja̱ba̱go	1
ta̱ja̱ba̱gi	1
ta̱jan	1
taꞌiyaaga	1
ta̱hyaan	1
ta̱hwan	1
ta̱huunaa	1
ta̱hura̱ni	1
ta̱hoosa̱ga̱gi	1
ta̱hira̱ga	1
ta̱ha̱mbaraga	1
ta̱hange̱ce̱	1
ta̱hambe̱	1
ta̱haan	1
ta̱gyasa	1
ta̱gwataagi	1
ta̱gwasa	1
ta̱gwamina	1
ta̱guzha̱n	1
ta̱guna̱na̱	1
ta̱guna̱a̱nyin	1
ta̱guna̱a̱	1
ta̱guba̱	1
ta̱goo	1
ta̱go	1
ta̱giye	1
ta̱giya̱ga̱	1
ta̱gigiriga̱hina̱	1
ta̱gigiriga̱	1
ta̱ga̱sa̱	1
ta̱ga̱ga̱a̱ga̱ni	1
ta̱ga̱gaaga	1
ta̱ga̱a̱gi	1
ta̱ga̱a̱	1
ta̱gata	1
taꞌe̱nshe̱n	1
ta̱cwaagaga	1
ta̱cwaa	1
ta̱cita̱a̱ga̱	1
ta̱cici	1
ta̱ciba̱	1
ta̱caanhina	1
ta̱bwatana	1
ta̱bwa	1
ta̱butu	1
ta̱bukakana	1
ta̱bisa̱a̱ga̱	1
ta̱biha̱na̱Aba	1
ta̱bicigi	1
ta̱bibika̱ka̱	1
ta̱ba̱ha̱ni	1
ta̱bata	1
ta̱basana	1
ta̱bana	1
ta̱a̱ꞌiyaagi	1
ta̱a̱zaantaan	1
ta̱a̱sa̱nsan	1
taꞌa̱sa̱a̱ga̱na̱	1
ta̱a̱ruma̱nha̱ni	1
taꞌa̱rici	1
ta̱a̱pana	1
ta̱a̱ndupa	1
ta̱a̱kádaagi	1
ta̱a̱kuna	1
ta̱a̱kuda̱gahina	1
ta̱a̱ke̱ce̱he̱ne̱	1
ta̱a̱jooshiipa	1
ta̱a̱duwa̱ni	1
ta̱a̱ciga̱gi	1
ta̱a̱bukuta̱ga̱ni	1
ta̱a̱bisa̱	1
tazwágani	1
tazha̱ntana	1
tawyasa	1
tawuna̱a̱ni	1
tawuna̱a̱na̱	1
tawuma̱ni	1
tawuma̱ncin	1
tawucici	1
tawa̱ta̱ku	1
tatibi	1
tata̱yansan	1
tata̱nraa	1
tata̱nhoosa̱	1
tata̱ndaakici	1
tata̱mpana	1
tata̱kasa	1
tata̱kadaga	1
tata̱gaaga	1
tata̱báhine̱	1
tata̱bisa̱	1
tata̱biha̱na̱	1
tatamanrinyan	1
tataana	1
tataagaga	1
tataa	1
tasáanhine̱	1
tasoo	1
tasha̱pi	1
tasha̱a̱ga̱	1
tashaana	1
tasan	1
tarushi	1
taro̱pe̱	1
tare̱ge̱	1
tara̱ni	1
taraga	1
tapa̱nciin	1
tapaa	1
tantibici	1
tandái	1
tanda̱i	1
tanda̱ci	1
tana̱maa	1
tamáni	1
tamaꞌunso̱ncin	1
tama̱a̱ncin	1
tamatuba̱	1
tamashikitaa	1
tamashikani	1
tamashikana	1
tamasha̱pici	1
tamaribici	1
tamahoosa̱	1
tamagata	1
takúnai	1
takíne̱	1
takwane̱	1
takusagi	1
takuda̱gahini	1
takuda̱gahina	1
taka̱ta̱ncin	1
tajábani	1
tajábagi	1
tajwarigici	1
tajwara̱gagana	1
tahya̱su	1
tahuwa̱	1
tahure	1
tahura̱	1
tahira̱ga	1
tahiincin	1
taha̱mba̱gi	1
taha̱mba̱ga̱ncin	1
tagáa	1
tagwataaga	1
tagura̱a̱	1
taguniincin	1
taguna̱na̱	1
tagira	1
taga̱a̱gi	1
tafogici	1
taduwa̱na̱	1
tacita̱a̱ga̱ga̱	1
tacita̱a̱ga̱	1
taciga̱gici	1
taciga̱	1
taciba̱	1
tabíshe	1
tabwe̱	1
tabwa	1
tabukaki	1
tabukaka	1
tabuka	1
tabisa̱gi	1
tabisa̱ga̱	1
tabisa̱a̱ga̱	1
tabisa̱a̱ci	1
tabiha̱na̱	1
tabe̱re̱	1
taba̱ha̱ni	1
tabasa	1
taaríge̱	1
taanicin	1
taanda	1
taaka̱shi	1
taakada	1
taaha̱mba̱ga̱ncin	1
taagi	1
taaciga	1
taacagudaaga	1
taabisa̱gi	1
swe̱nce̱n	1
swaanre̱n	1
swaan	1
suꞌmꞌba	1
suꞌaꞌawa	1
suya̱ndoo	1
suya̱	1
suyaan	1
suuga̱ba̱gi	1
suswee	1
sushoohin	1
sushe̱re̱	1
suruuge	1
suruta̱ka̱ku	1
sururu	1
suro̱be̱	1
sunsuun	1
sunrun	1
sunaa	1
sukúshe̱	1
sukwashe̱	1
sukutaa	1
suhuwa̱gi	1
suguna̱a̱nyin	1
suga̱a̱	1
sufo̱nje̱ce̱	1
sudo̱	1
sucicoko	1
subwa	1
subini	1
so̱nro̱n	1
sooni	1
son	1
soldier	1
shée	1
sháapagi	1
shishe̱me̱	1
shira	1
shinyaan	1
shinraanyin	1
shikicici	1
shiga	1
sheep	1
sha̱po	1
sha̱pa̱go	1
sha̱bi	1
sha̱a̱ta̱na̱	1
sha̱a̱ta̱ga̱na̱	1
sha̱a̱ta̱a̱gi	1
sha̱a̱ga̱ga̱	1
shapana	1
shamii	1
shama	1
shaagi	1
shaaga	1
sa̱nta̱a̱n	1
sa̱nsantun	1
sa̱a̱nhinu	1
sa̱a̱nha̱nii	1
sa̱a̱ki	1
sanwyaan	1
sada	1
ráni	1
rágani	1
rágagani	1
rwaa	1
ruza	1
ruya̱n	1
ruya̱	1
ruukushitani	1
ruro	1
rupwa	1
runu	1
runaa	1
ruma̱a̱	1
rukuci	1
rukota̱ni	1
ruhuri	1
rugama	1
rude̱be̱	1
rubaagi	1
rota̱a̱ga̱	1
rota̱a̱	1
rota̱	1
roko	1
rire̱ke̱	1
riinshini	1
riinhinu	1
riinhini	1
riinhina̱	1
riinha̱ni	1
riinha̱na̱	1
riijiga̱gi	1
rebukes	1
ra̱a̱n	1
ra̱a̱gi	1
ratu	1
ranaa	1
raanwyan	1
pyapaga	1
puuka̱ni	1
putu	1
praises	1
pirici	1
piri	1
pira̱gi	1
pira̱a̱ga̱ga̱	1
pipigi	1
pipi	1
pinsanjaga	1
pharisee	1
pe̱ke̱	1
pe̱e̱	1
penti	1
pa̱sa̱gi	1
pa̱ree	1
pa̱nta̱a̱nyin	1
pa̱gici	1
pa̱ci	1
para	1
pain	1
on	1
offers	1
nꞌzóogi	1
nꞌzumaanyin	1
nꞌzooni	1
nꞌzha̱ra̱	1
nꞌzha̱a̱nta̱ni	1
nꞌye̱e̱	1
nꞌya̱pi	1
nꞌyata	1
nꞌyansun	1
nꞌyanshin	1
nꞌyana	1
nꞌwuta̱ncin	1
nꞌwuta̱	1
nꞌwi	1
nꞌwa̱gi	1
nꞌwa̱a̱pi	1
nꞌtundushi	1
nꞌta̱ꞌya̱pa̱gici	1
nꞌta̱ꞌyantan	1
nꞌta̱ꞌwa̱ta̱gi	1
nꞌta̱ꞌwa̱ri	1
nꞌta̱ꞌungwa	1
nꞌta̱ꞌnꞌgana	1
nꞌta̱ꞌnꞌga	1
nꞌta̱ꞌira̱	1
nꞌta̱wuzuwuzu	1
nꞌta̱we̱	1
nꞌta̱wanyan	1
nꞌta̱waaba	1
nꞌta̱tuba̱	1
nꞌta̱ta̱bici	1
nꞌta̱swee	1
nꞌta̱swatana	1
nꞌta̱sumu	1
nꞌta̱shápi	1
nꞌta̱shiraga	1
nꞌta̱shici	1
nꞌta̱sha̱a̱ga̱	1
nꞌta̱sa̱nsan	1
nꞌta̱rupa	1
nꞌta̱pa̱ncin	1
nꞌta̱namaa	1
nꞌta̱mba̱ra̱	1
nꞌta̱maꞌunso̱ncin	1
nꞌta̱ma̱nriin	1
nꞌta̱ma̱a̱ncin	1
nꞌta̱mazhaa	1
nꞌta̱mandaakaku	1
nꞌta̱makaka	1
nꞌta̱mahwaamana	1
nꞌta̱mahanshinhina	1
nꞌta̱maga̱gaaga	1
nꞌta̱maga̱a̱ga̱nu	1
nꞌta̱mada̱a̱ba	1
nꞌta̱mabisa̱a̱	1
nꞌta̱kíciike̱	1
nꞌta̱kusa	1
nꞌta̱kura	1
nꞌta̱kunaa	1
nꞌta̱kuna	1
nꞌta̱koota̱ga̱	1
nꞌta̱koota̱	1
nꞌta̱kaka	1
nꞌta̱kaba	1
nꞌta̱jwarigici	1
nꞌta̱jikita̱ga̱	1
nꞌta̱hura̱	1
nꞌta̱hiika̱hina̱	1
nꞌta̱hibwa	1
nꞌta̱ha̱mba̱ga̱ncin	1
nꞌta̱gyashi	1
nꞌta̱guba̱ga̱	1
nꞌta̱giya̱	1
nꞌta̱gaa	1
nꞌta̱fo̱n	1
nꞌta̱da̱ba	1
nꞌta̱cwaa	1
nꞌta̱cita̱	1
nꞌta̱ciga̱hina̱	1
nꞌta̱cagudaaga	1
nꞌta̱bwaciga	1
nꞌta̱bure	1
nꞌta̱bisa̱a̱	1
nꞌta̱be̱e̱	1
nꞌta̱be̱	1
nꞌta̱a̱wuma̱na̱	1
nꞌtatabara	1
nꞌtashana	1
nꞌtasha	1
nꞌtaruba̱	1
nꞌtaribici	1
nꞌtapa	1
nꞌtanje̱	1
nꞌtandaya	1
nꞌtamashiici	1
nꞌtamanrinyaan	1
nꞌtahurici	1
nꞌtagiici	1
nꞌtade̱be̱ce̱	1
nꞌtabáni	1
nꞌtabwe̱	1
nꞌtabwa	1
nꞌtaabisa̱	1
nꞌsuwya̱rugooba	1
nꞌsuro̱be̱	1
nꞌsunu	1
nꞌsunsuun	1
nꞌsuna	1
nꞌsukuri	1
nꞌsudo̱n	1
nꞌsháapi	1
nꞌshici	1
nꞌsha̱pi	1
nꞌsha̱a̱gi	1
nꞌsha̱a̱ga̱	1
nꞌsha̱a̱	1
nꞌshancin	1
nꞌshaana	1
nꞌshaagi	1
nꞌsakaru	1
nꞌruꞌwa̱	1
nꞌruya̱	1
nꞌruba	1
nꞌre̱gire̱gi	1
nꞌre̱gi	1
nꞌra̱a̱ci	1
nꞌrana	1
nꞌra	1
nꞌnu	1
nꞌnjé̱e̱	1
nꞌninhin	1
nꞌngwan	1
nꞌnge̱nshe̱n	1
nꞌndáaki	1
nꞌndaakici	1
nꞌndaakaka	1
nꞌna̱	1
nꞌna	1
nꞌkwane̱	1
nꞌkusa̱a̱n	1
nꞌkunha̱ncin	1
nꞌka̱da̱gi	1
nꞌka̱da̱a̱gi	1
nꞌka̱a̱nsa̱n	1
nꞌkayaan	1
nꞌkasa	1
nꞌkai	1
nꞌkadagi	1
nꞌjábani	1
nꞌjábagani	1
nꞌjamaa	1
nꞌisaagi	1
nꞌhya̱su	1
nꞌhwa̱	1
nꞌhwashe̱	1
nꞌhuro	1
nꞌhura̱a̱ga̱	1
nꞌhunraana	1
nꞌhoogi	1
nꞌhiro̱	1
nꞌhincin	1
nꞌhiin	1
nꞌhiika̱hini	1
nꞌha̱nta̱a̱ni	1
nꞌha̱a̱sa̱ni	1
nꞌhantun	1
nꞌhange̱ce̱	1
nꞌhambe̱	1
nꞌhakata	1
nꞌgáni	1
nꞌgwatani	1
nꞌgwataagani	1
nꞌguwa	1
nꞌgunii	1
nꞌgii	1
nꞌgida̱ga̱ga̱na̱	1
nꞌga̱n	1
nꞌga̱mii	1
nꞌga̱ga̱a̱ga̱ni	1
nꞌga̱a̱gi	1
nꞌga̱a̱ci	1
nꞌgama	1
nꞌgagi	1
nꞌgagani	1
nꞌgagana	1
nꞌgaagi	1
nꞌfo̱nfo̱n	1
nꞌe̱nshe̱n	1
nꞌde̱be̱	1
nꞌda̱da̱bi	1
nꞌda̱ba	1
nꞌcita̱a̱ga̱	1
nꞌcipani	1
nꞌciga̱gi	1
nꞌcaanhini	1
nꞌa̱sa̱ga̱a̱gi	1
nꞌazurufa	1
nꞌayoo	1
nꞌame̱	1
nꞌala̱kama	1
nꞌahwe̱n	1
nꞌabuki	1
nuwyan	1
njuunrin	1
ngunta̱in	1
ngirinhini	1
nge̱nshe̱nshe̱n	1
net	1
ndági	1
ndo̱pe̱	1
nda̱shi	1
ndayaga	1
ndagici	1
ndaakaku	1
naridi	1
mꞌpyaanwyan	1
mꞌpa̱paaru	1
mꞌpagana	1
mꞌma̱ncin	1
mꞌmaza̱ki	1
mꞌmawundu	1
mꞌmawaani	1
mꞌmapa̱	1
mꞌmanwyanrin	1
mꞌmana	1
mꞌmame̱ma	1
mꞌmaka̱nta̱ni	1
mꞌmagawa	1
mꞌmacimi	1
mꞌmabisa̱a̱	1
mꞌbáni	1
mꞌbwe̱	1
mꞌbwa̱ta̱ni	1
mꞌbwa̱ci	1
mꞌbwaa	1
mꞌbuugwama	1
mꞌbubwaare̱	1
mꞌbini	1
mꞌbina̱	1
mꞌbiikorogo	1
mꞌbiha̱na̱	1
mꞌba̱sa̱ni	1
mꞌba̱ni	1
mꞌba̱ha̱ni	1
mꞌbanu	1
mꞌbaaci	1
máce̱e̱	1
máanwyani	1
muunwya̱n	1
mutaanyin	1
mutaanwyan	1
munsani	1
mgbai	1
me̱ma	1
mbooni	1
maꞌá̱sa̱ga̱ni	1
maꞌye̱e̱	1
maꞌwa̱	1
maꞌwaanyin	1
maꞌuri	1
maꞌupwa	1
maꞌunpin	1
maꞌnꞌhyaan	1
maꞌnꞌhusagana	1
maꞌnꞌgani	1
maꞌnꞌga	1
maꞌmꞌbaa	1
maꞌiyagi	1
maꞌisagwa	1
maꞌisaaga	1
maꞌa̱sa̱ga̱ni	1
maꞌa̱sa̱a̱ga̱ni	1
maꞌa̱rici	1
maꞌa̱ri	1
ma̱a̱nwya̱nu	1
mazumaa	1
mazoo	1
mazoga̱ni	1
mazha̱a̱nta̱ni	1
mazha̱a̱	1
mayibakuci	1
maya̱wa̱hini	1
mayanshin	1
mawuci	1
mawa̱ta̱ku	1
matutumaanwyan	1
matutumaa	1
mata̱ncin	1
mata̱ha̱na̱a̱	1
mata̱bisa̱a̱	1
mata̱a̱go	1
matashici	1
mataashi	1
mataagi	1
mataagana	1
mashá̱a̱gi	1
mashikitani	1
masha̱a̱gi	1
mashaapa	1
mashaani	1
masa̱ci	1
masakarukwa	1
maruma̱a̱	1
marodo	1
mariini	1
maribici	1
mare̱	1
mareenu	1
mapira̱	1
mapa̱ncin	1
mapa̱ci	1
mapa̱a̱gi	1
mapaga	1
mantana	1
manda̱i	1
mandaya	1
mandaaki	1
mandaakaki	1
mandaakaka	1
man	1
mamo̱nshe̱n	1
mame̱mincin	1
mambida̱	1
mama	1
makuda̱gahini	1
makota̱ni	1
makoshi	1
makoota̱ga̱	1
makooka̱a̱	1
maka̱nta̱ni	1
maka̱da̱gi	1
maka̱bi	1
makata	1
makaranta	1
majabaga	1
majabaaga	1
mahya̱	1
mahyan	1
mahwée	1
mahuwo	1
mahuwa̱	1
mahuri	1
mahunre̱n	1
mahumuncin	1
mahoosa̱	1
mahiriga	1
mahiika̱	1
maha̱ngaaga	1
maha̱nga	1
maha̱mba̱gi	1
maha̱mba̱ga̱	1
maha̱mba̱a̱ga̱na̱	1
mahamba	1
magwatani	1
magunii	1
maginii	1
magbaantaan	1
magawa	1
magata	1
mafaara	1
maduwa̱ni	1
mada̱a̱ba	1
macipani	1
macina̱na̱	1
mabwaciga	1
maburagi	1
mabisa̱a̱ga̱	1
maba̱ha̱na̱	1
mabanana	1
maantaan	1
maanshin	1
m	1
lubana	1
lowered	1
lost	1
looya	1
likita	1
leper	1
kúshihinani	1
kúne̱e̱	1
kúnai	1
káshi	1
kwashe̱e̱kwa	1
kwade̱ge̱ce̱	1
kuꞌupwa	1
kuꞌnꞌzhe̱nke̱n	1
kuꞌnꞌyaan	1
kuꞌnꞌundu	1
kuꞌnꞌsoso	1
kuꞌnꞌniinhin	1
kuꞌnꞌnama	1
kuꞌnꞌkorogo	1
kuꞌnꞌhwaanwun	1
kuꞌnꞌgwama	1
kuꞌnꞌgata	1
kuꞌnꞌce̱nye̱n	1
kuꞌmꞌpirwa	1
kuꞌmꞌbiin	1
kuꞌmꞌbanibani	1
kuꞌinza̱n	1
kuꞌibwa	1
kuꞌaya̱na̱ba	1
kuꞌatumashini	1
kuꞌatakaada	1
kuꞌashe̱re̱	1
kuꞌara	1
kuꞌahari	1
kuꞌadaada	1
kuzhaaro	1
kuyishe	1
kuwyanzun	1
kuwana	1
kuwaanwan	1
kuuꞌwi	1
kuuza̱ta̱ni	1
kuuyan	1
kuuwuta̱ni	1
kuuwuce	1
kuushika	1
kuunda̱i	1
kuuhwaanyan	1
kuuhuri	1
kuuhiin	1
kuugumahinai	1
kuuga̱a̱ci	1
kuugai	1
kuude̱be̱	1
kuta̱ꞌyapa	1
kuta̱ꞌwa̱ri	1
kuta̱ꞌa̱sa̱ga̱na̱	1
kuta̱wya̱ri	1
kuta̱ta̱na̱	1
kuta̱tanguncin	1
kuta̱taana	1
kuta̱sumu	1
kuta̱shiri	1
kuta̱shinran	1
kuta̱shika	1
kuta̱nnje̱	1
kuta̱nhwii	1
kuta̱nda̱i	1
kuta̱ndaga	1
kuta̱ndaaki	1
kuta̱mba̱ra̱	1
kuta̱mawyasa	1
kuta̱mawuna̱na̱	1
kuta̱mawuna̱a̱na̱	1
kuta̱kíciike̱	1
kuta̱kuna̱	1
kuta̱kaka	1
kuta̱kadaga	1
kuta̱kaba	1
kuta̱ha̱nsha̱nha̱na̱	1
kuta̱ha̱ngaga	1
kuta̱ha̱nga	1
kuta̱gura̱a̱	1
kuta̱cwaaga	1
kuta̱cipana	1
kuta̱cici	1
kusuꞌuya̱	1
kusunrun	1
kusuma̱a̱	1
kushurugo	1
kushiikaka	1
kushii	1
kushihinaana	1
kusa̱pi	1
kusagi	1
kuruꞌwana	1
kuruya̱n	1
kurumunro̱n	1
kuro̱be̱	1
kurigiya	1
kura̱na̱	1
kupyanda	1
kupina	1
kunꞌa̱nta̱ni	1
kuntapira̱	1
kunswa̱	1
kunshi	1
kunsha̱pa̱cigi	1
kunsa̱n	1
kunra̱a̱	1
kunne̱e̱	1
kunkúshiike̱	1
kunkúshe̱	1
kunje̱ce̱	1
kunje̱	1
kunja̱a̱ci	1
kunjaa	1
kunhuri	1
kunhoo	1
kunhange̱	1
kungura̱a̱	1
kune̱e̱	1
kunde̱be̱	1
kuna̱a̱	1
kunaawyan	1
kunaanyin	1
kumi	1
kumba̱ga̱ni	1
kumba	1
kumaꞌwe̱n	1
kumayaan	1
kumanda̱a̱tu	1
kumajaa	1
kumahaan	1
kumaba	1
kuka̱nrin	1
kuka̱	1
kukasuwa	1
kuhwashe̱	1
kuhwarapi	1
kuhuri	1
kuhooso	1
kuhina	1
kuharu	1
kuhamba	1
kuga̱tuu	1
kuga̱mii	1
kugama	1
kugagu	1
kufuna̱	1
kuda̱gahincin	1
kucibiri	1
kubuushiragici	1
kubunwan	1
kubuki	1
kuba̱ga̱	1
kubanshaun	1
kubambanu	1
kubaba̱tiisa̱ma	1
kpukpukpu	1
knot	1
kishi	1
kinda̱gi	1
kikiki	1
kika̱ra̱bi	1
kikaasu	1
kiiwuci	1
kiiwuce	1
kiiwo	1
kiitanaa	1
kiisakaru	1
kiipa̱nii	1
kiipa̱ncin	1
kiinda̱i	1
kiina	1
kiiko̱ro̱	1
kiikoo	1
kiikeeke	1
kiihuri	1
kiihe̱re̱ge̱ce̱	1
kiiha̱mba̱ga̱ni	1
kiigura̱a̱	1
kiha̱nsha̱nha̱ni	1
kiciika	1
kicihinani	1
kicihinana	1
kiba	1
ke̱e̱n	1
keeke	1
kaꞌíye̱	1
kaꞌya̱pi	1
kaꞌya̱pa̱gi	1
kaꞌwana	1
ka̱ta̱ncin	1
ka̱sa̱gi	1
kaꞌnꞌgani	1
kaꞌmꞌpa̱	1
kaꞌmꞌbaa	1
ka̱mbiga̱gi	1
ka̱jii	1
ka̱da̱ka̱	1
kaꞌa̱yo	1
ka̱a̱cihini	1
kazumaancin	1
kaya̱nu	1
kaya̱na̱	1
kata̱zhiga̱ni	1
kata̱nꞌnꞌgani	1
katane̱e̱	1
katande̱	1
katanaa	1
katakata	1
kashoo	1
kasaga	1
karibi	1
kara̱rabi	1
karaaga	1
kapaga	1
kangwo	1
kange̱nshe̱n	1
kandaaba	1
kana̱nna	1
kanaa	1
kambishiri	1
kamaha̱mba̱ra̱gi	1
kakunai	1
kakici	1
kaka̱	1
kakasuwa	1
kajaa	1
kahwarapi	1
kahiin	1
kagwamina	1
kaguna̱ni	1
kacita̱gi	1
kabe̱re̱	1
kaaꞌya̱pa̱gi	1
kaasa	1
kaakota̱ni	1
kaabíshe	1
jwara̱gana	1
jwara̱gagi	1
jwabana	1
jpg	1
jooshiipa	1
jinyan	1
jikici	1
ja̱ba̱ni	1
ja̱ba̱gici	1
ja̱ba̱gi	1
jabana	1
jabaaga	1
iꞌá̱sa̱a̱ga̱ni	1
iꞌyo̱n	1
iꞌye̱e̱	1
iꞌwa̱gi	1
iꞌura̱ku	1
iꞌupwa	1
iꞌnꞌndaaki	1
iꞌnꞌjwara̱ga	1
iꞌmꞌbishi	1
iꞌa̱sa̱a̱ga̱ni	1
iꞌa̱cii	1
izuragi	1
izumaani	1
iya̱nu	1
iya̱	1
iyanshin	1
iyana	1
iyaaga	1
iwuci	1
ita̱zhiga̱ni	1
itaꞌnꞌkádaagi	1
ita̱ngii	1
ita̱a̱ni	1
itazaagwa	1
itanda	1
itanaa	1
itajaa	1
itaciga̱	1
iswa̱	1
ishiraga	1
ishiraaga	1
ishe̱nre̱n	1
isha̱pi	1
isha̱a̱gi	1
ishami	1
isaagi	1
is	1
irígijige	1
iro̱pe̱ce̱	1
iro̱pe̱	1
ira̱ni	1
ira̱ncin	1
ira̱ga̱	1
iratu	1
ipici	1
ipa̱nta̱a̱nyin	1
ipa̱ncin	1
ipa̱ga̱ni	1
inꞌjwárige̱	1
inimi	1
indaakaki	1
indaa	1
incense	1
ina̱maa	1
imáni	1
imunsani	1
imba̱	1
imaꞌunpin	1
imaꞌa̱sa̱a̱ga̱ni	1
imasáanwyain	1
imasha̱a̱gi	1
imape̱e̱n	1
imapa̱ci	1
imandaaki	1
imajwara̱ga	1
imagá̱gaagi	1
imaga̱ga̱a̱gi	1
imade̱e̱be̱	1
imaciinha̱ni	1
imaba̱ha̱ni	1
ikúshiike̱	1
ikíciike̱	1
ikunai	1
ikuda̱gahinai	1
ike̱ne̱	1
ika̱ba̱gi	1
ijwarigici	1
ijwarigi	1
ija̱a̱cii	1
ija	1
iiꞌíyaagi	1
iitázhigaagi	1
iita̱ma̱nriin	1
iirupani	1
iiribi	1
iipa̱ni	1
iindagi	1
iika̱shi	1
iika̱ji	1
iibisa̱gi	1
iibisa̱a̱	1
ihuunha̱ni	1
ihunraana	1
ihumuni	1
ihoosa̱ga̱gi	1
ihiika̱hini	1
ihe̱e̱n	1
iha̱nka̱ni	1
iha̱mba̱gi	1
iha̱mba	1
igwatani	1
igwataga	1
iguzha̱ni	1
igura̱a̱cii	1
igida̱ga̱ni	1
iga̱gashi	1
iga̱ci	1
ifo̱nje̱	1
ide̱be̱ce̱	1
ida̱ba̱a̱ga̱ni	1
icina̱ni	1
iciga̱hini	1
icaanhini	1
ibáni	1
ibwa̱ta̱ni	1
ibini	1
ibikico̱	1
iba̱nriin	1
iba̱ni	1
iba̱ha̱na̱i	1
iba̱a̱	1
hyamu	1
hwée	1
hwapaga	1
hwaataga	1
hwaane̱	1
hwaaci	1
huzo	1
huzhici	1
huwa̱na̱	1
huwa̱gici	1
huunruun	1
huunhuna̱i	1
huuna	1
husagana	1
hurupa̱ga̱	1
hurogo	1
huro	1
hunro̱no̱	1
hunkuntani	1
hungwa	1
hunda	1
hukuruko	1
hooshi	1
his	1
hinkinran	1
hiikooko	1
hiiko	1
hiika̱hincin	1
hibwaaga	1
ha̱sa̱a̱ci	1
ha̱nza̱ma̱na̱	1
ha̱nnu	1
ha̱nka̱ni	1
ha̱nka̱a̱n	1
ha̱ngaaga	1
ha̱nda̱a̱gi	1
ha̱mba̱a̱ga̱na̱	1
ha̱mba̱a̱ga̱	1
ha̱mbaragi	1
ha̱mbani	1
ha̱mbaaga	1
hanshihinaa	1
hanpin	1
handaaga	1
hakacici	1
haashiga	1
gíye	1
gída̱ga̱gi	1
gá̱gaagani	1
gyaga	1
gyaaru	1
gwatagani	1
gwasagi	1
gura̱nha̱ncin	1
guni	1
guna̱na̱	1
guna̱a̱ncin	1
guna̱a̱na̱	1
gumaaka	1
gugu	1
gudusu	1
go̱no̱o̱	1
giici	1
gidigoogo	1
gba̱nga̱m	1
gba̱n	1
gbaantaan	1
ga̱wa̱	1
ga̱ga̱bu	1
ga̱ga̱a̱gi	1
ga̱gau	1
ga̱a̱ni	1
ga̱a̱ga̱nu	1
garuwa	1
gaaga	1
fwara̱ga	1
fundaga	1
fundaci	1
fuka	1
fucukwa	1
fuba	1
front	1
forehead	1
foga̱hina̱	1
fish	1
feet	1
e̱she̱she̱	1
dúubagi	1
dá̱bagi	1
duwa̱nii	1
duwa̱na̱a̱	1
duun	1
dugaga	1
da̱da̱bi	1
da̱ba̱a̱ga̱ni	1
da̱baga	1
da̱a̱baga	1
daanrun	1
daan	1
cwe̱e̱n	1
cwaanriin	1
cuunrunkwan	1
curtain	1
crucified	1
cross	1
cori	1
cita̱ni	1
cita̱ga̱ni	1
cita̱a̱ga̱ga̱	1
cira̱	1
cipanaa	1
cinta̱ni	1
cini	1
cima̱ncincin	1
cima̱ncin	1
cima̱nciin	1
ciinwun	1
ciincin	1
cigo	1
ciba̱gi	1
children	1
ce̱e̱	1
ca̱ma̱nta̱n	1
ca̱ma̱cin	1
ca̱guda̱ni	1
ca̱guda̱ga̱ni	1
ca̱a̱nha̱ni	1
báncinye̱n	1
báhinai	1
byabu	1
bwátani	1
bwácigagi	1
bwa̱ta̱ni	1
bwa̱cigi	1
bwatana	1
bwasu	1
bwagi	1
bwaciga	1
bwaagi	1
buꞌíye̱	1
buꞌíyaagi	1
buꞌya̱pici	1
buꞌubi	1
buꞌnꞌye̱e̱	1
buꞌnꞌta̱a̱ni	1
buꞌnꞌshiragi	1
buꞌnꞌndáaki	1
buꞌnꞌnda̱i	1
buꞌnꞌkáji	1
buꞌnꞌka̱shi	1
buꞌnꞌjwarigi	1
buꞌnꞌduwa̱ni	1
buꞌnꞌa̱sa̱ga̱ni	1
buꞌnꞌa̱nta̱ni	1
buꞌmꞌpa̱ni	1
buꞌmꞌma̱a̱	1
buꞌmꞌbisa̱gi	1
buꞌe̱nshe̱n	1
buꞌa̱sa̱ga̱a̱gi	1
buꞌa̱rici	1
buꞌa̱ri	1
buꞌa̱nta̱ni	1
buꞌa̱a̱	1
buyáacige̱	1
buyibaku	1
buya̱na̱a̱	1
buya̱ba̱ni	1
buya̱ba̱ncin	1
buya̱a̱cigi	1
buwuta̱ni	1
buwungumani	1
buwuna̱a̱ni	1
buwuma̱ni	1
buwa̱jiga̱a̱	1
buwaanhinai	1
buwa	1
buushiragi	1
buushii	1
buusha̱bi	1
buushaani	1
buuribici	1
buuribi	1
buura̱a̱ga̱gi	1
buupira̱a̱ga̱gi	1
buupa̱ni	1
buupa̱ncin	1
buundai	1
buukushihinani	1
buuhwashe̱	1
buuhuri	1
buuha̱mba̱gi	1
buugyama	1
buugwama	1
buubishi	1
butá̱ni	1
butaꞌuuta̱ncin	1
butaꞌura̱ku	1
butaꞌnꞌnꞌgani	1
buta̱ndani	1
buta̱jwárige̱	1
butaꞌe̱she̱	1
buta̱a̱gi	1
buta̱a̱	1
butataga	1
butata	1
butashici	1
butasha	1
butasa̱a̱nhina̱	1
butaruba̱	1
butaraa	1
butaposhishi	1
butakáji	1
butajaa	1
butahyan	1
butagida̱ga̱	1
butaciga̱hina̱	1
butaandaaki	1
bushɑ́pi	1
bushooba	1
bushika	1
bushiiba	1
busha̱pa̱gi	1
busha̱bi	1
busha̱a̱gi	1
buráagi	1
burupani	1
buro̱pe̱	1
burinda	1
bure̱e̱hini	1
bupé̱e̱	1
bupunsun	1
bupa̱shi	1
bundaabwa	1
bumánai	1
bumo̱nshe̱n	1
bumaꞌunpin	1
buma̱	1
bumazha̱a̱	1
bumawaani	1
bumaga̱ga̱a̱gi	1
bumaba̱ha̱ni	1
bukúshe̱e̱	1
bukádaagi	1
bukwane̱	1
bukuta̱ga̱	1
bukunha̱ni	1
bukota̱ga̱ni	1
buke̱ne̱	1
buke̱ce̱he̱ne̱	1
buka̱ji	1
buka̱a̱shii	1
buka	1
bujwarigici	1
buja̱maa	1
buja̱a̱cii	1
bujamaa	1
buhwaamaa	1
buhuwa̱gi	1
buhunrani	1
buhunrana	1
buhooshi	1
buhoosa̱ga̱gi	1
buhincin	1
buhiin	1
buhiika̱hini	1
buha̱riki	1
buha̱nsha̱nha̱ni	1
buha̱mba̱ga̱	1
buha̱mba	1
bugwataagani	1
bugura̱	1
buguni	1
buguna̱a̱nyin	1
bugubi	1
bugoki	1
bugii	1
buga̱a̱ci	1
bufogi	1
buda̱ba̱ni	1
buciga̱hini	1
buca̱guda̱ni	1
bucaanhini	1
bubisa̱gi	1
bubini	1
buba̱shi	1
broken	1
blessed	1
biꞌundu	1
bizhiga̱ni	1
bizaga	1
bizaa	1
biyoyo	1
biyana	1
bitumunsun	1
bita̱mbiha̱ni	1
bitasha	1
bitangazana	1
bitahyan	1
bitacíin	1
biswa̱ri	1
bisoso	1
bishii	1
bishaani	1
bire̱e̱hini	1
bire̱ce̱	1
birara	1
biraga	1
bira	1
bipé̱e̱	1
bipa̱paaru	1
binini	1
bindakwa	1
bindagi	1
bindaaki	1
bima̱ncin	1
bimata̱a̱gi	1
bimakaki	1
bikúshe̱	1
bikínai	1
bikwane̱	1
bikuta̱ma̱	1
bikunaanyin	1
bikoo	1
bika̱shi	1
bikamance̱n	1
bikaasu	1
bijogoo	1
biikaasu	1
bihyo̱nhyo̱n	1
bihwe̱n	1
bihwa̱	1
bihura̱gi	1
bihunrani	1
bihiin	1
bihe̱re̱ge̱	1
biguna̱a̱nyin	1
bigunaa	1
bifogi	1
bidiiko	1
bide̱be̱ce̱	1
bida̱dabu	1
bicigi	1
biciga̱hini	1
bicibiri	1
bica̱guda̱a̱ga̱gi	1
bibáni	1
bibika̱ka̱	1
bibiha̱ni	1
be̱re̱ce̱	1
be̱kuce̱	1
ba̱sa̱ga̱ni	1
ba̱ncin	1
ba̱na̱a̱ni	1
ba̱ha̱na̱i	1
ba̱ha̱nai	1
baragana	1
baraga	1
banaa	1
baan	1
aꞌíye̱	1
aꞌyo̱n	1
aꞌya̱a̱pi	1
aꞌwa̱gi	1
aꞌuugo	1
aꞌura̱ku	1
aꞌunshin	1
aꞌundu	1
aꞌubi	1
a̱sa̱ga̱a̱gi	1
a̱sa̱a̱ga̱ga̱	1
a̱ra̱ga̱ncin	1
aꞌnꞌta̱zhiga̱ni	1
aꞌnꞌribi	1
aꞌnꞌnꞌgani	1
aꞌnꞌkádaagi	1
aꞌnꞌka̱da̱gi	1
aꞌnꞌjwara̱ga	1
aꞌnꞌga̱a̱	1
aꞌnꞌde̱be̱ce̱	1
a̱npin	1
aꞌmꞌma̱ncin	1
aꞌisaa	1
aꞌira	1
aꞌipitani	1
aꞌeeboo	1
aꞌa̱ta̱ni	1
aꞌa̱sa̱a̱ga̱ni	1
aꞌa̱rici	1
aꞌa̱cii	1
aꞌawa	1
aꞌala̱masiihu	1
aꞌala̱kama	1
aꞌaaya	1
azumaa	1
azooga̱ni	1
azhaaro	1
ayima̱a̱	1
aya̱na̱wan	1
aya̱n	1
aya̱	1
ayanshincin	1
ayaadi	1
awyanza̱in	1
awuta̱ni	1
awuna̱a̱nyin	1
awuna̱a̱ni	1
awuci	1
awa̱	1
atázhigani	1
atupa̱ga̱ni	1
atunu	1
atundushi	1
atibici	1
atibi	1
ata̱pa̱	1
ataꞌnꞌkota̱na̱	1
ata̱ba̱ha̱ni	1
ata̱a̱	1
atayancin	1
atata̱da̱ba̱gi	1
atanii	1
atandaya	1
atagoka̱	1
atabisa̱gi	1
aswa̱gici	1
aswa̱gi	1
ashukwa	1
ashiraagi	1
ashinraanyin	1
ashiiri	1
ashibo	1
asha̱pici	1
asha̱pa̱gi	1
ashani	1
ashanai	1
asa̱mba̱ri	1
arágani	1
aráagi	1
arwaru	1
arunrun	1
arunruma	1
arota̱a̱	1
armour	1
arima̱nta̱n	1
ariinha̱ni	1
arigijigi	1
arigi	1
are̱gi	1
are̱ce̱	1
aragana	1
apunsun	1
apa̱ncin	1
ange̱n	1
ando̱pe̱	1
ana̱a̱na̱	1
anaawan	1
amuunyin	1
amo̱nshe̱n	1
ama̱ncin	1
ama̱nciin	1
ama̱a̱nwya̱ni	1
amawaani	1
amasoo	1
amaribi	1
amapa̱	1
amakaki	1
amahooshi	1
amagá̱gaagi	1
amaga̱ga̱a̱gi	1
amade̱e̱be̱	1
amaba̱ha̱ni	1
allo	1
ala̱kama	1
akúshiike̱	1
akúshihine̱	1
akuda̱gahini	1
akoko	1
aka̱shi	1
aka̱ngu	1
akasuwa	1
akaataako	1
ajwárige̱	1
ajwa̱ba̱ni	1
ajikita̱ni	1
ajikici	1
ahurupa̱ni	1
ahurukutu	1
ahurici	1
ahunrun	1
ahunrana	1
ahooshi	1
aha̱nta̱a̱ni	1
aha̱mba̱gici	1
aha̱mba	1
ahantun	1
ahamba	1
agáa	1
agwatagani	1
agwashe̱	1
agwara	1
agwamina	1
agunii	1
agoki	1
agiya̱gi	1
afuni	1
afogi	1
adura̱	1
adiin	1
adibi	1
ade̱be̱ce̱	1
ada̱daba	1
ada̱a̱doo	1
ada	1
acíin	1
acita̱ni	1
aciga̱hincin	1
aca̱guda̱ni	1
acaanhini	1
abísa̱gi	1
abáhine̱	1
abwe̱	1
abotubotu	1
abe̱ce̱	1
aba̱ha̱ni	1
aazúmaani	1
aazwa̱ga̱ni	1
aazuragi	1
aaya̱ba̱ni	1
aaya̱a̱cigi	1
aashaani	1
aariini	1
aapa̱ncin	1
aapa̱	1
aanje̱	1
aando̱pe̱	1
aanda̱i	1
aama̱nta̱ni	1
aama̱a̱nwya̱a̱ni	1
aakuda̱gahini	1
aaka̱ncinha̱nini	1
aahusani	1
aahiika̱hini	1
aaha̱mba̱ga̱ncin	1
aahambe̱	1
aagumahini	1
aagooji	1
aaga̱a̱	1
aada̱ba̱gi	1
aacita̱ga̱ni	1
aaciga̱hinini	1
aabiha̱ni	1
Zuzu	1
Zumaa	1
Ziinasu	1
Zhimba	1
Zha̱a̱	1
Zera	1
Zarefa	1
Zakariya	1
Yudiya	1
Yubulusu	1
Yeesuushi	1
YeesuUna̱nna	1
Yaari	1
Yaak	1
Yaaciga	1
YEESU	1
YANCIN	1
XTa̱ta̱	1
XTa̱nya̱ba̱ni	1
XTa̱nja̱a̱	1
XTa̱kwane̱	1
XTa̱ka̱a̱ci	1
XNꞌwuna̱a̱nyin	1
XIshi	1
XIibisa̱a̱	1
XGa̱hin	1
XBwa	1
XBuꞌnꞌgani	1
XBuyaan	1
XBita	1
Wyaan	1
Wuta̱	1
Wuco	1
Waabe̱	1
Waaba	1
WANA	1
Uꞌina	1
Uꞌala̱masiihu	1
Uwun	1
Uuciga̱hini	1
Uta̱mpa̱ni	1
Uta̱mbiha̱ni	1
Uta̱gi	1
Utata̱yaaciga	1
Utata̱mbiha̱na̱	1
Utata̱hiika̱hina̱	1
Utasha	1
Utanaa	1
Utakaka	1
Uta	1
Usooja	1
Ushici	1
Usaan	1
Uriya	1
Ure̱ntun	1
Ure̱	1
Ura	1
Upyara	1
Unu	1
Unje̱ce̱	1
Una̱maa	1
Ukwashe̱	1
Ukuswa	1
Ukirisita	1
Ujabagu	1
Uhyuhyu	1
Uhwashe̱	1
Uhurici	1
Uhantun	1
Ugwamina	1
Uguguji	1
Ugagu	1
Ufuna̱	1
Uda̱bi	1
Ucima	1
Uce̱pe̱	1
Uburoodi	1
Ubisa̱a̱	1
UHWE̱N	1
Tuudasa	1
To̱n	1
Tolemayisi	1
Titiyusu	1
Tiranusu	1
Timawusu	1
Tiimo	1
Temple	1
Ta̱ꞌyapa	1
Ta̱ꞌungwa	1
Ta̱ꞌnꞌgana	1
Ta̱ꞌinsan	1
Ta̱zhintani	1
Ta̱ya̱	1
Ta̱yancin	1
Ta̱yan	1
Ta̱yaba	1
Ta̱wuna̱na̱	1
Ta̱wuce	1
Ta̱tuba̱	1
Ta̱tawuci	1
Ta̱tashiici	1
Ta̱tannda̱ci	1
Ta̱taa	1
Ta̱shiraga	1
Ta̱shii	1
Ta̱shi	1
Ta̱sha̱a̱	1
Ta̱sabu	1
Ta̱rupa	1
Ta̱pa̱ni	1
Ta̱pa̱gi	1
Ta̱nnje̱	1
Ta̱nnda̱i	1
Ta̱njé̱e̱	1
Ta̱ndái	1
Ta̱na̱nna	1
Ta̱naawan	1
Ta̱mꞌmꞌbaa	1
Ta̱mata̱ma̱nriin	1
Ta̱maka̱nta̱na̱	1
Ta̱mahoosa̱	1
Ta̱maga̱gaaga	1
Ta̱ma	1
Ta̱kota̱ni	1
Ta̱kaba	1
Ta̱huza̱a̱ga̱	1
Ta̱huwa̱	1
Ta̱huuna	1
Ta̱hoo	1
Ta̱gyama	1
Ta̱gwataga	1
Ta̱guna̱ni	1
Ta̱gumunu	1
Ta̱gooda̱	1
Ta̱gaa	1
Ta̱bita̱riga	1
Ta̱bisa̱ga̱	1
Ta̱bisa̱a̱	1
Ta̱be̱	1
Ta̱baa	1
Tayatira	1
Tashani	1
Tarakoonita	1
Tara	1
Tapiree	1
Tamaru	1
Tamanrinyan	1
Taliita	1
Tait	1
Tabaariya	1
Taatu	1
Taana	1
TIT	1
TAA	1
Swa	1
Suꞌuya̱	1
Suuzaana	1
Suga̱hin	1
Sugaa	1
Sufata	1
Sudubo	1
Sosutanusu	1
Sira̱tusu	1
Sirakusu	1
Sintiki	1
Shápi	1
Shiri	1
Ship	1
Shiimaa	1
Shiiba	1
Shenje	1
Shana	1
Shami	1
Shaaronu	1
Sa̱ra̱ri	1
Sa̱mba̱ri	1
Sarijiyusu	1
Samutarikiya	1
Samoso	1
Saluwa	1
Salukiya	1
Sala̱moni	1
Salamisi	1
Sakundusu	1
SHI	1
Ruta	1
Rufusu	1
Rota̱	1
Rooda	1
Rodusu	1
Rigiyumu	1
Rifan	1
Rahiila	1
Raama	1
Pyara	1
Pudenusu	1
Pitila	1
Piritooriyumu	1
Pirisiti	1
Pira̱	1
Patara	1
Pasa	1
Panaa	1
Paakii	1
Paaki	1
PHP	1
PHM	1
O̱̱to̱	1
Nꞌya̱nu	1
Nꞌya̱a̱cigi	1
Nꞌya̱	1
Nꞌyancin	1
Nꞌta̱ndaya	1
Nꞌta̱ha̱nka̱na̱	1
Nꞌtapasa	1
Nꞌtane̱e̱	1
Nꞌtahoo	1
Nꞌtaatu	1
Nꞌshiragi	1
Nꞌrupani	1
Nꞌra̱a̱	1
Nꞌndaakici	1
Nꞌhwii	1
Nꞌgwatagana	1
Nꞌguzha̱ni	1
Nꞌgura̱a̱cii	1
Nꞌgura̱a̱	1
Nꞌguma	1
Nꞌgudu	1
Nꞌgii	1
Nꞌga̱tun	1
Nꞌgana	1
Nꞌgaagi	1
Nꞌduwa̱nii	1
Nꞌce̱nye̱n	1
Nꞌa̱ri	1
Nꞌa̱nta̱ni	1
Njeke	1
Niyapolisu	1
Nimfa	1
Nikola	1
Nikapolisu	1
Nikano	1
Ndaya	1
Na̱nshin	1
Nayin	1
Nama	1
Naazuma	1
Naaman	1
NAA	1
NA	1
Mꞌpe̱nshe̱n	1
Mꞌpe̱e̱nyin	1
Mꞌmanda̱ya̱a̱gi	1
Mꞌmaka̱nta̱ni	1
Mꞌmabisa̱a̱	1
Moleki	1
Mitilini	1
Mira	1
Midiyana	1
Meditereeniya	1
Mataatu	1
Mashikitaa	1
Masha̱a̱gi	1
Mariga̱	1
Mar	1
Manii	1
Manason	1
Manaaye	1
Mamboo	1
Makaka	1
Mahusani	1
Mahiin	1
Maha̱ga̱ni	1
Maga̱ga̱a̱gi	1
Magadan	1
Maat	1
Maako	1
MRK	1
MAT	1
Lushiyusu	1
LukaNa̱	1
Luk	1
Loyisi	1
Lisaaniya	1
Likooniya	1
Likiya	1
Libiya	1
Lainusu	1
Kuꞌnꞌhwe̱n	1
Kuꞌnꞌgira̱nshin	1
Kuꞌizha̱a̱	1
Kuꞌaya̱na̱ba	1
Kuꞌara	1
Kuuwya̱nzhin	1
Kuutanje̱	1
Kuushi	1
Kuunii	1
Kuunaa	1
Kuujaa	1
Kuuhange̱	1
Kuugiye	1
Kuta̱ꞌwa̱	1
Kuta̱ꞌwaba	1
Kuta̱wuci	1
Kuta̱pana	1
Kuta̱nꞌwi	1
Kuta̱nshici	1
Kuta̱nre̱	1
Kuta̱nga̱a̱	1
Kuta̱mꞌmꞌbaa	1
Kuta̱masoo	1
Kuta̱maanwyana	1
Kuta̱gwaan	1
Kutakaada	1
Kushurugo	1
Kushii	1
Kushihina	1
Kupyara	1
Kunwuci	1
Kunshi	1
Kunna	1
Kunje̱	1
Kunhin	1
Kuna̱	1
Kumazama	1
Kumashi	1
Kumana̱nna	1
Kuharuwa	1
Kugita	1
Kuga̱mi	1
Kuda̱gahinaa	1
Kubuna	1
Kubaa	1
Koosa̱	1
Kiyoso	1
Kishi	1
Kiripusu	1
Kiriniya	1
Kinidusu	1
Kiliyopa	1
Kileme	1
Kiiꞌnꞌsha̱pi	1
Kiiꞌnꞌra̱ni	1
Kiiꞌmꞌbishi	1
Kiiꞌe̱she̱	1
Kiiꞌe̱nshe̱nshe̱n	1
Kiiꞌa̱ri	1
Kiishiici	1
Kiipa̱ncin	1
Kiinje̱ce̱	1
Kiine̱e̱	1
Kiindái	1
Kiikúshiike̱	1
Kiijaa	1
Kiihiin	1
Kiiha̱mba̱ga̱ncin	1
Kiide̱be̱	1
Kiicita̱gi	1
Kiicina̱ni	1
Kiibe̱	1
Kii	1
Kihuri	1
Kicihina	1
Ki	1
Ke̱nye̱n	1
Kaꞌnꞌgani	1
Ka̱mbigi	1
Kayamii	1
Kayami	1
Kauda	1
Katuma	1
Katibici	1
Kasuwa	1
Karupusu	1
Karasaka	1
Kankiriya	1
Kanje̱	1
Kandisi	1
Kalaudiya	1
Kahange̱	1
Kagiya̱gi	1
Kafadookiya	1
Kada	1
Kacita̱a̱ga̱	1
Kaaꞌíye̱	1
Kaashiragi	1
Kaakaki	1
Kaabíshe	1
Jowela	1
Jikita̱na̱	1
Jida̱i	1
Jabagu	1
Iꞌisa	1
Iꞌe̱nshe̱n	1
Izumaancin	1
Ituuriya	1
Itaza	1
Itama̱a̱	1
Itacita̱gici	1
Ishápi	1
Isaac	1
Ipa̱ni	1
Ipa̱ncin	1
Ipata	1
Insan	1
Indaaki	1
Ina̱nna	1
Imata̱ma̱nriin	1
Imagwatani	1
Imaanuwa̱i	1
Ikuda̱gahinai	1
Ika̱ra̱bi	1
Iita̱zhiga̱a̱gi	1
Iita̱	1
Iishii	1
Iisa	1
Iipa̱ni	1
Iiha̱nta̱ni	1
Iiga̱a̱gi	1
Ihuri	1
Iha̱nka̱ni	1
Idumiya	1
Ida̱ba̱a̱ga̱ni	1
Icici	1
Ibwa̱ta̱ni	1
Ibisa̱gi	1
Iba̱a̱	1
Híike	1
Huwo	1
Huwa̱ga̱	1
Huuta̱na̱	1
Hurici	1
Hura̱ga̱	1
Hirafoolisu	1
Hina	1
Hiiko	1
Hiika̱ka̱	1
He̱e̱n	1
Heremesu	1
Ha̱mbara	1
Hawaaꞌu	1
Haru	1
Hantun	1
Hannatu	1
Hamo̱ro̱	1
Hamajenisu	1
Hakii	1
Guzha̱ni	1
Guna̱a̱	1
Gumataana	1
Grapevine	1
Gooda̱	1
Gomora	1
Giya̱	1
Gira̱nshin	1
Gida̱ga̱na̱	1
Ga̱ndu	1
Gama	1
Gaaza	1
GA̱TU	1
Futiyoli	1
Fubuliyusu	1
Fokiyusu	1
Fishing	1
Filitusu	1
Fil	1
Farusu	1
Fanuyila	1
Faijelusu	1
E̱lisha	1
Epikuuriyusu	1
Durusila	1
Dubo	1
Diyonisiyusu	1
Da̱du	1
Da̱da̱da̱	1
Da̱a̱da̱	1
Damarisu	1
Dala̱maatiya	1
Dalamanuta	1
Daaniyan	1
Ciga̱hina̱a̱	1
COL	1
Báni	1
Bwaꞌnꞌka̱ji	1
Bwatana	1
Buꞌisiraaꞌila	1
Buꞌibiraaniya	1
Buya̱na̱a̱	1
Buyancin	1
Buwara̱najisa̱	1
Buupira̱	1
Butumashini	1
Butawanyan	1
Butaruba̱	1
Butanaa	1
Butakada	1
Butahoo	1
Bushiri	1
Bushika	1
Bushi	1
Burooma	1
Burokoorasa	1
Buribi	1
Bumasha̱pici	1
Bumakaki	1
Bukiriiti	1
Buja̱a̱	1
Buhwaanyan	1
Buciin	1
Bread	1
Books	1
Biꞌnꞌka̱ji	1
Biꞌmꞌbaa	1
Biꞌa̱cii	1
Bizhe̱nke̱n	1
Biyina̱	1
Biya̱a̱	1
Biwya̱ra̱mii	1
Bitiniya	1
Bitaꞌuuta̱ncin	1
Bitaꞌaragana	1
Bitaribici	1
Bitahoo	1
Bitabisa̱a̱	1
Bishi	1
Bisa̱gi	1
Bipa̱nii	1
Bina̱nna	1
Bilasa̱ta̱su	1
Biko	1
Bika̱ra̱bi	1
Bikaasu	1
Biin	1
Biihwaanwun	1
Bihin	1
Bihiiki	1
Bigwasu	1
Bigii	1
Bibiha̱nii	1
Bereekiya	1
Ba̱ni	1
Bata̱sheeba	1
Bara̱mina	1
Baratimawusu	1
BUNA̱NNA̱	1
BUGWAMA	1
Aꞌya̱a̱pi	1
Aꞌwana	1
Aꞌuugo	1
Aꞌnꞌha̱nta̱ni	1
Aꞌnꞌgani	1
Aꞌe̱lama	1
Aꞌa̱yo	1
Aꞌatina	1
Aꞌala̱masiihu	1
Aꞌafi	1
Aꞌaaya	1
Azumba̱	1
Azotusu	1
Azinaari	1
Ayuwa	1
Ayuuba	1
Ayamboo	1
Atumashini	1
Ataꞌnꞌyapa	1
Atata̱gira	1
Atataga	1
Atandaya	1
Atamantan	1
Atakuna	1
Atakaada	1
Ataja̱a̱	1
Atagáa	1
Ataciba̱	1
Ataatu	1
Ataaro	1
Ataaliya	1
Asooho	1
Asitookiya	1
Ashoo	1
Ashiragi	1
Ashe̱re̱	1
Asha	1
Aritimasu	1
Aribi	1
Ara̱kilayasu	1
Arasa	1
Apolooniya	1
Apa̱ni	1
Apa̱	1
Apara̱tiya	1
Antipaatirisi	1
Andaaki	1
Ana̱nnda̱ree	1
Anaazare	1
Amfiboolisi	1
Amediya	1
Ama̱ni	1
Altar	1
Ala̱ka̱wa̱ri	1
Alawudikiya	1
Alaaraba	1
Akuri	1
Akoronti	1
Akol	1
Akirisita	1
Akiriiti	1
Aka̱ji	1
Akala̱dama	1
Akaladiya	1
Akaca	1
Ahuunruun	1
Ahooshi	1
Ahambe̱	1
Agura̱a̱	1
Ago̱sita	1
Aga̱ga̱a̱ga̱ni	1
Afiyusu	1
Afiya	1
Afiniki	1
Afil	1
Adiramitiyumu	1
Acita̱a̱ga̱	1
Aburoodi	1
Abraham	1
Abiyatara	1
Abilinii	1
Aapa̱	1
Aaha̱mba̱ga̱ncin	1
Aabuburi	1
AYAAHUDIYA	1
